user_id,journey_length,converted,revenue
U000000,1,0,0.0
U000001,1,0,0.0
U000002,1,0,0.0
U000003,2,0,0.0
U000004,2,0,0.0
U000005,1,0,0.0
U000006,1,0,0.0
U000007,2,0,0.0
U000008,3,0,0.0
U000009,2,0,0.0
U000010,2,0,0.0
U000011,3,0,0.0
U000012,3,0,0.0
U000013,4,0,0.0
U000014,5,0,0.0
U000015,3,0,0.0
U000016,2,0,0.0
U000017,2,0,0.0
U000018,2,0,0.0
U000019,2,1,4544.66
U000020,2,1,1825.12
U000021,2,0,0.0
U000022,2,0,0.0
U000023,1,1,2586.91
U000024,1,0,0.0
U000025,1,1,3864.37
U000026,4,0,0.0
U000027,3,0,0.0
U000028,1,0,0.0
U000029,4,1,2609.12
U000030,2,0,0.0
U000031,2,0,0.0
U000032,4,0,0.0
U000033,5,0,0.0
U000034,2,0,0.0
U000035,1,0,0.0
U000036,2,0,0.0
U000037,3,0,0.0
U000038,1,0,0.0
U000039,3,0,0.0
U000040,1,0,0.0
U000041,2,0,0.0
U000042,3,0,0.0
U000043,2,0,0.0
U000044,2,0,0.0
U000045,5,0,0.0
U000046,2,0,0.0
U000047,3,0,0.0
U000048,2,0,0.0
U000049,2,0,0.0
U000050,2,0,0.0
U000051,1,0,0.0
U000052,3,0,0.0
U000053,3,0,0.0
U000054,5,1,2019.43
U000055,1,0,0.0
U000056,1,0,0.0
U000057,4,0,0.0
U000058,1,1,3675.46
U000059,2,0,0.0
U000060,1,0,0.0
U000061,3,0,0.0
U000062,5,1,3766.65
U000063,1,0,0.0
U000064,4,0,0.0
U000065,4,0,0.0
U000066,1,0,0.0
U000067,1,0,0.0
U000068,1,0,0.0
U000069,5,1,1089.37
U000070,1,0,0.0
U000071,3,0,0.0
U000072,3,0,0.0
U000073,3,0,0.0
U000074,5,0,0.0
U000075,3,0,0.0
U000076,5,1,1829.05
U000077,2,0,0.0
U000078,2,0,0.0
U000079,2,0,0.0
U000080,2,1,6689.32
U000081,5,1,1673.0
U000082,1,0,0.0
U000083,5,0,0.0
U000084,2,0,0.0
U000085,1,0,0.0
U000086,2,0,0.0
U000087,3,1,3867.62
U000088,4,0,0.0
U000089,2,0,0.0
U000090,5,1,2530.66
U000091,2,0,0.0
U000092,1,0,0.0
U000093,3,0,0.0
U000094,1,1,777.39
U000095,2,0,0.0
U000096,2,0,0.0
U000097,3,0,0.0
U000098,2,0,0.0
U000099,5,0,0.0
U000100,2,0,0.0
U000101,1,0,0.0
U000102,1,0,0.0
U000103,2,0,0.0
U000104,2,0,0.0
U000105,1,0,0.0
U000106,2,0,0.0
U000107,4,1,3964.56
U000108,3,0,0.0
U000109,1,0,0.0
U000110,1,0,0.0
U000111,5,0,0.0
U000112,2,0,0.0
U000113,3,0,0.0
U000114,3,0,0.0
U000115,1,0,0.0
U000116,4,0,0.0
U000117,3,0,0.0
U000118,3,1,3057.7
U000119,1,0,0.0
U000120,2,0,0.0
U000121,1,0,0.0
U000122,2,0,0.0
U000123,2,0,0.0
U000124,4,0,0.0
U000125,1,0,0.0
U000126,4,0,0.0
U000127,2,0,0.0
U000128,1,0,0.0
U000129,2,0,0.0
U000130,1,0,0.0
U000131,1,1,1800.16
U000132,5,0,0.0
U000133,4,0,0.0
U000134,1,0,0.0
U000135,2,0,0.0
U000136,1,0,0.0
U000137,2,1,3049.38
U000138,4,0,0.0
U000139,2,0,0.0
U000140,4,1,5036.6
U000141,5,0,0.0
U000142,3,1,4057.28
U000143,4,0,0.0
U000144,2,0,0.0
U000145,1,0,0.0
U000146,1,0,0.0
U000147,2,1,3200.48
U000148,4,0,0.0
U000149,2,0,0.0
U000150,4,1,3452.63
U000151,3,0,0.0
U000152,3,0,0.0
U000153,1,0,0.0
U000154,1,0,0.0
U000155,1,0,0.0
U000156,2,0,0.0
U000157,1,1,2410.67
U000158,2,0,0.0
U000159,1,0,0.0
U000160,1,0,0.0
U000161,3,0,0.0
U000162,4,1,2414.15
U000163,2,0,0.0
U000164,3,1,4315.9
U000165,2,1,1818.46
U000166,2,0,0.0
U000167,2,0,0.0
U000168,3,0,0.0
U000169,1,0,0.0
U000170,3,0,0.0
U000171,1,0,0.0
U000172,3,0,0.0
U000173,2,1,3098.33
U000174,1,0,0.0
U000175,3,0,0.0
U000176,2,0,0.0
U000177,5,0,0.0
U000178,2,0,0.0
U000179,3,0,0.0
U000180,3,0,0.0
U000181,2,0,0.0
U000182,2,0,0.0
U000183,1,0,0.0
U000184,3,1,3901.46
U000185,1,1,2219.66
U000186,2,0,0.0
U000187,2,0,0.0
U000188,3,0,0.0
U000189,1,0,0.0
U000190,4,1,4791.8
U000191,2,0,0.0
U000192,1,0,0.0
U000193,5,1,1915.46
U000194,1,0,0.0
U000195,2,0,0.0
U000196,1,0,0.0
U000197,2,0,0.0
U000198,3,0,0.0
U000199,5,1,2862.65
U000200,4,0,0.0
U000201,5,1,2681.01
U000202,2,0,0.0
U000203,1,0,0.0
U000204,1,0,0.0
U000205,4,0,0.0
U000206,4,0,0.0
U000207,4,1,5596.46
U000208,1,0,0.0
U000209,4,0,0.0
U000210,2,0,0.0
U000211,2,0,0.0
U000212,3,0,0.0
U000213,1,0,0.0
U000214,1,0,0.0
U000215,2,0,0.0
U000216,2,0,0.0
U000217,3,0,0.0
U000218,2,0,0.0
U000219,1,0,0.0
U000220,4,0,0.0
U000221,3,0,0.0
U000222,1,0,0.0
U000223,4,1,6714.26
U000224,2,0,0.0
U000225,2,0,0.0
U000226,2,0,0.0
U000227,2,0,0.0
U000228,5,0,0.0
U000229,3,0,0.0
U000230,3,1,5124.18
U000231,2,0,0.0
U000232,3,1,2959.44
U000233,1,0,0.0
U000234,2,0,0.0
U000235,1,0,0.0
U000236,2,0,0.0
U000237,2,0,0.0
U000238,1,0,0.0
U000239,2,1,2989.27
U000240,2,0,0.0
U000241,5,1,3257.25
U000242,4,0,0.0
U000243,3,0,0.0
U000244,4,0,0.0
U000245,2,0,0.0
U000246,4,0,0.0
U000247,3,1,1311.9
U000248,2,0,0.0
U000249,3,0,0.0
U000250,3,0,0.0
U000251,1,0,0.0
U000252,3,0,0.0
U000253,2,0,0.0
U000254,4,0,0.0
U000255,3,1,4921.29
U000256,1,0,0.0
U000257,4,0,0.0
U000258,2,0,0.0
U000259,3,0,0.0
U000260,2,1,2399.38
U000261,3,1,2542.14
U000262,1,0,0.0
U000263,1,1,3544.47
U000264,2,0,0.0
U000265,4,1,3226.14
U000266,2,1,1776.77
U000267,4,0,0.0
U000268,2,1,1827.26
U000269,2,0,0.0
U000270,2,0,0.0
U000271,1,0,0.0
U000272,2,0,0.0
U000273,2,0,0.0
U000274,3,0,0.0
U000275,1,0,0.0
U000276,4,1,3540.59
U000277,2,0,0.0
U000278,4,1,1869.33
U000279,2,0,0.0
U000280,4,0,0.0
U000281,4,0,0.0
U000282,1,0,0.0
U000283,2,0,0.0
U000284,4,1,2142.55
U000285,3,0,0.0
U000286,1,0,0.0
U000287,4,0,0.0
U000288,1,0,0.0
U000289,4,1,3693.76
U000290,1,0,0.0
U000291,3,1,1641.42
U000292,2,0,0.0
U000293,1,0,0.0
U000294,1,0,0.0
U000295,2,0,0.0
U000296,3,0,0.0
U000297,2,0,0.0
U000298,2,1,5068.02
U000299,2,1,4597.57
U000300,1,0,0.0
U000301,4,1,4039.24
U000302,1,0,0.0
U000303,1,0,0.0
U000304,1,0,0.0
U000305,2,0,0.0
U000306,1,0,0.0
U000307,2,1,1184.61
U000308,1,0,0.0
U000309,5,0,0.0
U000310,3,1,4377.11
U000311,1,0,0.0
U000312,2,0,0.0
U000313,4,1,3237.05
U000314,3,1,3305.76
U000315,2,0,0.0
U000316,4,0,0.0
U000317,3,0,0.0
U000318,1,0,0.0
U000319,5,1,2994.37
U000320,3,0,0.0
U000321,2,0,0.0
U000322,3,0,0.0
U000323,4,0,0.0
U000324,3,0,0.0
U000325,1,0,0.0
U000326,4,0,0.0
U000327,1,0,0.0
U000328,1,0,0.0
U000329,2,0,0.0
U000330,2,0,0.0
U000331,1,0,0.0
U000332,2,0,0.0
U000333,1,0,0.0
U000334,2,0,0.0
U000335,3,0,0.0
U000336,1,0,0.0
U000337,2,0,0.0
U000338,2,0,0.0
U000339,3,0,0.0
U000340,1,0,0.0
U000341,2,0,0.0
U000342,1,0,0.0
U000343,4,0,0.0
U000344,2,0,0.0
U000345,2,0,0.0
U000346,4,1,4059.04
U000347,5,0,0.0
U000348,1,0,0.0
U000349,1,0,0.0
U000350,1,0,0.0
U000351,3,0,0.0
U000352,1,0,0.0
U000353,1,0,0.0
U000354,2,1,3497.73
U000355,5,0,0.0
U000356,1,0,0.0
U000357,3,1,4705.84
U000358,3,0,0.0
U000359,1,1,3380.95
U000360,1,0,0.0
U000361,5,1,2178.38
U000362,2,0,0.0
U000363,2,0,0.0
U000364,5,0,0.0
U000365,4,0,0.0
U000366,3,0,0.0
U000367,4,0,0.0
U000368,3,0,0.0
U000369,2,0,0.0
U000370,2,0,0.0
U000371,4,0,0.0
U000372,5,1,4840.92
U000373,1,0,0.0
U000374,5,1,3146.83
U000375,3,1,4779.96
U000376,2,0,0.0
U000377,1,0,0.0
U000378,1,1,3258.19
U000379,3,0,0.0
U000380,1,0,0.0
U000381,1,0,0.0
U000382,3,1,3436.62
U000383,1,0,0.0
U000384,3,0,0.0
U000385,2,1,1439.84
U000386,1,0,0.0
U000387,3,0,0.0
U000388,2,0,0.0
U000389,2,0,0.0
U000390,1,1,2147.12
U000391,2,0,0.0
U000392,3,0,0.0
U000393,2,1,2155.57
U000394,2,0,0.0
U000395,1,0,0.0
U000396,1,0,0.0
U000397,1,0,0.0
U000398,4,0,0.0
U000399,1,1,5480.81
U000400,1,0,0.0
U000401,2,0,0.0
U000402,3,0,0.0
U000403,3,0,0.0
U000404,2,0,0.0
U000405,1,0,0.0
U000406,4,1,3033.23
U000407,2,0,0.0
U000408,4,0,0.0
U000409,3,0,0.0
U000410,3,1,3099.89
U000411,2,0,0.0
U000412,4,0,0.0
U000413,5,0,0.0
U000414,2,0,0.0
U000415,1,0,0.0
U000416,2,0,0.0
U000417,1,0,0.0
U000418,5,1,3965.3
U000419,2,1,2436.53
U000420,1,0,0.0
U000421,4,0,0.0
U000422,1,1,1317.8
U000423,1,0,0.0
U000424,4,0,0.0
U000425,4,0,0.0
U000426,2,0,0.0
U000427,2,0,0.0
U000428,1,0,0.0
U000429,1,0,0.0
U000430,3,0,0.0
U000431,1,1,3214.66
U000432,4,0,0.0
U000433,1,0,0.0
U000434,2,0,0.0
U000435,3,1,3088.8
U000436,2,0,0.0
U000437,3,0,0.0
U000438,1,0,0.0
U000439,5,0,0.0
U000440,2,0,0.0
U000441,4,0,0.0
U000442,2,0,0.0
U000443,3,0,0.0
U000444,2,0,0.0
U000445,2,1,3850.35
U000446,2,0,0.0
U000447,1,1,3400.54
U000448,2,1,3443.12
U000449,2,0,0.0
U000450,4,0,0.0
U000451,2,0,0.0
U000452,4,1,3265.13
U000453,1,0,0.0
U000454,1,0,0.0
U000455,2,0,0.0
U000456,4,0,0.0
U000457,1,0,0.0
U000458,1,0,0.0
U000459,5,1,5608.28
U000460,5,0,0.0
U000461,4,1,2884.43
U000462,1,0,0.0
U000463,3,0,0.0
U000464,3,1,2025.4
U000465,2,0,0.0
U000466,1,0,0.0
U000467,2,0,0.0
U000468,2,0,0.0
U000469,2,0,0.0
U000470,2,0,0.0
U000471,4,0,0.0
U000472,2,0,0.0
U000473,1,0,0.0
U000474,1,0,0.0
U000475,1,0,0.0
U000476,5,1,4654.23
U000477,3,0,0.0
U000478,5,0,0.0
U000479,3,1,6865.96
U000480,4,1,3249.03
U000481,2,0,0.0
U000482,3,0,0.0
U000483,1,0,0.0
U000484,2,0,0.0
U000485,3,0,0.0
U000486,2,0,0.0
U000487,2,0,0.0
U000488,3,0,0.0
U000489,1,0,0.0
U000490,1,0,0.0
U000491,1,0,0.0
U000492,1,0,0.0
U000493,4,0,0.0
U000494,3,1,2219.48
U000495,4,0,0.0
U000496,2,0,0.0
U000497,2,1,1495.78
U000498,3,0,0.0
U000499,2,0,0.0
U000500,2,0,0.0
U000501,2,0,0.0
U000502,2,0,0.0
U000503,1,0,0.0
U000504,3,0,0.0
U000505,1,0,0.0
U000506,2,0,0.0
U000507,1,0,0.0
U000508,2,0,0.0
U000509,2,0,0.0
U000510,3,0,0.0
U000511,1,1,3082.41
U000512,1,0,0.0
U000513,1,0,0.0
U000514,4,0,0.0
U000515,5,0,0.0
U000516,2,1,4913.11
U000517,3,0,0.0
U000518,5,0,0.0
U000519,1,0,0.0
U000520,2,0,0.0
U000521,3,0,0.0
U000522,5,0,0.0
U000523,3,0,0.0
U000524,2,0,0.0
U000525,4,1,2499.08
U000526,4,0,0.0
U000527,1,0,0.0
U000528,5,0,0.0
U000529,1,1,4605.6
U000530,1,0,0.0
U000531,3,1,6278.38
U000532,1,0,0.0
U000533,1,0,0.0
U000534,2,1,4467.88
U000535,1,1,2241.91
U000536,1,0,0.0
U000537,2,0,0.0
U000538,4,0,0.0
U000539,3,0,0.0
U000540,5,0,0.0
U000541,1,0,0.0
U000542,2,1,2213.18
U000543,4,0,0.0
U000544,1,0,0.0
U000545,4,1,3364.41
U000546,2,0,0.0
U000547,2,0,0.0
U000548,4,0,0.0
U000549,1,1,2203.77
U000550,4,0,0.0
U000551,3,0,0.0
U000552,4,0,0.0
U000553,4,0,0.0
U000554,3,0,0.0
U000555,4,0,0.0
U000556,3,0,0.0
U000557,1,0,0.0
U000558,3,0,0.0
U000559,3,0,0.0
U000560,2,0,0.0
U000561,1,0,0.0
U000562,3,0,0.0
U000563,2,0,0.0
U000564,1,0,0.0
U000565,1,0,0.0
U000566,4,1,2063.45
U000567,2,1,3251.03
U000568,2,1,6459.2
U000569,1,0,0.0
U000570,3,0,0.0
U000571,4,1,2600.72
U000572,1,0,0.0
U000573,2,1,5461.11
U000574,5,0,0.0
U000575,2,0,0.0
U000576,2,0,0.0
U000577,3,1,2840.1
U000578,1,0,0.0
U000579,2,0,0.0
U000580,5,0,0.0
U000581,2,0,0.0
U000582,3,0,0.0
U000583,3,0,0.0
U000584,2,0,0.0
U000585,2,1,2991.46
U000586,3,1,2031.25
U000587,3,0,0.0
U000588,1,0,0.0
U000589,1,0,0.0
U000590,2,0,0.0
U000591,1,0,0.0
U000592,2,0,0.0
U000593,2,0,0.0
U000594,2,0,0.0
U000595,1,0,0.0
U000596,2,0,0.0
U000597,1,0,0.0
U000598,3,1,5108.63
U000599,2,0,0.0
U000600,4,0,0.0
U000601,2,0,0.0
U000602,1,0,0.0
U000603,2,0,0.0
U000604,4,1,2662.55
U000605,2,1,2385.78
U000606,1,0,0.0
U000607,3,1,2865.54
U000608,3,1,4988.52
U000609,1,0,0.0
U000610,1,0,0.0
U000611,4,0,0.0
U000612,1,0,0.0
U000613,4,0,0.0
U000614,2,1,4475.37
U000615,1,0,0.0
U000616,4,0,0.0
U000617,1,0,0.0
U000618,5,0,0.0
U000619,4,0,0.0
U000620,3,0,0.0
U000621,3,0,0.0
U000622,1,0,0.0
U000623,4,1,2054.28
U000624,1,0,0.0
U000625,5,1,1462.64
U000626,1,0,0.0
U000627,3,0,0.0
U000628,3,1,2253.49
U000629,3,0,0.0
U000630,2,0,0.0
U000631,3,1,2648.07
U000632,3,1,1584.62
U000633,3,0,0.0
U000634,2,1,2692.87
U000635,2,1,4337.62
U000636,3,0,0.0
U000637,3,1,2442.55
U000638,1,0,0.0
U000639,5,0,0.0
U000640,5,1,3703.35
U000641,1,0,0.0
U000642,3,1,3322.98
U000643,2,0,0.0
U000644,5,1,3970.14
U000645,4,0,0.0
U000646,3,0,0.0
U000647,1,0,0.0
U000648,1,0,0.0
U000649,2,0,0.0
U000650,2,0,0.0
U000651,5,0,0.0
U000652,3,1,2761.83
U000653,3,0,0.0
U000654,4,0,0.0
U000655,3,0,0.0
U000656,1,0,0.0
U000657,1,0,0.0
U000658,3,0,0.0
U000659,1,1,2311.72
U000660,2,0,0.0
U000661,2,0,0.0
U000662,2,0,0.0
U000663,2,0,0.0
U000664,1,0,0.0
U000665,3,0,0.0
U000666,1,0,0.0
U000667,3,1,3333.46
U000668,2,0,0.0
U000669,5,0,0.0
U000670,2,1,3438.36
U000671,3,0,0.0
U000672,1,0,0.0
U000673,4,0,0.0
U000674,1,0,0.0
U000675,1,0,0.0
U000676,1,0,0.0
U000677,1,0,0.0
U000678,3,0,0.0
U000679,3,0,0.0
U000680,2,0,0.0
U000681,1,0,0.0
U000682,2,0,0.0
U000683,2,1,3550.16
U000684,4,1,2971.06
U000685,1,0,0.0
U000686,3,0,0.0
U000687,2,1,2505.85
U000688,3,0,0.0
U000689,3,0,0.0
U000690,4,0,0.0
U000691,3,0,0.0
U000692,1,0,0.0
U000693,1,0,0.0
U000694,2,0,0.0
U000695,2,0,0.0
U000696,2,0,0.0
U000697,4,0,0.0
U000698,3,0,0.0
U000699,4,0,0.0
U000700,3,0,0.0
U000701,1,0,0.0
U000702,2,1,1850.11
U000703,3,1,3450.34
U000704,1,0,0.0
U000705,2,0,0.0
U000706,2,0,0.0
U000707,2,0,0.0
U000708,4,1,2824.62
U000709,3,0,0.0
U000710,2,0,0.0
U000711,4,0,0.0
U000712,2,0,0.0
U000713,2,0,0.0
U000714,3,0,0.0
U000715,2,0,0.0
U000716,2,0,0.0
U000717,1,0,0.0
U000718,1,0,0.0
U000719,2,0,0.0
U000720,1,0,0.0
U000721,5,0,0.0
U000722,1,0,0.0
U000723,2,0,0.0
U000724,2,1,1517.78
U000725,3,1,1633.37
U000726,1,0,0.0
U000727,2,0,0.0
U000728,4,0,0.0
U000729,3,0,0.0
U000730,3,0,0.0
U000731,2,0,0.0
U000732,1,0,0.0
U000733,1,0,0.0
U000734,2,0,0.0
U000735,2,0,0.0
U000736,2,0,0.0
U000737,2,0,0.0
U000738,2,0,0.0
U000739,3,0,0.0
U000740,5,1,4282.38
U000741,4,0,0.0
U000742,2,0,0.0
U000743,1,0,0.0
U000744,2,0,0.0
U000745,1,0,0.0
U000746,2,0,0.0
U000747,1,0,0.0
U000748,3,0,0.0
U000749,1,0,0.0
U000750,1,0,0.0
U000751,2,0,0.0
U000752,1,0,0.0
U000753,1,0,0.0
U000754,3,0,0.0
U000755,3,0,0.0
U000756,2,0,0.0
U000757,4,0,0.0
U000758,3,1,1848.31
U000759,1,1,2513.89
U000760,3,0,0.0
U000761,4,0,0.0
U000762,3,0,0.0
U000763,1,0,0.0
U000764,3,1,2608.03
U000765,1,0,0.0
U000766,2,1,2250.54
U000767,2,0,0.0
U000768,2,0,0.0
U000769,2,0,0.0
U000770,2,0,0.0
U000771,3,0,0.0
U000772,2,0,0.0
U000773,2,0,0.0
U000774,4,0,0.0
U000775,1,0,0.0
U000776,3,1,2014.62
U000777,1,0,0.0
U000778,4,1,4024.86
U000779,2,0,0.0
U000780,3,0,0.0
U000781,5,0,0.0
U000782,2,0,0.0
U000783,2,0,0.0
U000784,2,0,0.0
U000785,1,0,0.0
U000786,3,0,0.0
U000787,3,0,0.0
U000788,4,0,0.0
U000789,2,0,0.0
U000790,2,0,0.0
U000791,2,0,0.0
U000792,2,0,0.0
U000793,2,0,0.0
U000794,4,0,0.0
U000795,1,0,0.0
U000796,1,0,0.0
U000797,1,0,0.0
U000798,1,0,0.0
U000799,2,1,3543.92
U000800,3,0,0.0
U000801,1,1,2754.57
U000802,1,0,0.0
U000803,4,0,0.0
U000804,2,0,0.0
U000805,1,0,0.0
U000806,3,0,0.0
U000807,4,0,0.0
U000808,2,0,0.0
U000809,3,0,0.0
U000810,1,0,0.0
U000811,1,0,0.0
U000812,1,0,0.0
U000813,3,0,0.0
U000814,2,0,0.0
U000815,1,0,0.0
U000816,4,0,0.0
U000817,1,0,0.0
U000818,2,0,0.0
U000819,2,0,0.0
U000820,2,0,0.0
U000821,4,1,2205.1
U000822,1,0,0.0
U000823,1,0,0.0
U000824,3,0,0.0
U000825,1,0,0.0
U000826,3,0,0.0
U000827,1,0,0.0
U000828,3,1,1875.69
U000829,4,0,0.0
U000830,1,0,0.0
U000831,4,1,3082.12
U000832,3,0,0.0
U000833,3,0,0.0
U000834,2,0,0.0
U000835,1,0,0.0
U000836,4,1,2584.41
U000837,4,1,2922.94
U000838,2,0,0.0
U000839,5,0,0.0
U000840,1,1,2296.03
U000841,1,0,0.0
U000842,3,0,0.0
U000843,5,0,0.0
U000844,2,1,1455.73
U000845,1,0,0.0
U000846,5,0,0.0
U000847,2,0,0.0
U000848,2,0,0.0
U000849,1,0,0.0
U000850,1,0,0.0
U000851,1,0,0.0
U000852,3,0,0.0
U000853,3,0,0.0
U000854,1,0,0.0
U000855,3,0,0.0
U000856,1,0,0.0
U000857,2,0,0.0
U000858,1,0,0.0
U000859,2,0,0.0
U000860,3,0,0.0
U000861,1,0,0.0
U000862,1,0,0.0
U000863,1,0,0.0
U000864,3,0,0.0
U000865,2,0,0.0
U000866,1,0,0.0
U000867,3,0,0.0
U000868,4,0,0.0
U000869,2,0,0.0
U000870,3,0,0.0
U000871,1,0,0.0
U000872,4,0,0.0
U000873,4,0,0.0
U000874,1,0,0.0
U000875,2,1,4938.29
U000876,2,0,0.0
U000877,2,0,0.0
U000878,3,1,1647.42
U000879,4,1,1812.24
U000880,5,0,0.0
U000881,1,0,0.0
U000882,1,0,0.0
U000883,4,0,0.0
U000884,3,0,0.0
U000885,1,0,0.0
U000886,3,0,0.0
U000887,5,1,2642.07
U000888,2,1,3061.69
U000889,2,0,0.0
U000890,1,0,0.0
U000891,4,0,0.0
U000892,3,0,0.0
U000893,5,1,1808.09
U000894,1,0,0.0
U000895,2,0,0.0
U000896,1,0,0.0
U000897,3,0,0.0
U000898,3,0,0.0
U000899,1,0,0.0
U000900,1,0,0.0
U000901,3,0,0.0
U000902,2,0,0.0
U000903,5,1,3479.42
U000904,2,0,0.0
U000905,2,1,6802.61
U000906,1,0,0.0
U000907,4,0,0.0
U000908,3,0,0.0
U000909,3,0,0.0
U000910,2,0,0.0
U000911,3,0,0.0
U000912,1,0,0.0
U000913,3,0,0.0
U000914,1,0,0.0
U000915,3,0,0.0
U000916,2,0,0.0
U000917,2,0,0.0
U000918,2,0,0.0
U000919,4,1,5643.31
U000920,1,1,1745.2
U000921,3,0,0.0
U000922,1,0,0.0
U000923,3,0,0.0
U000924,2,0,0.0
U000925,4,1,2387.41
U000926,3,0,0.0
U000927,3,1,3847.62
U000928,1,0,0.0
U000929,1,0,0.0
U000930,3,1,3172.1
U000931,5,1,3052.59
U000932,2,0,0.0
U000933,4,1,5235.84
U000934,1,0,0.0
U000935,2,0,0.0
U000936,3,0,0.0
U000937,1,0,0.0
U000938,4,0,0.0
U000939,2,0,0.0
U000940,1,0,0.0
U000941,2,0,0.0
U000942,1,1,2954.19
U000943,3,0,0.0
U000944,2,0,0.0
U000945,1,0,0.0
U000946,2,0,0.0
U000947,2,0,0.0
U000948,3,0,0.0
U000949,2,0,0.0
U000950,4,1,2521.68
U000951,2,0,0.0
U000952,4,1,1804.8
U000953,1,0,0.0
U000954,5,1,2234.73
U000955,2,0,0.0
U000956,5,0,0.0
U000957,3,0,0.0
U000958,5,1,4200.45
U000959,2,0,0.0
U000960,3,0,0.0
U000961,1,0,0.0
U000962,1,0,0.0
U000963,1,0,0.0
U000964,4,0,0.0
U000965,1,0,0.0
U000966,5,0,0.0
U000967,2,0,0.0
U000968,3,0,0.0
U000969,1,0,0.0
U000970,2,0,0.0
U000971,3,0,0.0
U000972,2,0,0.0
U000973,1,0,0.0
U000974,2,0,0.0
U000975,1,0,0.0
U000976,1,0,0.0
U000977,3,0,0.0
U000978,2,0,0.0
U000979,3,1,2418.84
U000980,4,0,0.0
U000981,1,0,0.0
U000982,2,1,2865.7
U000983,2,0,0.0
U000984,2,1,2818.65
U000985,3,0,0.0
U000986,2,0,0.0
U000987,2,0,0.0
U000988,2,0,0.0
U000989,5,1,3454.58
U000990,2,0,0.0
U000991,1,0,0.0
U000992,3,1,4588.17
U000993,1,0,0.0
U000994,1,0,0.0
U000995,1,0,0.0
U000996,1,0,0.0
U000997,2,0,0.0
U000998,2,0,0.0
U000999,2,0,0.0
U001000,3,0,0.0
U001001,2,0,0.0
U001002,3,0,0.0
U001003,2,0,0.0
U001004,5,0,0.0
U001005,3,0,0.0
U001006,1,0,0.0
U001007,2,0,0.0
U001008,3,0,0.0
U001009,1,0,0.0
U001010,3,1,4643.32
U001011,2,0,0.0
U001012,4,0,0.0
U001013,1,0,0.0
U001014,1,0,0.0
U001015,3,0,0.0
U001016,5,0,0.0
U001017,2,0,0.0
U001018,3,0,0.0
U001019,1,0,0.0
U001020,1,0,0.0
U001021,1,0,0.0
U001022,2,1,2509.08
U001023,3,0,0.0
U001024,5,1,2113.8
U001025,1,0,0.0
U001026,1,0,0.0
U001027,5,0,0.0
U001028,3,0,0.0
U001029,3,0,0.0
U001030,4,0,0.0
U001031,4,0,0.0
U001032,3,0,0.0
U001033,1,0,0.0
U001034,4,1,5108.1
U001035,4,0,0.0
U001036,1,0,0.0
U001037,2,0,0.0
U001038,1,0,0.0
U001039,1,0,0.0
U001040,3,0,0.0
U001041,2,0,0.0
U001042,1,0,0.0
U001043,2,1,3774.88
U001044,2,0,0.0
U001045,2,0,0.0
U001046,1,0,0.0
U001047,2,0,0.0
U001048,3,0,0.0
U001049,3,0,0.0
U001050,2,0,0.0
U001051,1,0,0.0
U001052,3,1,3505.52
U001053,1,0,0.0
U001054,2,0,0.0
U001055,1,0,0.0
U001056,2,1,3056.91
U001057,1,0,0.0
U001058,5,0,0.0
U001059,3,0,0.0
U001060,5,0,0.0
U001061,1,0,0.0
U001062,3,0,0.0
U001063,4,0,0.0
U001064,3,1,2394.88
U001065,3,0,0.0
U001066,2,0,0.0
U001067,3,1,3004.87
U001068,2,0,0.0
U001069,2,0,0.0
U001070,2,1,2373.08
U001071,4,1,4482.2
U001072,1,0,0.0
U001073,4,0,0.0
U001074,5,0,0.0
U001075,3,0,0.0
U001076,2,0,0.0
U001077,2,0,0.0
U001078,1,0,0.0
U001079,5,0,0.0
U001080,5,0,0.0
U001081,4,0,0.0
U001082,5,0,0.0
U001083,3,0,0.0
U001084,1,0,0.0
U001085,1,0,0.0
U001086,2,0,0.0
U001087,5,0,0.0
U001088,1,0,0.0
U001089,4,1,1625.15
U001090,3,0,0.0
U001091,1,0,0.0
U001092,2,0,0.0
U001093,2,0,0.0
U001094,2,1,2648.34
U001095,2,0,0.0
U001096,4,1,2308.73
U001097,3,0,0.0
U001098,1,0,0.0
U001099,2,0,0.0
U001100,2,0,0.0
U001101,2,0,0.0
U001102,1,0,0.0
U001103,1,0,0.0
U001104,4,0,0.0
U001105,2,0,0.0
U001106,3,1,3355.79
U001107,2,0,0.0
U001108,3,0,0.0
U001109,2,0,0.0
U001110,3,0,0.0
U001111,2,0,0.0
U001112,5,0,0.0
U001113,1,0,0.0
U001114,2,0,0.0
U001115,1,0,0.0
U001116,4,1,3604.16
U001117,2,0,0.0
U001118,1,0,0.0
U001119,3,0,0.0
U001120,1,0,0.0
U001121,5,1,1099.5
U001122,2,1,5768.99
U001123,2,0,0.0
U001124,3,0,0.0
U001125,1,1,4211.36
U001126,1,0,0.0
U001127,2,0,0.0
U001128,1,0,0.0
U001129,4,0,0.0
U001130,1,1,2277.92
U001131,2,1,2827.06
U001132,5,0,0.0
U001133,4,0,0.0
U001134,3,0,0.0
U001135,1,0,0.0
U001136,5,0,0.0
U001137,3,0,0.0
U001138,1,0,0.0
U001139,1,0,0.0
U001140,3,0,0.0
U001141,4,0,0.0
U001142,1,0,0.0
U001143,4,0,0.0
U001144,5,1,2991.94
U001145,2,0,0.0
U001146,1,0,0.0
U001147,1,0,0.0
U001148,2,0,0.0
U001149,5,1,3961.24
U001150,2,0,0.0
U001151,3,1,3075.11
U001152,4,0,0.0
U001153,2,0,0.0
U001154,3,0,0.0
U001155,1,0,0.0
U001156,2,1,2146.08
U001157,1,0,0.0
U001158,1,0,0.0
U001159,2,1,3925.67
U001160,1,0,0.0
U001161,2,1,2158.09
U001162,3,0,0.0
U001163,1,0,0.0
U001164,5,0,0.0
U001165,2,0,0.0
U001166,4,1,2499.05
U001167,1,0,0.0
U001168,4,0,0.0
U001169,5,0,0.0
U001170,1,0,0.0
U001171,2,0,0.0
U001172,2,1,5196.77
U001173,2,0,0.0
U001174,2,1,2556.43
U001175,4,0,0.0
U001176,1,0,0.0
U001177,2,0,0.0
U001178,5,0,0.0
U001179,2,0,0.0
U001180,1,0,0.0
U001181,2,0,0.0
U001182,2,0,0.0
U001183,2,0,0.0
U001184,1,0,0.0
U001185,3,1,4692.7
U001186,5,0,0.0
U001187,2,0,0.0
U001188,3,0,0.0
U001189,2,0,0.0
U001190,2,0,0.0
U001191,3,0,0.0
U001192,4,1,4261.19
U001193,5,0,0.0
U001194,3,1,6354.18
U001195,2,0,0.0
U001196,3,0,0.0
U001197,4,0,0.0
U001198,3,0,0.0
U001199,2,1,1819.74
U001200,4,0,0.0
U001201,2,0,0.0
U001202,1,0,0.0
U001203,2,0,0.0
U001204,1,0,0.0
U001205,4,0,0.0
U001206,3,1,1954.03
U001207,1,0,0.0
U001208,1,0,0.0
U001209,2,0,0.0
U001210,1,0,0.0
U001211,1,0,0.0
U001212,3,0,0.0
U001213,3,1,3009.07
U001214,5,0,0.0
U001215,4,0,0.0
U001216,4,0,0.0
U001217,4,1,4898.43
U001218,1,1,2984.53
U001219,5,0,0.0
U001220,5,0,0.0
U001221,3,0,0.0
U001222,4,0,0.0
U001223,2,1,1273.27
U001224,2,0,0.0
U001225,1,0,0.0
U001226,2,0,0.0
U001227,1,0,0.0
U001228,3,1,2575.72
U001229,1,0,0.0
U001230,2,1,2999.24
U001231,1,0,0.0
U001232,4,0,0.0
U001233,3,0,0.0
U001234,1,0,0.0
U001235,1,0,0.0
U001236,1,0,0.0
U001237,1,0,0.0
U001238,2,0,0.0
U001239,2,0,0.0
U001240,3,1,2253.51
U001241,3,0,0.0
U001242,3,0,0.0
U001243,1,0,0.0
U001244,1,0,0.0
U001245,2,1,1664.51
U001246,2,0,0.0
U001247,4,1,2238.17
U001248,2,0,0.0
U001249,1,0,0.0
U001250,3,0,0.0
U001251,5,1,3034.05
U001252,5,0,0.0
U001253,3,0,0.0
U001254,1,1,2646.45
U001255,3,0,0.0
U001256,1,0,0.0
U001257,1,0,0.0
U001258,2,0,0.0
U001259,1,0,0.0
U001260,2,0,0.0
U001261,1,0,0.0
U001262,2,0,0.0
U001263,2,0,0.0
U001264,3,0,0.0
U001265,2,1,1815.15
U001266,4,0,0.0
U001267,2,0,0.0
U001268,2,0,0.0
U001269,3,0,0.0
U001270,4,0,0.0
U001271,3,1,1917.71
U001272,2,0,0.0
U001273,2,0,0.0
U001274,1,0,0.0
U001275,2,0,0.0
U001276,2,0,0.0
U001277,1,0,0.0
U001278,2,0,0.0
U001279,2,0,0.0
U001280,2,0,0.0
U001281,4,0,0.0
U001282,2,1,1709.87
U001283,3,1,5081.0
U001284,2,1,1762.71
U001285,1,0,0.0
U001286,3,0,0.0
U001287,1,1,2870.26
U001288,1,0,0.0
U001289,4,0,0.0
U001290,1,0,0.0
U001291,3,1,3312.21
U001292,4,0,0.0
U001293,2,0,0.0
U001294,5,0,0.0
U001295,2,0,0.0
U001296,4,1,2675.22
U001297,2,0,0.0
U001298,1,0,0.0
U001299,2,0,0.0
U001300,3,1,1666.68
U001301,1,0,0.0
U001302,3,0,0.0
U001303,2,0,0.0
U001304,1,0,0.0
U001305,3,0,0.0
U001306,2,0,0.0
U001307,2,1,2220.95
U001308,2,0,0.0
U001309,1,0,0.0
U001310,2,0,0.0
U001311,1,0,0.0
U001312,3,0,0.0
U001313,2,1,1979.73
U001314,2,0,0.0
U001315,2,0,0.0
U001316,3,1,1472.71
U001317,3,0,0.0
U001318,4,0,0.0
U001319,5,1,3811.86
U001320,1,0,0.0
U001321,5,0,0.0
U001322,2,1,4265.75
U001323,2,0,0.0
U001324,4,0,0.0
U001325,3,0,0.0
U001326,2,0,0.0
U001327,2,0,0.0
U001328,2,0,0.0
U001329,2,0,0.0
U001330,4,0,0.0
U001331,4,0,0.0
U001332,2,0,0.0
U001333,2,1,5249.53
U001334,2,0,0.0
U001335,1,0,0.0
U001336,5,1,5034.25
U001337,1,0,0.0
U001338,1,0,0.0
U001339,3,0,0.0
U001340,3,0,0.0
U001341,4,0,0.0
U001342,1,0,0.0
U001343,3,1,2711.82
U001344,2,0,0.0
U001345,1,0,0.0
U001346,2,0,0.0
U001347,2,0,0.0
U001348,4,1,8583.57
U001349,2,0,0.0
U001350,1,0,0.0
U001351,1,0,0.0
U001352,1,1,4604.1
U001353,2,0,0.0
U001354,1,0,0.0
U001355,4,0,0.0
U001356,3,0,0.0
U001357,5,1,3865.59
U001358,1,0,0.0
U001359,2,0,0.0
U001360,1,0,0.0
U001361,2,0,0.0
U001362,1,0,0.0
U001363,4,0,0.0
U001364,2,0,0.0
U001365,1,0,0.0
U001366,3,1,2700.67
U001367,3,0,0.0
U001368,2,1,3508.18
U001369,5,0,0.0
U001370,2,0,0.0
U001371,4,0,0.0
U001372,1,0,0.0
U001373,1,0,0.0
U001374,2,0,0.0
U001375,2,0,0.0
U001376,3,0,0.0
U001377,3,1,3835.17
U001378,1,0,0.0
U001379,3,0,0.0
U001380,1,0,0.0
U001381,1,0,0.0
U001382,2,0,0.0
U001383,2,0,0.0
U001384,2,0,0.0
U001385,2,0,0.0
U001386,1,0,0.0
U001387,2,0,0.0
U001388,1,0,0.0
U001389,2,0,0.0
U001390,3,0,0.0
U001391,3,1,3736.18
U001392,1,0,0.0
U001393,1,0,0.0
U001394,3,1,3717.4
U001395,4,0,0.0
U001396,4,0,0.0
U001397,1,0,0.0
U001398,2,0,0.0
U001399,3,1,2438.29
U001400,1,0,0.0
U001401,2,0,0.0
U001402,2,0,0.0
U001403,1,0,0.0
U001404,1,1,1855.29
U001405,1,0,0.0
U001406,3,1,5477.07
U001407,2,1,2917.03
U001408,2,0,0.0
U001409,2,0,0.0
U001410,1,0,0.0
U001411,2,0,0.0
U001412,1,0,0.0
U001413,4,0,0.0
U001414,3,0,0.0
U001415,2,0,0.0
U001416,4,0,0.0
U001417,3,0,0.0
U001418,2,0,0.0
U001419,2,0,0.0
U001420,2,1,3236.89
U001421,5,0,0.0
U001422,3,0,0.0
U001423,4,1,3216.41
U001424,4,1,4245.56
U001425,2,0,0.0
U001426,1,0,0.0
U001427,2,0,0.0
U001428,3,1,5845.72
U001429,1,0,0.0
U001430,2,0,0.0
U001431,1,0,0.0
U001432,2,0,0.0
U001433,4,1,1900.43
U001434,2,0,0.0
U001435,5,1,1777.52
U001436,2,0,0.0
U001437,1,0,0.0
U001438,3,0,0.0
U001439,1,0,0.0
U001440,3,0,0.0
U001441,1,0,0.0
U001442,5,0,0.0
U001443,3,0,0.0
U001444,1,0,0.0
U001445,3,0,0.0
U001446,2,0,0.0
U001447,1,0,0.0
U001448,2,0,0.0
U001449,2,0,0.0
U001450,4,0,0.0
U001451,1,0,0.0
U001452,2,0,0.0
U001453,1,0,0.0
U001454,1,0,0.0
U001455,1,0,0.0
U001456,4,0,0.0
U001457,4,1,2678.5
U001458,2,1,4214.18
U001459,2,0,0.0
U001460,2,0,0.0
U001461,1,0,0.0
U001462,4,0,0.0
U001463,2,0,0.0
U001464,2,0,0.0
U001465,1,0,0.0
U001466,4,0,0.0
U001467,2,0,0.0
U001468,2,0,0.0
U001469,2,0,0.0
U001470,1,0,0.0
U001471,3,0,0.0
U001472,4,0,0.0
U001473,2,0,0.0
U001474,3,0,0.0
U001475,1,0,0.0
U001476,3,0,0.0
U001477,1,0,0.0
U001478,3,0,0.0
U001479,3,1,1836.8
U001480,2,0,0.0
U001481,1,0,0.0
U001482,5,0,0.0
U001483,1,0,0.0
U001484,2,1,1655.68
U001485,1,0,0.0
U001486,1,0,0.0
U001487,4,0,0.0
U001488,2,0,0.0
U001489,2,0,0.0
U001490,1,0,0.0
U001491,1,0,0.0
U001492,5,0,0.0
U001493,1,0,0.0
U001494,2,0,0.0
U001495,4,1,3716.1
U001496,3,0,0.0
U001497,1,0,0.0
U001498,2,0,0.0
U001499,1,0,0.0
U001500,3,0,0.0
U001501,1,0,0.0
U001502,2,0,0.0
U001503,4,0,0.0
U001504,3,0,0.0
U001505,2,0,0.0
U001506,1,0,0.0
U001507,4,1,2622.39
U001508,1,0,0.0
U001509,2,0,0.0
U001510,4,1,2126.16
U001511,1,0,0.0
U001512,3,0,0.0
U001513,3,0,0.0
U001514,4,0,0.0
U001515,1,0,0.0
U001516,1,0,0.0
U001517,4,0,0.0
U001518,4,0,0.0
U001519,2,0,0.0
U001520,1,0,0.0
U001521,2,0,0.0
U001522,2,0,0.0
U001523,1,0,0.0
U001524,1,0,0.0
U001525,3,0,0.0
U001526,1,0,0.0
U001527,4,0,0.0
U001528,1,0,0.0
U001529,1,0,0.0
U001530,2,0,0.0
U001531,5,0,0.0
U001532,1,0,0.0
U001533,3,0,0.0
U001534,3,0,0.0
U001535,1,0,0.0
U001536,1,0,0.0
U001537,1,0,0.0
U001538,3,1,3241.92
U001539,4,0,0.0
U001540,3,0,0.0
U001541,4,0,0.0
U001542,1,0,0.0
U001543,3,0,0.0
U001544,4,1,3633.94
U001545,1,1,1744.58
U001546,2,0,0.0
U001547,4,0,0.0
U001548,3,0,0.0
U001549,1,0,0.0
U001550,1,0,0.0
U001551,3,1,2541.11
U001552,1,0,0.0
U001553,5,0,0.0
U001554,1,0,0.0
U001555,2,0,0.0
U001556,4,0,0.0
U001557,3,0,0.0
U001558,2,0,0.0
U001559,1,0,0.0
U001560,3,0,0.0
U001561,2,0,0.0
U001562,1,0,0.0
U001563,1,0,0.0
U001564,1,0,0.0
U001565,2,1,2344.48
U001566,1,0,0.0
U001567,3,0,0.0
U001568,2,0,0.0
U001569,1,0,0.0
U001570,1,0,0.0
U001571,3,0,0.0
U001572,1,0,0.0
U001573,1,0,0.0
U001574,3,0,0.0
U001575,4,1,3527.23
U001576,5,1,2471.77
U001577,5,0,0.0
U001578,3,0,0.0
U001579,1,0,0.0
U001580,5,0,0.0
U001581,1,0,0.0
U001582,1,0,0.0
U001583,2,0,0.0
U001584,2,0,0.0
U001585,2,0,0.0
U001586,3,0,0.0
U001587,1,0,0.0
U001588,1,0,0.0
U001589,1,0,0.0
U001590,2,0,0.0
U001591,1,0,0.0
U001592,4,0,0.0
U001593,2,0,0.0
U001594,4,0,0.0
U001595,2,1,4051.08
U001596,2,0,0.0
U001597,2,0,0.0
U001598,2,1,2788.06
U001599,2,1,1919.85
U001600,2,1,1936.49
U001601,4,1,4527.16
U001602,4,1,2323.67
U001603,3,1,2028.78
U001604,4,0,0.0
U001605,3,0,0.0
U001606,3,1,6642.83
U001607,4,1,3872.4
U001608,3,1,3340.24
U001609,1,0,0.0
U001610,4,0,0.0
U001611,2,0,0.0
U001612,4,1,1964.92
U001613,3,0,0.0
U001614,4,0,0.0
U001615,5,0,0.0
U001616,2,0,0.0
U001617,3,0,0.0
U001618,1,0,0.0
U001619,1,0,0.0
U001620,5,1,3575.91
U001621,1,0,0.0
U001622,2,0,0.0
U001623,1,0,0.0
U001624,1,0,0.0
U001625,2,0,0.0
U001626,1,0,0.0
U001627,3,1,3489.15
U001628,3,1,1145.28
U001629,1,1,2891.1
U001630,4,0,0.0
U001631,2,0,0.0
U001632,4,0,0.0
U001633,3,0,0.0
U001634,2,0,0.0
U001635,4,0,0.0
U001636,1,0,0.0
U001637,4,0,0.0
U001638,1,0,0.0
U001639,3,0,0.0
U001640,2,0,0.0
U001641,1,0,0.0
U001642,4,0,0.0
U001643,5,0,0.0
U001644,4,0,0.0
U001645,4,1,1957.89
U001646,2,0,0.0
U001647,1,1,4221.92
U001648,3,0,0.0
U001649,3,1,3302.88
U001650,3,1,2894.38
U001651,5,0,0.0
U001652,2,0,0.0
U001653,2,0,0.0
U001654,2,0,0.0
U001655,2,0,0.0
U001656,2,1,4641.51
U001657,3,1,4015.2
U001658,2,0,0.0
U001659,1,0,0.0
U001660,2,0,0.0
U001661,2,1,2502.39
U001662,3,0,0.0
U001663,3,0,0.0
U001664,1,0,0.0
U001665,1,0,0.0
U001666,5,0,0.0
U001667,4,0,0.0
U001668,2,1,4273.29
U001669,1,0,0.0
U001670,2,0,0.0
U001671,1,0,0.0
U001672,4,1,919.07
U001673,1,0,0.0
U001674,1,0,0.0
U001675,3,1,1139.83
U001676,1,0,0.0
U001677,2,0,0.0
U001678,2,0,0.0
U001679,1,0,0.0
U001680,4,0,0.0
U001681,1,0,0.0
U001682,1,0,0.0
U001683,1,0,0.0
U001684,3,0,0.0
U001685,3,0,0.0
U001686,2,0,0.0
U001687,3,0,0.0
U001688,2,0,0.0
U001689,1,1,3200.66
U001690,2,1,2791.77
U001691,3,0,0.0
U001692,3,1,2052.05
U001693,1,1,2903.55
U001694,3,0,0.0
U001695,1,0,0.0
U001696,1,0,0.0
U001697,1,0,0.0
U001698,1,0,0.0
U001699,1,0,0.0
U001700,3,0,0.0
U001701,2,0,0.0
U001702,2,0,0.0
U001703,1,0,0.0
U001704,1,0,0.0
U001705,2,0,0.0
U001706,5,0,0.0
U001707,3,0,0.0
U001708,3,0,0.0
U001709,5,0,0.0
U001710,2,0,0.0
U001711,1,0,0.0
U001712,4,1,2250.64
U001713,3,0,0.0
U001714,4,0,0.0
U001715,2,1,1655.7
U001716,2,0,0.0
U001717,1,0,0.0
U001718,4,1,3557.16
U001719,1,0,0.0
U001720,2,0,0.0
U001721,2,1,9318.58
U001722,1,0,0.0
U001723,1,0,0.0
U001724,3,0,0.0
U001725,4,0,0.0
U001726,2,0,0.0
U001727,3,0,0.0
U001728,3,0,0.0
U001729,1,0,0.0
U001730,1,0,0.0
U001731,1,0,0.0
U001732,2,0,0.0
U001733,3,0,0.0
U001734,2,0,0.0
U001735,1,0,0.0
U001736,4,0,0.0
U001737,1,0,0.0
U001738,2,0,0.0
U001739,1,0,0.0
U001740,3,0,0.0
U001741,1,0,0.0
U001742,2,0,0.0
U001743,1,0,0.0
U001744,1,0,0.0
U001745,2,0,0.0
U001746,4,1,2207.37
U001747,1,0,0.0
U001748,5,0,0.0
U001749,1,0,0.0
U001750,2,0,0.0
U001751,1,0,0.0
U001752,1,0,0.0
U001753,2,0,0.0
U001754,3,0,0.0
U001755,5,1,3198.5
U001756,2,0,0.0
U001757,1,0,0.0
U001758,5,0,0.0
U001759,2,0,0.0
U001760,1,0,0.0
U001761,1,0,0.0
U001762,3,0,0.0
U001763,2,0,0.0
U001764,3,0,0.0
U001765,3,0,0.0
U001766,3,0,0.0
U001767,3,0,0.0
U001768,3,0,0.0
U001769,4,0,0.0
U001770,3,0,0.0
U001771,2,0,0.0
U001772,4,1,4180.74
U001773,4,0,0.0
U001774,2,0,0.0
U001775,1,0,0.0
U001776,2,1,2969.97
U001777,2,0,0.0
U001778,3,0,0.0
U001779,5,0,0.0
U001780,1,0,0.0
U001781,1,0,0.0
U001782,1,0,0.0
U001783,1,0,0.0
U001784,3,1,3388.92
U001785,3,0,0.0
U001786,3,1,2775.01
U001787,1,0,0.0
U001788,3,0,0.0
U001789,3,0,0.0
U001790,1,0,0.0
U001791,4,1,1995.78
U001792,3,1,3204.56
U001793,2,0,0.0
U001794,1,0,0.0
U001795,5,1,2268.19
U001796,2,0,0.0
U001797,4,0,0.0
U001798,2,0,0.0
U001799,3,0,0.0
U001800,2,1,3312.36
U001801,5,0,0.0
U001802,2,0,0.0
U001803,2,0,0.0
U001804,2,0,0.0
U001805,1,0,0.0
U001806,1,0,0.0
U001807,2,0,0.0
U001808,4,0,0.0
U001809,1,0,0.0
U001810,3,0,0.0
U001811,2,0,0.0
U001812,3,1,2200.48
U001813,2,0,0.0
U001814,2,1,3593.65
U001815,1,0,0.0
U001816,2,1,2015.6
U001817,1,0,0.0
U001818,4,0,0.0
U001819,3,1,2039.86
U001820,3,1,2201.65
U001821,2,0,0.0
U001822,2,0,0.0
U001823,1,0,0.0
U001824,2,0,0.0
U001825,1,0,0.0
U001826,2,0,0.0
U001827,5,1,3936.45
U001828,5,0,0.0
U001829,1,0,0.0
U001830,4,0,0.0
U001831,2,0,0.0
U001832,2,0,0.0
U001833,1,0,0.0
U001834,2,0,0.0
U001835,1,0,0.0
U001836,1,0,0.0
U001837,4,1,1853.56
U001838,1,0,0.0
U001839,3,0,0.0
U001840,3,0,0.0
U001841,2,0,0.0
U001842,1,0,0.0
U001843,2,0,0.0
U001844,3,0,0.0
U001845,4,0,0.0
U001846,2,1,2063.98
U001847,2,0,0.0
U001848,4,0,0.0
U001849,4,0,0.0
U001850,1,0,0.0
U001851,1,0,0.0
U001852,3,0,0.0
U001853,5,0,0.0
U001854,4,0,0.0
U001855,3,0,0.0
U001856,2,0,0.0
U001857,3,1,3649.54
U001858,2,0,0.0
U001859,2,1,2254.75
U001860,2,0,0.0
U001861,4,0,0.0
U001862,5,1,3933.89
U001863,4,0,0.0
U001864,4,0,0.0
U001865,2,0,0.0
U001866,2,1,1901.74
U001867,1,0,0.0
U001868,3,1,4672.76
U001869,3,0,0.0
U001870,1,0,0.0
U001871,2,0,0.0
U001872,4,0,0.0
U001873,2,1,2806.09
U001874,2,0,0.0
U001875,3,0,0.0
U001876,1,0,0.0
U001877,4,0,0.0
U001878,1,0,0.0
U001879,4,1,2767.53
U001880,4,0,0.0
U001881,2,0,0.0
U001882,5,1,2560.46
U001883,2,0,0.0
U001884,2,1,4306.45
U001885,2,0,0.0
U001886,4,0,0.0
U001887,3,1,2648.78
U001888,3,1,2823.5
U001889,3,0,0.0
U001890,2,0,0.0
U001891,2,0,0.0
U001892,1,0,0.0
U001893,2,1,3326.33
U001894,5,1,2410.33
U001895,2,0,0.0
U001896,1,0,0.0
U001897,3,1,3137.52
U001898,1,0,0.0
U001899,5,1,3896.75
U001900,2,0,0.0
U001901,1,0,0.0
U001902,2,1,3565.6
U001903,3,0,0.0
U001904,1,0,0.0
U001905,4,0,0.0
U001906,4,1,1183.04
U001907,4,0,0.0
U001908,3,0,0.0
U001909,2,0,0.0
U001910,4,1,1714.18
U001911,5,1,3427.74
U001912,2,1,4585.49
U001913,2,0,0.0
U001914,1,0,0.0
U001915,4,0,0.0
U001916,1,0,0.0
U001917,4,0,0.0
U001918,2,0,0.0
U001919,1,0,0.0
U001920,4,0,0.0
U001921,3,0,0.0
U001922,4,0,0.0
U001923,4,1,5159.12
U001924,5,0,0.0
U001925,3,0,0.0
U001926,3,0,0.0
U001927,3,1,1475.76
U001928,4,0,0.0
U001929,1,0,0.0
U001930,2,1,5143.06
U001931,1,0,0.0
U001932,3,0,0.0
U001933,1,0,0.0
U001934,1,0,0.0
U001935,2,0,0.0
U001936,3,1,3561.79
U001937,4,0,0.0
U001938,1,0,0.0
U001939,2,0,0.0
U001940,2,0,0.0
U001941,2,0,0.0
U001942,4,1,3151.52
U001943,1,0,0.0
U001944,2,0,0.0
U001945,2,0,0.0
U001946,3,0,0.0
U001947,1,0,0.0
U001948,1,0,0.0
U001949,3,0,0.0
U001950,1,1,2173.85
U001951,1,0,0.0
U001952,1,0,0.0
U001953,3,0,0.0
U001954,2,0,0.0
U001955,1,0,0.0
U001956,3,0,0.0
U001957,5,0,0.0
U001958,1,0,0.0
U001959,1,0,0.0
U001960,4,0,0.0
U001961,2,0,0.0
U001962,2,0,0.0
U001963,1,0,0.0
U001964,4,0,0.0
U001965,1,0,0.0
U001966,1,0,0.0
U001967,3,0,0.0
U001968,2,0,0.0
U001969,1,0,0.0
U001970,1,0,0.0
U001971,2,0,0.0
U001972,1,1,2486.17
U001973,2,0,0.0
U001974,2,0,0.0
U001975,2,1,2129.3
U001976,1,0,0.0
U001977,1,0,0.0
U001978,2,0,0.0
U001979,1,0,0.0
U001980,3,0,0.0
U001981,2,0,0.0
U001982,2,1,1228.14
U001983,1,1,6089.0
U001984,5,0,0.0
U001985,5,0,0.0
U001986,1,0,0.0
U001987,4,0,0.0
U001988,5,0,0.0
U001989,4,1,2299.7
U001990,1,0,0.0
U001991,2,1,2909.06
U001992,1,0,0.0
U001993,4,0,0.0
U001994,1,0,0.0
U001995,4,0,0.0
U001996,2,0,0.0
U001997,4,0,0.0
U001998,3,1,6156.79
U001999,1,0,0.0
U002000,1,0,0.0
U002001,4,0,0.0
U002002,1,0,0.0
U002003,1,1,2387.05
U002004,4,0,0.0
U002005,2,0,0.0
U002006,3,0,0.0
U002007,2,0,0.0
U002008,4,0,0.0
U002009,1,0,0.0
U002010,5,0,0.0
U002011,3,1,2909.56
U002012,2,0,0.0
U002013,3,0,0.0
U002014,2,0,0.0
U002015,2,0,0.0
U002016,1,0,0.0
U002017,2,0,0.0
U002018,1,1,2231.01
U002019,4,0,0.0
U002020,2,0,0.0
U002021,3,0,0.0
U002022,1,0,0.0
U002023,2,0,0.0
U002024,4,1,4741.47
U002025,4,0,0.0
U002026,2,0,0.0
U002027,3,0,0.0
U002028,2,0,0.0
U002029,2,0,0.0
U002030,5,0,0.0
U002031,2,0,0.0
U002032,2,0,0.0
U002033,1,0,0.0
U002034,4,1,2440.71
U002035,1,1,4574.22
U002036,2,0,0.0
U002037,4,0,0.0
U002038,1,0,0.0
U002039,3,0,0.0
U002040,3,0,0.0
U002041,1,0,0.0
U002042,1,0,0.0
U002043,2,0,0.0
U002044,4,0,0.0
U002045,3,0,0.0
U002046,3,0,0.0
U002047,3,0,0.0
U002048,3,0,0.0
U002049,1,0,0.0
U002050,4,1,2785.9
U002051,3,0,0.0
U002052,2,0,0.0
U002053,2,0,0.0
U002054,1,1,2202.6
U002055,1,0,0.0
U002056,3,1,1608.53
U002057,3,0,0.0
U002058,1,0,0.0
U002059,3,0,0.0
U002060,1,0,0.0
U002061,2,0,0.0
U002062,2,0,0.0
U002063,2,0,0.0
U002064,1,0,0.0
U002065,1,0,0.0
U002066,2,0,0.0
U002067,1,0,0.0
U002068,4,0,0.0
U002069,4,0,0.0
U002070,2,1,2921.43
U002071,5,1,2330.69
U002072,1,1,2307.28
U002073,1,0,0.0
U002074,2,0,0.0
U002075,2,1,2421.13
U002076,2,0,0.0
U002077,5,1,1737.13
U002078,5,0,0.0
U002079,1,0,0.0
U002080,1,0,0.0
U002081,2,0,0.0
U002082,4,0,0.0
U002083,3,0,0.0
U002084,2,1,3915.22
U002085,2,0,0.0
U002086,1,1,1849.67
U002087,1,0,0.0
U002088,1,0,0.0
U002089,3,0,0.0
U002090,2,0,0.0
U002091,3,1,2913.11
U002092,1,0,0.0
U002093,2,0,0.0
U002094,3,0,0.0
U002095,2,0,0.0
U002096,3,0,0.0
U002097,4,0,0.0
U002098,2,0,0.0
U002099,1,0,0.0
U002100,2,0,0.0
U002101,3,0,0.0
U002102,1,0,0.0
U002103,1,0,0.0
U002104,1,0,0.0
U002105,4,0,0.0
U002106,1,0,0.0
U002107,3,0,0.0
U002108,1,0,0.0
U002109,3,1,3987.62
U002110,1,0,0.0
U002111,2,0,0.0
U002112,3,0,0.0
U002113,2,0,0.0
U002114,3,0,0.0
U002115,3,0,0.0
U002116,1,0,0.0
U002117,5,0,0.0
U002118,1,0,0.0
U002119,2,0,0.0
U002120,2,0,0.0
U002121,5,0,0.0
U002122,4,1,4514.51
U002123,3,0,0.0
U002124,3,0,0.0
U002125,4,0,0.0
U002126,1,0,0.0
U002127,1,0,0.0
U002128,2,0,0.0
U002129,1,0,0.0
U002130,4,1,2254.51
U002131,2,0,0.0
U002132,2,0,0.0
U002133,1,0,0.0
U002134,3,0,0.0
U002135,2,0,0.0
U002136,4,1,3904.46
U002137,1,0,0.0
U002138,2,0,0.0
U002139,3,0,0.0
U002140,1,0,0.0
U002141,1,0,0.0
U002142,1,0,0.0
U002143,2,1,2592.98
U002144,2,0,0.0
U002145,4,1,4500.51
U002146,3,0,0.0
U002147,3,0,0.0
U002148,3,0,0.0
U002149,2,1,2609.76
U002150,1,0,0.0
U002151,4,1,5296.64
U002152,1,0,0.0
U002153,4,1,3242.75
U002154,4,0,0.0
U002155,4,0,0.0
U002156,4,0,0.0
U002157,2,0,0.0
U002158,4,0,0.0
U002159,5,0,0.0
U002160,3,0,0.0
U002161,3,0,0.0
U002162,3,1,2329.67
U002163,1,0,0.0
U002164,2,1,1959.09
U002165,3,0,0.0
U002166,2,0,0.0
U002167,3,0,0.0
U002168,2,0,0.0
U002169,1,0,0.0
U002170,2,0,0.0
U002171,2,0,0.0
U002172,2,0,0.0
U002173,3,0,0.0
U002174,1,0,0.0
U002175,1,0,0.0
U002176,3,0,0.0
U002177,2,0,0.0
U002178,4,0,0.0
U002179,4,1,3538.7
U002180,2,0,0.0
U002181,3,0,0.0
U002182,2,0,0.0
U002183,2,0,0.0
U002184,2,0,0.0
U002185,4,0,0.0
U002186,4,1,2992.31
U002187,5,0,0.0
U002188,1,0,0.0
U002189,2,0,0.0
U002190,2,0,0.0
U002191,4,0,0.0
U002192,2,0,0.0
U002193,1,0,0.0
U002194,1,0,0.0
U002195,4,0,0.0
U002196,5,1,3739.37
U002197,2,0,0.0
U002198,2,1,1996.86
U002199,1,1,2237.74
U002200,2,0,0.0
U002201,1,0,0.0
U002202,3,1,2993.55
U002203,1,0,0.0
U002204,1,0,0.0
U002205,1,0,0.0
U002206,4,0,0.0
U002207,3,0,0.0
U002208,4,1,2669.48
U002209,1,0,0.0
U002210,2,0,0.0
U002211,1,0,0.0
U002212,2,0,0.0
U002213,1,0,0.0
U002214,3,0,0.0
U002215,1,1,4972.32
U002216,5,0,0.0
U002217,1,0,0.0
U002218,4,0,0.0
U002219,1,0,0.0
U002220,1,0,0.0
U002221,3,0,0.0
U002222,3,1,1910.76
U002223,2,0,0.0
U002224,3,1,2463.86
U002225,5,0,0.0
U002226,1,0,0.0
U002227,4,0,0.0
U002228,1,0,0.0
U002229,4,1,1753.2
U002230,4,0,0.0
U002231,1,0,0.0
U002232,1,0,0.0
U002233,2,0,0.0
U002234,2,0,0.0
U002235,3,0,0.0
U002236,1,0,0.0
U002237,2,1,1923.19
U002238,2,0,0.0
U002239,2,0,0.0
U002240,2,0,0.0
U002241,2,0,0.0
U002242,3,1,2985.43
U002243,1,0,0.0
U002244,1,0,0.0
U002245,3,0,0.0
U002246,4,0,0.0
U002247,2,0,0.0
U002248,1,0,0.0
U002249,2,0,0.0
U002250,1,0,0.0
U002251,4,0,0.0
U002252,2,1,4386.48
U002253,1,0,0.0
U002254,5,1,2657.24
U002255,3,0,0.0
U002256,1,0,0.0
U002257,1,0,0.0
U002258,2,0,0.0
U002259,4,0,0.0
U002260,1,0,0.0
U002261,3,0,0.0
U002262,2,0,0.0
U002263,3,1,7334.56
U002264,1,0,0.0
U002265,1,1,3286.61
U002266,1,0,0.0
U002267,2,0,0.0
U002268,1,0,0.0
U002269,3,0,0.0
U002270,2,0,0.0
U002271,2,0,0.0
U002272,2,0,0.0
U002273,3,0,0.0
U002274,1,1,3210.94
U002275,3,0,0.0
U002276,2,0,0.0
U002277,1,0,0.0
U002278,2,0,0.0
U002279,2,0,0.0
U002280,1,0,0.0
U002281,3,0,0.0
U002282,4,0,0.0
U002283,5,0,0.0
U002284,1,0,0.0
U002285,1,0,0.0
U002286,3,1,2360.96
U002287,1,1,3300.62
U002288,4,0,0.0
U002289,1,0,0.0
U002290,2,0,0.0
U002291,2,1,3661.16
U002292,2,0,0.0
U002293,2,0,0.0
U002294,2,1,2982.07
U002295,3,0,0.0
U002296,2,0,0.0
U002297,2,0,0.0
U002298,1,0,0.0
U002299,2,0,0.0
U002300,1,0,0.0
U002301,1,0,0.0
U002302,4,1,2180.23
U002303,4,1,2009.96
U002304,1,0,0.0
U002305,2,0,0.0
U002306,2,0,0.0
U002307,3,0,0.0
U002308,3,0,0.0
U002309,1,0,0.0
U002310,2,0,0.0
U002311,1,0,0.0
U002312,4,1,3005.13
U002313,2,0,0.0
U002314,1,0,0.0
U002315,4,0,0.0
U002316,5,1,4202.72
U002317,4,0,0.0
U002318,4,0,0.0
U002319,1,0,0.0
U002320,1,0,0.0
U002321,1,0,0.0
U002322,2,0,0.0
U002323,3,1,5604.5
U002324,1,1,1743.56
U002325,4,0,0.0
U002326,1,1,4305.35
U002327,1,0,0.0
U002328,2,1,2917.15
U002329,2,0,0.0
U002330,2,0,0.0
U002331,5,0,0.0
U002332,3,0,0.0
U002333,1,0,0.0
U002334,2,0,0.0
U002335,4,0,0.0
U002336,5,1,2696.04
U002337,5,0,0.0
U002338,1,1,2637.17
U002339,2,1,4703.64
U002340,5,0,0.0
U002341,2,0,0.0
U002342,2,0,0.0
U002343,1,1,3732.24
U002344,2,1,2945.09
U002345,4,0,0.0
U002346,2,0,0.0
U002347,5,0,0.0
U002348,1,0,0.0
U002349,1,0,0.0
U002350,1,0,0.0
U002351,3,0,0.0
U002352,1,0,0.0
U002353,5,1,6224.83
U002354,5,0,0.0
U002355,1,0,0.0
U002356,5,0,0.0
U002357,1,0,0.0
U002358,2,0,0.0
U002359,2,0,0.0
U002360,1,0,0.0
U002361,2,0,0.0
U002362,2,1,2509.39
U002363,3,0,0.0
U002364,5,1,3536.91
U002365,3,1,4047.2
U002366,1,0,0.0
U002367,1,0,0.0
U002368,3,0,0.0
U002369,1,0,0.0
U002370,1,0,0.0
U002371,2,0,0.0
U002372,4,1,2487.01
U002373,2,0,0.0
U002374,3,0,0.0
U002375,3,0,0.0
U002376,1,0,0.0
U002377,1,0,0.0
U002378,4,0,0.0
U002379,2,0,0.0
U002380,1,0,0.0
U002381,1,0,0.0
U002382,2,0,0.0
U002383,1,0,0.0
U002384,3,1,1752.15
U002385,4,0,0.0
U002386,3,0,0.0
U002387,2,0,0.0
U002388,3,0,0.0
U002389,1,0,0.0
U002390,2,0,0.0
U002391,4,1,2639.64
U002392,2,0,0.0
U002393,5,0,0.0
U002394,1,0,0.0
U002395,2,0,0.0
U002396,2,0,0.0
U002397,2,0,0.0
U002398,4,0,0.0
U002399,1,0,0.0
U002400,3,0,0.0
U002401,3,0,0.0
U002402,3,0,0.0
U002403,1,0,0.0
U002404,4,1,1355.13
U002405,3,1,2367.52
U002406,1,0,0.0
U002407,3,1,2658.0
U002408,4,0,0.0
U002409,2,1,2248.12
U002410,1,0,0.0
U002411,2,0,0.0
U002412,4,0,0.0
U002413,5,1,1671.72
U002414,5,0,0.0
U002415,5,0,0.0
U002416,2,1,2389.6
U002417,1,0,0.0
U002418,1,0,0.0
U002419,2,1,2114.55
U002420,1,0,0.0
U002421,3,0,0.0
U002422,3,0,0.0
U002423,2,0,0.0
U002424,2,1,1420.48
U002425,3,0,0.0
U002426,3,0,0.0
U002427,1,0,0.0
U002428,4,1,2368.55
U002429,5,0,0.0
U002430,2,1,2041.16
U002431,3,0,0.0
U002432,1,0,0.0
U002433,2,0,0.0
U002434,2,0,0.0
U002435,1,1,5393.93
U002436,2,0,0.0
U002437,5,1,1948.52
U002438,2,0,0.0
U002439,2,1,2400.99
U002440,2,0,0.0
U002441,2,0,0.0
U002442,2,0,0.0
U002443,2,1,2888.91
U002444,2,0,0.0
U002445,2,0,0.0
U002446,1,0,0.0
U002447,5,1,1976.08
U002448,4,0,0.0
U002449,3,0,0.0
U002450,4,1,4514.96
U002451,1,0,0.0
U002452,2,0,0.0
U002453,4,0,0.0
U002454,2,0,0.0
U002455,3,0,0.0
U002456,2,0,0.0
U002457,3,1,1790.78
U002458,2,0,0.0
U002459,3,1,1932.47
U002460,1,0,0.0
U002461,1,0,0.0
U002462,2,0,0.0
U002463,1,0,0.0
U002464,4,0,0.0
U002465,1,0,0.0
U002466,3,0,0.0
U002467,5,0,0.0
U002468,2,0,0.0
U002469,1,0,0.0
U002470,2,0,0.0
U002471,2,1,2164.37
U002472,3,0,0.0
U002473,3,0,0.0
U002474,2,1,1981.31
U002475,1,0,0.0
U002476,1,0,0.0
U002477,1,1,2912.91
U002478,3,0,0.0
U002479,2,0,0.0
U002480,4,0,0.0
U002481,2,0,0.0
U002482,1,0,0.0
U002483,1,0,0.0
U002484,1,0,0.0
U002485,4,1,1575.61
U002486,2,0,0.0
U002487,3,0,0.0
U002488,3,1,2647.23
U002489,2,0,0.0
U002490,3,0,0.0
U002491,2,0,0.0
U002492,1,1,2911.49
U002493,2,0,0.0
U002494,3,1,1705.54
U002495,3,0,0.0
U002496,2,1,2395.58
U002497,5,1,4586.79
U002498,2,0,0.0
U002499,2,0,0.0
U002500,2,0,0.0
U002501,1,0,0.0
U002502,2,0,0.0
U002503,3,0,0.0
U002504,4,0,0.0
U002505,1,0,0.0
U002506,1,0,0.0
U002507,1,0,0.0
U002508,2,0,0.0
U002509,1,0,0.0
U002510,4,0,0.0
U002511,4,0,0.0
U002512,4,1,2704.54
U002513,2,0,0.0
U002514,3,0,0.0
U002515,4,0,0.0
U002516,5,0,0.0
U002517,1,1,4887.5
U002518,2,0,0.0
U002519,1,1,2860.06
U002520,5,0,0.0
U002521,3,0,0.0
U002522,2,0,0.0
U002523,5,1,2037.41
U002524,3,0,0.0
U002525,4,0,0.0
U002526,3,0,0.0
U002527,2,0,0.0
U002528,3,0,0.0
U002529,3,0,0.0
U002530,5,1,2685.65
U002531,1,0,0.0
U002532,5,1,1421.29
U002533,4,0,0.0
U002534,2,0,0.0
U002535,4,0,0.0
U002536,2,0,0.0
U002537,4,0,0.0
U002538,2,0,0.0
U002539,3,0,0.0
U002540,4,0,0.0
U002541,3,0,0.0
U002542,1,0,0.0
U002543,2,0,0.0
U002544,1,0,0.0
U002545,1,0,0.0
U002546,2,0,0.0
U002547,2,0,0.0
U002548,4,0,0.0
U002549,1,0,0.0
U002550,3,0,0.0
U002551,1,0,0.0
U002552,2,0,0.0
U002553,1,0,0.0
U002554,1,0,0.0
U002555,1,0,0.0
U002556,2,1,4046.01
U002557,2,0,0.0
U002558,5,1,3203.25
U002559,1,0,0.0
U002560,3,0,0.0
U002561,2,1,2580.88
U002562,1,0,0.0
U002563,2,0,0.0
U002564,1,0,0.0
U002565,4,0,0.0
U002566,3,1,3474.72
U002567,1,0,0.0
U002568,3,0,0.0
U002569,1,0,0.0
U002570,4,0,0.0
U002571,2,0,0.0
U002572,4,1,2549.4
U002573,5,1,3949.36
U002574,1,0,0.0
U002575,1,0,0.0
U002576,1,0,0.0
U002577,5,1,2841.19
U002578,1,0,0.0
U002579,2,0,0.0
U002580,1,0,0.0
U002581,1,0,0.0
U002582,3,0,0.0
U002583,3,0,0.0
U002584,1,0,0.0
U002585,1,0,0.0
U002586,1,0,0.0
U002587,5,0,0.0
U002588,4,0,0.0
U002589,4,0,0.0
U002590,3,1,3103.11
U002591,1,0,0.0
U002592,1,0,0.0
U002593,5,1,3949.81
U002594,4,1,3026.02
U002595,2,0,0.0
U002596,3,0,0.0
U002597,1,0,0.0
U002598,2,0,0.0
U002599,3,0,0.0
U002600,3,0,0.0
U002601,2,0,0.0
U002602,2,0,0.0
U002603,2,0,0.0
U002604,3,0,0.0
U002605,1,0,0.0
U002606,3,0,0.0
U002607,2,0,0.0
U002608,4,0,0.0
U002609,3,0,0.0
U002610,3,1,2337.62
U002611,4,0,0.0
U002612,3,0,0.0
U002613,2,1,3347.46
U002614,3,1,5599.3
U002615,3,0,0.0
U002616,2,0,0.0
U002617,2,0,0.0
U002618,3,0,0.0
U002619,4,0,0.0
U002620,3,0,0.0
U002621,1,0,0.0
U002622,2,0,0.0
U002623,2,1,2843.76
U002624,1,0,0.0
U002625,2,0,0.0
U002626,1,0,0.0
U002627,4,0,0.0
U002628,1,0,0.0
U002629,1,0,0.0
U002630,3,1,4442.32
U002631,3,0,0.0
U002632,1,0,0.0
U002633,2,0,0.0
U002634,2,0,0.0
U002635,1,0,0.0
U002636,4,1,3542.79
U002637,1,0,0.0
U002638,3,0,0.0
U002639,1,0,0.0
U002640,1,0,0.0
U002641,4,1,3654.75
U002642,1,0,0.0
U002643,2,1,3302.09
U002644,2,0,0.0
U002645,2,0,0.0
U002646,2,0,0.0
U002647,2,0,0.0
U002648,1,0,0.0
U002649,1,0,0.0
U002650,1,0,0.0
U002651,3,1,4069.89
U002652,2,0,0.0
U002653,1,0,0.0
U002654,1,0,0.0
U002655,2,0,0.0
U002656,2,0,0.0
U002657,1,0,0.0
U002658,2,0,0.0
U002659,4,0,0.0
U002660,3,0,0.0
U002661,2,1,8361.04
U002662,1,0,0.0
U002663,2,0,0.0
U002664,2,0,0.0
U002665,2,0,0.0
U002666,4,1,2010.15
U002667,3,0,0.0
U002668,2,1,4376.59
U002669,1,0,0.0
U002670,2,0,0.0
U002671,2,0,0.0
U002672,1,0,0.0
U002673,2,0,0.0
U002674,1,0,0.0
U002675,2,0,0.0
U002676,1,0,0.0
U002677,2,0,0.0
U002678,1,0,0.0
U002679,5,0,0.0
U002680,4,1,2293.63
U002681,3,0,0.0
U002682,1,0,0.0
U002683,1,1,1446.03
U002684,1,0,0.0
U002685,2,0,0.0
U002686,1,0,0.0
U002687,5,0,0.0
U002688,1,1,1486.82
U002689,4,0,0.0
U002690,1,0,0.0
U002691,2,1,1823.25
U002692,2,0,0.0
U002693,1,0,0.0
U002694,1,0,0.0
U002695,2,0,0.0
U002696,3,0,0.0
U002697,4,0,0.0
U002698,2,0,0.0
U002699,3,0,0.0
U002700,3,0,0.0
U002701,3,0,0.0
U002702,2,1,2435.75
U002703,1,0,0.0
U002704,1,0,0.0
U002705,2,0,0.0
U002706,3,0,0.0
U002707,3,1,2779.12
U002708,1,0,0.0
U002709,4,0,0.0
U002710,2,0,0.0
U002711,4,0,0.0
U002712,2,0,0.0
U002713,2,0,0.0
U002714,2,0,0.0
U002715,1,1,3265.49
U002716,2,0,0.0
U002717,2,0,0.0
U002718,3,1,2840.57
U002719,1,0,0.0
U002720,1,0,0.0
U002721,2,0,0.0
U002722,1,0,0.0
U002723,1,0,0.0
U002724,1,0,0.0
U002725,2,0,0.0
U002726,1,0,0.0
U002727,5,1,4156.63
U002728,2,0,0.0
U002729,4,1,4242.47
U002730,1,0,0.0
U002731,5,0,0.0
U002732,1,0,0.0
U002733,3,0,0.0
U002734,1,0,0.0
U002735,2,0,0.0
U002736,1,0,0.0
U002737,1,0,0.0
U002738,1,0,0.0
U002739,2,0,0.0
U002740,5,0,0.0
U002741,1,0,0.0
U002742,3,0,0.0
U002743,1,0,0.0
U002744,2,0,0.0
U002745,1,0,0.0
U002746,3,0,0.0
U002747,3,0,0.0
U002748,3,0,0.0
U002749,2,1,3738.21
U002750,4,0,0.0
U002751,2,1,2878.02
U002752,3,0,0.0
U002753,1,1,3757.51
U002754,1,0,0.0
U002755,1,0,0.0
U002756,4,1,3445.32
U002757,1,0,0.0
U002758,1,0,0.0
U002759,1,1,2108.76
U002760,4,0,0.0
U002761,4,1,2001.09
U002762,3,0,0.0
U002763,3,0,0.0
U002764,4,0,0.0
U002765,1,0,0.0
U002766,4,1,2618.78
U002767,2,1,4011.14
U002768,1,0,0.0
U002769,3,0,0.0
U002770,2,1,4732.59
U002771,3,0,0.0
U002772,1,0,0.0
U002773,2,1,1730.55
U002774,4,0,0.0
U002775,1,0,0.0
U002776,1,0,0.0
U002777,1,0,0.0
U002778,2,0,0.0
U002779,2,0,0.0
U002780,2,0,0.0
U002781,3,0,0.0
U002782,2,0,0.0
U002783,2,0,0.0
U002784,3,0,0.0
U002785,2,0,0.0
U002786,4,0,0.0
U002787,3,0,0.0
U002788,3,0,0.0
U002789,1,0,0.0
U002790,1,0,0.0
U002791,2,0,0.0
U002792,4,0,0.0
U002793,1,0,0.0
U002794,2,0,0.0
U002795,2,0,0.0
U002796,2,0,0.0
U002797,2,0,0.0
U002798,2,0,0.0
U002799,3,0,0.0
U002800,1,0,0.0
U002801,5,0,0.0
U002802,1,1,2558.13
U002803,1,0,0.0
U002804,4,0,0.0
U002805,3,0,0.0
U002806,2,0,0.0
U002807,5,1,3545.43
U002808,2,0,0.0
U002809,4,0,0.0
U002810,1,0,0.0
U002811,4,1,2797.55
U002812,4,1,1436.07
U002813,1,0,0.0
U002814,3,0,0.0
U002815,5,1,3020.84
U002816,5,0,0.0
U002817,3,0,0.0
U002818,1,0,0.0
U002819,1,0,0.0
U002820,4,0,0.0
U002821,3,0,0.0
U002822,3,0,0.0
U002823,3,0,0.0
U002824,4,0,0.0
U002825,1,0,0.0
U002826,4,0,0.0
U002827,2,0,0.0
U002828,2,1,1303.73
U002829,3,0,0.0
U002830,1,0,0.0
U002831,3,1,3631.2
U002832,1,0,0.0
U002833,1,0,0.0
U002834,1,0,0.0
U002835,1,1,4039.18
U002836,4,0,0.0
U002837,2,0,0.0
U002838,3,1,2353.77
U002839,2,0,0.0
U002840,1,0,0.0
U002841,3,0,0.0
U002842,1,0,0.0
U002843,4,0,0.0
U002844,4,0,0.0
U002845,4,1,3082.37
U002846,2,0,0.0
U002847,5,1,4872.09
U002848,2,1,5172.74
U002849,3,1,3654.52
U002850,1,0,0.0
U002851,3,0,0.0
U002852,3,0,0.0
U002853,5,0,0.0
U002854,1,0,0.0
U002855,4,0,0.0
U002856,1,0,0.0
U002857,4,0,0.0
U002858,1,0,0.0
U002859,2,0,0.0
U002860,1,0,0.0
U002861,1,0,0.0
U002862,4,1,3024.32
U002863,1,0,0.0
U002864,2,0,0.0
U002865,1,0,0.0
U002866,1,0,0.0
U002867,3,0,0.0
U002868,4,0,0.0
U002869,2,1,3498.05
U002870,1,1,1660.56
U002871,1,0,0.0
U002872,2,0,0.0
U002873,2,0,0.0
U002874,4,0,0.0
U002875,4,0,0.0
U002876,4,1,1425.09
U002877,1,0,0.0
U002878,3,1,2324.24
U002879,4,0,0.0
U002880,1,0,0.0
U002881,2,0,0.0
U002882,2,0,0.0
U002883,1,0,0.0
U002884,4,0,0.0
U002885,1,0,0.0
U002886,1,0,0.0
U002887,2,0,0.0
U002888,2,0,0.0
U002889,4,1,1898.49
U002890,3,0,0.0
U002891,4,0,0.0
U002892,2,0,0.0
U002893,1,0,0.0
U002894,4,0,0.0
U002895,2,0,0.0
U002896,4,1,2454.07
U002897,1,0,0.0
U002898,1,0,0.0
U002899,1,0,0.0
U002900,2,0,0.0
U002901,1,0,0.0
U002902,1,0,0.0
U002903,2,0,0.0
U002904,2,0,0.0
U002905,4,0,0.0
U002906,2,0,0.0
U002907,1,1,2477.38
U002908,1,0,0.0
U002909,1,0,0.0
U002910,2,1,2349.3
U002911,2,0,0.0
U002912,2,0,0.0
U002913,4,0,0.0
U002914,1,0,0.0
U002915,3,1,3724.44
U002916,3,0,0.0
U002917,1,0,0.0
U002918,2,0,0.0
U002919,2,0,0.0
U002920,1,0,0.0
U002921,2,0,0.0
U002922,1,0,0.0
U002923,3,0,0.0
U002924,1,0,0.0
U002925,4,0,0.0
U002926,4,0,0.0
U002927,1,0,0.0
U002928,1,0,0.0
U002929,1,0,0.0
U002930,1,0,0.0
U002931,1,0,0.0
U002932,3,0,0.0
U002933,2,0,0.0
U002934,1,0,0.0
U002935,2,0,0.0
U002936,2,0,0.0
U002937,1,0,0.0
U002938,2,1,5987.59
U002939,1,0,0.0
U002940,3,1,4005.55
U002941,3,0,0.0
U002942,4,0,0.0
U002943,3,0,0.0
U002944,2,0,0.0
U002945,3,0,0.0
U002946,1,0,0.0
U002947,3,1,3533.28
U002948,2,0,0.0
U002949,2,0,0.0
U002950,2,0,0.0
U002951,2,0,0.0
U002952,1,0,0.0
U002953,3,1,2439.78
U002954,3,0,0.0
U002955,2,0,0.0
U002956,2,0,0.0
U002957,5,0,0.0
U002958,2,0,0.0
U002959,1,0,0.0
U002960,1,0,0.0
U002961,1,0,0.0
U002962,2,1,4032.11
U002963,5,1,2930.49
U002964,1,0,0.0
U002965,5,0,0.0
U002966,3,0,0.0
U002967,1,0,0.0
U002968,5,0,0.0
U002969,4,0,0.0
U002970,2,0,0.0
U002971,4,1,5460.1
U002972,3,0,0.0
U002973,4,1,3559.8
U002974,1,0,0.0
U002975,2,0,0.0
U002976,1,0,0.0
U002977,3,0,0.0
U002978,4,1,3209.3
U002979,2,0,0.0
U002980,1,0,0.0
U002981,4,0,0.0
U002982,1,0,0.0
U002983,2,0,0.0
U002984,1,0,0.0
U002985,2,0,0.0
U002986,5,0,0.0
U002987,2,0,0.0
U002988,5,1,4587.28
U002989,1,0,0.0
U002990,2,0,0.0
U002991,5,0,0.0
U002992,1,0,0.0
U002993,2,0,0.0
U002994,1,0,0.0
U002995,1,0,0.0
U002996,1,0,0.0
U002997,1,0,0.0
U002998,4,1,1430.69
U002999,2,0,0.0
U003000,4,0,0.0
U003001,1,0,0.0
U003002,3,0,0.0
U003003,3,0,0.0
U003004,2,0,0.0
U003005,1,0,0.0
U003006,2,0,0.0
U003007,1,0,0.0
U003008,1,0,0.0
U003009,1,0,0.0
U003010,3,0,0.0
U003011,1,0,0.0
U003012,4,0,0.0
U003013,2,0,0.0
U003014,4,0,0.0
U003015,3,1,2183.51
U003016,2,0,0.0
U003017,2,0,0.0
U003018,1,0,0.0
U003019,1,0,0.0
U003020,3,0,0.0
U003021,5,0,0.0
U003022,5,0,0.0
U003023,4,0,0.0
U003024,2,0,0.0
U003025,2,0,0.0
U003026,4,0,0.0
U003027,1,0,0.0
U003028,1,0,0.0
U003029,2,1,3403.96
U003030,4,0,0.0
U003031,4,0,0.0
U003032,3,0,0.0
U003033,2,1,1961.32
U003034,1,0,0.0
U003035,2,0,0.0
U003036,2,0,0.0
U003037,1,1,4339.22
U003038,1,0,0.0
U003039,4,0,0.0
U003040,1,1,2503.81
U003041,3,1,3934.41
U003042,4,0,0.0
U003043,4,1,1624.71
U003044,5,1,5211.97
U003045,3,0,0.0
U003046,2,0,0.0
U003047,1,0,0.0
U003048,2,0,0.0
U003049,3,0,0.0
U003050,2,0,0.0
U003051,3,0,0.0
U003052,3,0,0.0
U003053,2,1,3796.12
U003054,1,0,0.0
U003055,2,1,2527.98
U003056,3,0,0.0
U003057,4,0,0.0
U003058,2,0,0.0
U003059,1,0,0.0
U003060,1,0,0.0
U003061,1,0,0.0
U003062,4,0,0.0
U003063,1,0,0.0
U003064,5,0,0.0
U003065,4,0,0.0
U003066,3,0,0.0
U003067,2,0,0.0
U003068,5,0,0.0
U003069,3,0,0.0
U003070,2,0,0.0
U003071,4,0,0.0
U003072,1,0,0.0
U003073,5,0,0.0
U003074,1,0,0.0
U003075,2,0,0.0
U003076,4,1,2349.99
U003077,1,0,0.0
U003078,1,0,0.0
U003079,2,0,0.0
U003080,3,0,0.0
U003081,1,0,0.0
U003082,2,0,0.0
U003083,4,0,0.0
U003084,1,0,0.0
U003085,1,0,0.0
U003086,2,0,0.0
U003087,2,0,0.0
U003088,5,0,0.0
U003089,2,0,0.0
U003090,5,1,3308.1
U003091,3,1,3236.65
U003092,4,0,0.0
U003093,2,0,0.0
U003094,2,0,0.0
U003095,1,0,0.0
U003096,2,0,0.0
U003097,4,0,0.0
U003098,1,0,0.0
U003099,3,0,0.0
U003100,1,0,0.0
U003101,1,0,0.0
U003102,1,0,0.0
U003103,2,0,0.0
U003104,1,0,0.0
U003105,1,0,0.0
U003106,1,0,0.0
U003107,4,0,0.0
U003108,4,0,0.0
U003109,4,1,3221.75
U003110,1,0,0.0
U003111,3,0,0.0
U003112,5,0,0.0
U003113,3,0,0.0
U003114,4,1,2362.3
U003115,1,0,0.0
U003116,2,0,0.0
U003117,5,0,0.0
U003118,2,0,0.0
U003119,2,1,3297.36
U003120,4,0,0.0
U003121,3,0,0.0
U003122,1,0,0.0
U003123,3,0,0.0
U003124,2,0,0.0
U003125,3,0,0.0
U003126,4,0,0.0
U003127,4,1,4691.63
U003128,3,1,5632.93
U003129,3,1,2474.21
U003130,1,0,0.0
U003131,2,0,0.0
U003132,1,0,0.0
U003133,5,1,2795.11
U003134,3,0,0.0
U003135,2,0,0.0
U003136,1,0,0.0
U003137,1,0,0.0
U003138,3,0,0.0
U003139,3,0,0.0
U003140,2,0,0.0
U003141,3,0,0.0
U003142,1,0,0.0
U003143,1,0,0.0
U003144,3,1,3263.97
U003145,2,0,0.0
U003146,2,0,0.0
U003147,4,0,0.0
U003148,1,0,0.0
U003149,1,0,0.0
U003150,2,0,0.0
U003151,2,0,0.0
U003152,1,0,0.0
U003153,3,0,0.0
U003154,2,0,0.0
U003155,2,0,0.0
U003156,1,0,0.0
U003157,3,1,6092.62
U003158,5,0,0.0
U003159,2,0,0.0
U003160,3,1,6469.89
U003161,1,0,0.0
U003162,2,0,0.0
U003163,3,0,0.0
U003164,2,0,0.0
U003165,1,0,0.0
U003166,2,0,0.0
U003167,5,0,0.0
U003168,2,1,3439.57
U003169,2,0,0.0
U003170,5,1,2921.28
U003171,1,0,0.0
U003172,2,0,0.0
U003173,2,0,0.0
U003174,5,1,4077.49
U003175,2,1,7499.44
U003176,1,0,0.0
U003177,4,0,0.0
U003178,1,0,0.0
U003179,3,0,0.0
U003180,2,0,0.0
U003181,4,1,3546.87
U003182,2,0,0.0
U003183,4,1,1872.91
U003184,2,0,0.0
U003185,4,0,0.0
U003186,1,0,0.0
U003187,1,0,0.0
U003188,1,0,0.0
U003189,3,1,1592.46
U003190,1,0,0.0
U003191,1,1,6707.59
U003192,4,1,1327.68
U003193,1,0,0.0
U003194,3,0,0.0
U003195,1,0,0.0
U003196,2,1,4264.14
U003197,1,0,0.0
U003198,1,0,0.0
U003199,4,0,0.0
U003200,2,0,0.0
U003201,2,0,0.0
U003202,1,1,2667.55
U003203,4,1,2249.1
U003204,3,0,0.0
U003205,3,0,0.0
U003206,2,0,0.0
U003207,1,0,0.0
U003208,3,0,0.0
U003209,2,1,1230.73
U003210,1,0,0.0
U003211,3,0,0.0
U003212,2,0,0.0
U003213,1,0,0.0
U003214,1,1,2371.97
U003215,1,0,0.0
U003216,1,0,0.0
U003217,3,0,0.0
U003218,3,0,0.0
U003219,4,0,0.0
U003220,4,1,1540.02
U003221,5,0,0.0
U003222,3,0,0.0
U003223,5,0,0.0
U003224,2,0,0.0
U003225,4,0,0.0
U003226,1,0,0.0
U003227,3,0,0.0
U003228,2,0,0.0
U003229,2,0,0.0
U003230,1,0,0.0
U003231,1,0,0.0
U003232,2,0,0.0
U003233,5,0,0.0
U003234,1,0,0.0
U003235,2,0,0.0
U003236,1,0,0.0
U003237,1,0,0.0
U003238,5,1,3142.14
U003239,5,0,0.0
U003240,2,0,0.0
U003241,2,0,0.0
U003242,3,0,0.0
U003243,2,0,0.0
U003244,2,0,0.0
U003245,3,0,0.0
U003246,3,0,0.0
U003247,3,0,0.0
U003248,2,0,0.0
U003249,1,0,0.0
U003250,2,0,0.0
U003251,2,0,0.0
U003252,3,0,0.0
U003253,4,0,0.0
U003254,3,0,0.0
U003255,2,0,0.0
U003256,1,0,0.0
U003257,4,1,2624.33
U003258,1,0,0.0
U003259,2,0,0.0
U003260,3,1,2902.73
U003261,1,0,0.0
U003262,3,0,0.0
U003263,1,0,0.0
U003264,1,1,5054.86
U003265,2,1,1791.39
U003266,1,0,0.0
U003267,2,0,0.0
U003268,1,0,0.0
U003269,1,0,0.0
U003270,3,1,3852.24
U003271,2,1,2103.36
U003272,1,0,0.0
U003273,5,0,0.0
U003274,2,0,0.0
U003275,3,0,0.0
U003276,2,0,0.0
U003277,3,0,0.0
U003278,2,0,0.0
U003279,1,0,0.0
U003280,1,0,0.0
U003281,2,0,0.0
U003282,4,0,0.0
U003283,2,0,0.0
U003284,1,0,0.0
U003285,4,0,0.0
U003286,2,1,3720.5
U003287,3,0,0.0
U003288,2,0,0.0
U003289,4,1,2865.28
U003290,3,0,0.0
U003291,3,0,0.0
U003292,4,0,0.0
U003293,2,1,3199.56
U003294,3,1,3118.41
U003295,2,0,0.0
U003296,5,1,4112.13
U003297,4,0,0.0
U003298,3,0,0.0
U003299,4,0,0.0
U003300,3,0,0.0
U003301,2,0,0.0
U003302,4,0,0.0
U003303,2,0,0.0
U003304,4,1,3362.07
U003305,1,0,0.0
U003306,1,0,0.0
U003307,2,0,0.0
U003308,3,0,0.0
U003309,5,0,0.0
U003310,3,0,0.0
U003311,2,0,0.0
U003312,1,0,0.0
U003313,2,0,0.0
U003314,4,0,0.0
U003315,3,0,0.0
U003316,2,1,2702.86
U003317,3,0,0.0
U003318,3,1,3393.18
U003319,4,0,0.0
U003320,2,0,0.0
U003321,2,0,0.0
U003322,1,0,0.0
U003323,2,0,0.0
U003324,1,0,0.0
U003325,5,0,0.0
U003326,2,0,0.0
U003327,5,0,0.0
U003328,1,0,0.0
U003329,2,0,0.0
U003330,2,0,0.0
U003331,2,0,0.0
U003332,3,0,0.0
U003333,3,0,0.0
U003334,2,1,2000.01
U003335,5,0,0.0
U003336,4,0,0.0
U003337,3,0,0.0
U003338,4,0,0.0
U003339,3,0,0.0
U003340,3,0,0.0
U003341,3,0,0.0
U003342,2,0,0.0
U003343,2,0,0.0
U003344,1,0,0.0
U003345,3,1,2926.84
U003346,3,0,0.0
U003347,1,0,0.0
U003348,2,0,0.0
U003349,1,0,0.0
U003350,1,0,0.0
U003351,3,0,0.0
U003352,2,0,0.0
U003353,3,0,0.0
U003354,1,0,0.0
U003355,3,0,0.0
U003356,3,0,0.0
U003357,3,0,0.0
U003358,2,0,0.0
U003359,2,0,0.0
U003360,2,0,0.0
U003361,1,0,0.0
U003362,2,0,0.0
U003363,1,0,0.0
U003364,3,0,0.0
U003365,5,1,1826.38
U003366,3,0,0.0
U003367,2,0,0.0
U003368,1,0,0.0
U003369,3,0,0.0
U003370,1,0,0.0
U003371,2,0,0.0
U003372,4,0,0.0
U003373,4,1,1449.51
U003374,1,0,0.0
U003375,3,0,0.0
U003376,1,0,0.0
U003377,1,0,0.0
U003378,2,0,0.0
U003379,2,0,0.0
U003380,1,0,0.0
U003381,3,0,0.0
U003382,2,0,0.0
U003383,2,0,0.0
U003384,2,0,0.0
U003385,2,0,0.0
U003386,3,0,0.0
U003387,3,0,0.0
U003388,1,0,0.0
U003389,1,0,0.0
U003390,1,0,0.0
U003391,1,0,0.0
U003392,3,1,5849.76
U003393,2,1,2422.94
U003394,2,0,0.0
U003395,2,0,0.0
U003396,2,0,0.0
U003397,5,0,0.0
U003398,2,0,0.0
U003399,4,0,0.0
U003400,1,0,0.0
U003401,2,0,0.0
U003402,1,0,0.0
U003403,2,0,0.0
U003404,2,0,0.0
U003405,2,0,0.0
U003406,1,0,0.0
U003407,1,0,0.0
U003408,2,0,0.0
U003409,2,0,0.0
U003410,3,1,3397.74
U003411,3,0,0.0
U003412,2,0,0.0
U003413,4,0,0.0
U003414,2,0,0.0
U003415,1,0,0.0
U003416,3,0,0.0
U003417,1,0,0.0
U003418,3,0,0.0
U003419,5,0,0.0
U003420,5,0,0.0
U003421,1,1,5951.87
U003422,4,0,0.0
U003423,4,0,0.0
U003424,2,1,4380.38
U003425,2,0,0.0
U003426,3,0,0.0
U003427,2,1,3017.85
U003428,3,1,2916.18
U003429,2,0,0.0
U003430,2,0,0.0
U003431,1,0,0.0
U003432,2,0,0.0
U003433,1,0,0.0
U003434,3,0,0.0
U003435,2,0,0.0
U003436,1,0,0.0
U003437,1,0,0.0
U003438,1,0,0.0
U003439,2,0,0.0
U003440,3,0,0.0
U003441,2,0,0.0
U003442,1,0,0.0
U003443,1,0,0.0
U003444,4,0,0.0
U003445,1,0,0.0
U003446,1,0,0.0
U003447,1,0,0.0
U003448,2,0,0.0
U003449,1,1,4029.31
U003450,1,1,2117.82
U003451,1,1,6310.22
U003452,2,0,0.0
U003453,3,0,0.0
U003454,3,0,0.0
U003455,3,0,0.0
U003456,1,0,0.0
U003457,1,0,0.0
U003458,2,0,0.0
U003459,2,1,2603.19
U003460,3,1,1891.22
U003461,3,1,1665.53
U003462,2,0,0.0
U003463,1,0,0.0
U003464,1,0,0.0
U003465,2,0,0.0
U003466,5,1,2880.39
U003467,2,0,0.0
U003468,2,1,4648.81
U003469,1,0,0.0
U003470,4,0,0.0
U003471,1,0,0.0
U003472,3,0,0.0
U003473,3,0,0.0
U003474,5,0,0.0
U003475,3,0,0.0
U003476,5,1,2609.4
U003477,1,0,0.0
U003478,1,0,0.0
U003479,2,0,0.0
U003480,1,0,0.0
U003481,4,1,2410.76
U003482,4,0,0.0
U003483,3,0,0.0
U003484,2,0,0.0
U003485,5,0,0.0
U003486,4,0,0.0
U003487,3,1,2580.55
U003488,1,1,2708.01
U003489,3,1,3551.95
U003490,4,1,2484.32
U003491,1,0,0.0
U003492,3,0,0.0
U003493,3,0,0.0
U003494,3,0,0.0
U003495,1,0,0.0
U003496,2,0,0.0
U003497,2,0,0.0
U003498,2,1,3428.39
U003499,5,1,3754.25
U003500,4,1,6672.07
U003501,3,1,2348.72
U003502,2,0,0.0
U003503,3,0,0.0
U003504,2,1,2844.26
U003505,3,0,0.0
U003506,1,1,2946.91
U003507,1,0,0.0
U003508,2,0,0.0
U003509,1,0,0.0
U003510,4,0,0.0
U003511,4,0,0.0
U003512,2,0,0.0
U003513,2,0,0.0
U003514,3,0,0.0
U003515,2,0,0.0
U003516,2,0,0.0
U003517,2,0,0.0
U003518,2,0,0.0
U003519,1,0,0.0
U003520,2,0,0.0
U003521,1,0,0.0
U003522,2,0,0.0
U003523,5,0,0.0
U003524,3,0,0.0
U003525,2,0,0.0
U003526,2,0,0.0
U003527,1,0,0.0
U003528,1,0,0.0
U003529,1,0,0.0
U003530,1,0,0.0
U003531,2,0,0.0
U003532,3,0,0.0
U003533,1,0,0.0
U003534,3,0,0.0
U003535,2,0,0.0
U003536,1,0,0.0
U003537,1,1,2236.04
U003538,1,0,0.0
U003539,4,0,0.0
U003540,3,0,0.0
U003541,4,1,2302.75
U003542,3,0,0.0
U003543,4,1,7662.6
U003544,3,0,0.0
U003545,2,0,0.0
U003546,3,0,0.0
U003547,2,0,0.0
U003548,2,0,0.0
U003549,5,0,0.0
U003550,2,0,0.0
U003551,4,0,0.0
U003552,2,1,4472.6
U003553,4,0,0.0
U003554,4,0,0.0
U003555,1,0,0.0
U003556,2,0,0.0
U003557,1,0,0.0
U003558,2,0,0.0
U003559,3,1,5003.85
U003560,1,1,4494.3
U003561,4,0,0.0
U003562,3,0,0.0
U003563,4,1,1730.55
U003564,1,0,0.0
U003565,2,1,2814.0
U003566,1,0,0.0
U003567,5,0,0.0
U003568,5,0,0.0
U003569,2,0,0.0
U003570,5,0,0.0
U003571,2,0,0.0
U003572,2,0,0.0
U003573,3,0,0.0
U003574,3,0,0.0
U003575,5,0,0.0
U003576,1,0,0.0
U003577,2,0,0.0
U003578,1,0,0.0
U003579,1,0,0.0
U003580,1,0,0.0
U003581,3,0,0.0
U003582,3,0,0.0
U003583,2,0,0.0
U003584,3,0,0.0
U003585,1,0,0.0
U003586,4,0,0.0
U003587,5,0,0.0
U003588,3,0,0.0
U003589,4,1,2266.94
U003590,1,0,0.0
U003591,1,0,0.0
U003592,3,0,0.0
U003593,1,0,0.0
U003594,4,0,0.0
U003595,2,1,2790.35
U003596,1,0,0.0
U003597,3,1,1893.18
U003598,5,0,0.0
U003599,3,1,4183.48
U003600,3,0,0.0
U003601,5,1,3569.56
U003602,1,0,0.0
U003603,1,0,0.0
U003604,1,0,0.0
U003605,2,0,0.0
U003606,1,0,0.0
U003607,1,0,0.0
U003608,5,0,0.0
U003609,3,0,0.0
U003610,3,1,2385.43
U003611,1,0,0.0
U003612,4,0,0.0
U003613,4,0,0.0
U003614,1,0,0.0
U003615,1,0,0.0
U003616,2,0,0.0
U003617,2,1,3934.8
U003618,1,0,0.0
U003619,4,1,2828.04
U003620,3,1,5687.33
U003621,4,0,0.0
U003622,2,0,0.0
U003623,3,1,3622.89
U003624,1,0,0.0
U003625,1,0,0.0
U003626,3,1,3676.47
U003627,1,0,0.0
U003628,3,0,0.0
U003629,2,0,0.0
U003630,1,0,0.0
U003631,1,0,0.0
U003632,1,1,2106.07
U003633,2,0,0.0
U003634,3,1,2776.19
U003635,2,0,0.0
U003636,2,0,0.0
U003637,5,1,4177.88
U003638,3,0,0.0
U003639,5,0,0.0
U003640,2,0,0.0
U003641,2,0,0.0
U003642,1,0,0.0
U003643,3,0,0.0
U003644,2,0,0.0
U003645,4,0,0.0
U003646,4,0,0.0
U003647,4,1,3014.18
U003648,4,0,0.0
U003649,1,0,0.0
U003650,5,0,0.0
U003651,3,1,2900.68
U003652,1,0,0.0
U003653,5,0,0.0
U003654,2,0,0.0
U003655,3,0,0.0
U003656,3,0,0.0
U003657,3,0,0.0
U003658,1,0,0.0
U003659,2,0,0.0
U003660,2,0,0.0
U003661,3,0,0.0
U003662,2,1,3069.05
U003663,4,0,0.0
U003664,3,0,0.0
U003665,3,1,3387.72
U003666,3,0,0.0
U003667,1,0,0.0
U003668,2,1,2660.88
U003669,2,0,0.0
U003670,5,1,4968.39
U003671,5,0,0.0
U003672,3,0,0.0
U003673,2,0,0.0
U003674,1,0,0.0
U003675,5,1,1814.12
U003676,4,0,0.0
U003677,4,1,3296.05
U003678,4,1,4772.95
U003679,1,0,0.0
U003680,1,0,0.0
U003681,3,0,0.0
U003682,1,0,0.0
U003683,2,0,0.0
U003684,2,0,0.0
U003685,1,0,0.0
U003686,4,0,0.0
U003687,1,0,0.0
U003688,3,1,1427.13
U003689,3,0,0.0
U003690,3,0,0.0
U003691,5,0,0.0
U003692,2,0,0.0
U003693,2,1,2431.51
U003694,1,0,0.0
U003695,3,0,0.0
U003696,3,0,0.0
U003697,5,0,0.0
U003698,1,0,0.0
U003699,1,0,0.0
U003700,1,0,0.0
U003701,4,0,0.0
U003702,3,0,0.0
U003703,5,0,0.0
U003704,1,0,0.0
U003705,1,1,2641.08
U003706,1,0,0.0
U003707,2,0,0.0
U003708,2,0,0.0
U003709,3,0,0.0
U003710,5,0,0.0
U003711,2,0,0.0
U003712,2,0,0.0
U003713,1,0,0.0
U003714,1,0,0.0
U003715,1,0,0.0
U003716,3,0,0.0
U003717,4,0,0.0
U003718,3,1,1352.57
U003719,1,0,0.0
U003720,1,0,0.0
U003721,1,1,2055.49
U003722,4,0,0.0
U003723,2,0,0.0
U003724,1,0,0.0
U003725,1,0,0.0
U003726,1,0,0.0
U003727,4,0,0.0
U003728,5,0,0.0
U003729,1,0,0.0
U003730,3,1,8565.38
U003731,2,0,0.0
U003732,3,0,0.0
U003733,1,0,0.0
U003734,1,0,0.0
U003735,2,0,0.0
U003736,1,0,0.0
U003737,1,0,0.0
U003738,2,0,0.0
U003739,3,1,4611.46
U003740,1,1,2623.25
U003741,4,0,0.0
U003742,2,0,0.0
U003743,2,0,0.0
U003744,2,1,2838.93
U003745,2,0,0.0
U003746,3,0,0.0
U003747,3,0,0.0
U003748,2,0,0.0
U003749,1,0,0.0
U003750,1,0,0.0
U003751,2,0,0.0
U003752,2,0,0.0
U003753,1,0,0.0
U003754,3,0,0.0
U003755,2,1,2080.59
U003756,4,0,0.0
U003757,2,0,0.0
U003758,4,0,0.0
U003759,1,0,0.0
U003760,2,0,0.0
U003761,5,0,0.0
U003762,3,0,0.0
U003763,1,0,0.0
U003764,3,0,0.0
U003765,1,0,0.0
U003766,2,0,0.0
U003767,1,0,0.0
U003768,3,0,0.0
U003769,3,0,0.0
U003770,1,0,0.0
U003771,4,1,2853.05
U003772,1,0,0.0
U003773,2,0,0.0
U003774,3,0,0.0
U003775,5,1,4137.46
U003776,1,0,0.0
U003777,1,0,0.0
U003778,3,0,0.0
U003779,2,0,0.0
U003780,2,0,0.0
U003781,1,1,4121.51
U003782,2,0,0.0
U003783,3,0,0.0
U003784,2,0,0.0
U003785,2,1,3738.47
U003786,1,0,0.0
U003787,2,0,0.0
U003788,2,0,0.0
U003789,2,1,4615.94
U003790,4,0,0.0
U003791,4,1,5535.13
U003792,5,1,3607.37
U003793,1,0,0.0
U003794,2,0,0.0
U003795,2,1,3602.38
U003796,1,0,0.0
U003797,1,1,4072.18
U003798,1,0,0.0
U003799,2,0,0.0
U003800,3,0,0.0
U003801,1,0,0.0
U003802,2,0,0.0
U003803,3,1,3199.94
U003804,5,1,2975.69
U003805,2,0,0.0
U003806,2,0,0.0
U003807,4,0,0.0
U003808,2,0,0.0
U003809,2,0,0.0
U003810,3,0,0.0
U003811,2,0,0.0
U003812,1,0,0.0
U003813,1,0,0.0
U003814,1,0,0.0
U003815,1,0,0.0
U003816,1,0,0.0
U003817,4,1,8442.11
U003818,5,0,0.0
U003819,1,0,0.0
U003820,3,0,0.0
U003821,1,0,0.0
U003822,1,0,0.0
U003823,3,0,0.0
U003824,5,0,0.0
U003825,1,0,0.0
U003826,3,0,0.0
U003827,3,0,0.0
U003828,5,0,0.0
U003829,3,0,0.0
U003830,1,0,0.0
U003831,4,1,2514.06
U003832,3,0,0.0
U003833,4,0,0.0
U003834,1,0,0.0
U003835,1,0,0.0
U003836,3,0,0.0
U003837,2,1,2944.26
U003838,4,1,2889.48
U003839,2,1,3135.47
U003840,2,1,2632.53
U003841,1,1,4249.81
U003842,2,0,0.0
U003843,1,0,0.0
U003844,4,0,0.0
U003845,2,1,1465.47
U003846,2,0,0.0
U003847,2,0,0.0
U003848,2,1,3101.04
U003849,1,0,0.0
U003850,2,0,0.0
U003851,4,1,2956.2
U003852,4,0,0.0
U003853,3,0,0.0
U003854,2,0,0.0
U003855,3,0,0.0
U003856,4,1,3224.25
U003857,4,0,0.0
U003858,4,0,0.0
U003859,2,0,0.0
U003860,2,1,4614.25
U003861,1,0,0.0
U003862,1,0,0.0
U003863,3,0,0.0
U003864,5,1,3761.97
U003865,1,0,0.0
U003866,3,0,0.0
U003867,1,0,0.0
U003868,3,0,0.0
U003869,2,0,0.0
U003870,2,0,0.0
U003871,3,0,0.0
U003872,1,0,0.0
U003873,1,0,0.0
U003874,3,0,0.0
U003875,1,0,0.0
U003876,3,0,0.0
U003877,1,0,0.0
U003878,2,0,0.0
U003879,2,0,0.0
U003880,1,0,0.0
U003881,3,0,0.0
U003882,5,0,0.0
U003883,1,0,0.0
U003884,1,0,0.0
U003885,1,0,0.0
U003886,3,0,0.0
U003887,4,0,0.0
U003888,3,0,0.0
U003889,5,1,2327.32
U003890,4,0,0.0
U003891,4,0,0.0
U003892,2,0,0.0
U003893,2,0,0.0
U003894,3,1,3121.84
U003895,3,1,1131.56
U003896,2,1,4109.63
U003897,1,0,0.0
U003898,4,0,0.0
U003899,2,0,0.0
U003900,4,0,0.0
U003901,4,1,2688.21
U003902,2,0,0.0
U003903,3,0,0.0
U003904,1,0,0.0
U003905,1,0,0.0
U003906,4,1,3134.09
U003907,3,0,0.0
U003908,3,0,0.0
U003909,2,0,0.0
U003910,2,0,0.0
U003911,3,0,0.0
U003912,3,1,4928.22
U003913,1,0,0.0
U003914,4,0,0.0
U003915,2,0,0.0
U003916,5,0,0.0
U003917,2,1,4447.19
U003918,4,0,0.0
U003919,2,0,0.0
U003920,5,0,0.0
U003921,1,0,0.0
U003922,4,0,0.0
U003923,2,0,0.0
U003924,2,0,0.0
U003925,3,0,0.0
U003926,2,0,0.0
U003927,2,0,0.0
U003928,3,1,3433.46
U003929,3,0,0.0
U003930,3,0,0.0
U003931,2,1,2765.84
U003932,2,0,0.0
U003933,5,0,0.0
U003934,1,0,0.0
U003935,3,0,0.0
U003936,4,0,0.0
U003937,2,0,0.0
U003938,3,0,0.0
U003939,2,0,0.0
U003940,3,0,0.0
U003941,4,0,0.0
U003942,3,0,0.0
U003943,4,0,0.0
U003944,1,0,0.0
U003945,2,1,2215.21
U003946,4,0,0.0
U003947,2,0,0.0
U003948,4,1,2159.0
U003949,4,0,0.0
U003950,2,1,2505.72
U003951,3,0,0.0
U003952,4,0,0.0
U003953,2,0,0.0
U003954,4,0,0.0
U003955,2,0,0.0
U003956,1,0,0.0
U003957,5,1,1480.19
U003958,3,0,0.0
U003959,3,1,3798.59
U003960,2,0,0.0
U003961,1,0,0.0
U003962,3,0,0.0
U003963,1,1,1650.26
U003964,5,1,6094.55
U003965,2,0,0.0
U003966,5,0,0.0
U003967,4,0,0.0
U003968,3,0,0.0
U003969,3,0,0.0
U003970,3,0,0.0
U003971,1,0,0.0
U003972,1,0,0.0
U003973,2,0,0.0
U003974,2,0,0.0
U003975,1,0,0.0
U003976,4,0,0.0
U003977,3,1,3285.4
U003978,2,0,0.0
U003979,2,0,0.0
U003980,2,0,0.0
U003981,2,0,0.0
U003982,2,0,0.0
U003983,1,0,0.0
U003984,2,0,0.0
U003985,3,0,0.0
U003986,3,1,1288.85
U003987,1,0,0.0
U003988,1,0,0.0
U003989,1,1,1910.1
U003990,3,0,0.0
U003991,3,0,0.0
U003992,1,0,0.0
U003993,2,0,0.0
U003994,3,0,0.0
U003995,3,0,0.0
U003996,1,0,0.0
U003997,3,0,0.0
U003998,5,0,0.0
U003999,1,0,0.0
U004000,3,0,0.0
U004001,5,0,0.0
U004002,3,0,0.0
U004003,2,0,0.0
U004004,3,0,0.0
U004005,2,0,0.0
U004006,1,0,0.0
U004007,1,0,0.0
U004008,3,0,0.0
U004009,3,0,0.0
U004010,1,0,0.0
U004011,2,0,0.0
U004012,3,1,2136.07
U004013,2,1,5883.18
U004014,2,1,1948.79
U004015,1,0,0.0
U004016,3,0,0.0
U004017,4,0,0.0
U004018,1,0,0.0
U004019,4,0,0.0
U004020,4,1,2470.55
U004021,1,0,0.0
U004022,1,1,1873.64
U004023,2,0,0.0
U004024,5,1,1936.81
U004025,4,0,0.0
U004026,4,0,0.0
U004027,2,1,2668.06
U004028,1,0,0.0
U004029,1,0,0.0
U004030,2,0,0.0
U004031,1,0,0.0
U004032,3,0,0.0
U004033,3,0,0.0
U004034,2,0,0.0
U004035,2,0,0.0
U004036,2,0,0.0
U004037,2,0,0.0
U004038,2,0,0.0
U004039,4,1,2588.6
U004040,1,0,0.0
U004041,2,0,0.0
U004042,5,1,1744.0
U004043,4,0,0.0
U004044,3,0,0.0
U004045,1,0,0.0
U004046,2,0,0.0
U004047,2,1,3000.6
U004048,1,0,0.0
U004049,3,1,1448.09
U004050,3,0,0.0
U004051,4,0,0.0
U004052,4,0,0.0
U004053,1,0,0.0
U004054,3,0,0.0
U004055,2,1,2664.93
U004056,3,0,0.0
U004057,2,1,2334.4
U004058,3,0,0.0
U004059,1,0,0.0
U004060,1,0,0.0
U004061,3,0,0.0
U004062,2,1,1527.51
U004063,2,0,0.0
U004064,2,0,0.0
U004065,2,0,0.0
U004066,4,0,0.0
U004067,2,0,0.0
U004068,1,0,0.0
U004069,2,0,0.0
U004070,1,0,0.0
U004071,3,1,2915.45
U004072,3,0,0.0
U004073,1,0,0.0
U004074,2,0,0.0
U004075,3,0,0.0
U004076,2,0,0.0
U004077,2,0,0.0
U004078,2,0,0.0
U004079,5,1,2725.5
U004080,5,0,0.0
U004081,2,0,0.0
U004082,5,0,0.0
U004083,3,0,0.0
U004084,4,0,0.0
U004085,1,0,0.0
U004086,3,0,0.0
U004087,3,1,4285.91
U004088,2,0,0.0
U004089,1,0,0.0
U004090,3,1,4291.58
U004091,1,0,0.0
U004092,2,0,0.0
U004093,1,0,0.0
U004094,2,1,4081.17
U004095,2,0,0.0
U004096,1,0,0.0
U004097,4,1,1920.28
U004098,2,0,0.0
U004099,1,0,0.0
U004100,1,0,0.0
U004101,3,0,0.0
U004102,1,0,0.0
U004103,1,0,0.0
U004104,2,0,0.0
U004105,1,1,4736.22
U004106,3,0,0.0
U004107,1,0,0.0
U004108,5,1,5988.64
U004109,3,1,3199.56
U004110,1,0,0.0
U004111,3,0,0.0
U004112,2,0,0.0
U004113,1,0,0.0
U004114,2,0,0.0
U004115,3,0,0.0
U004116,2,0,0.0
U004117,1,0,0.0
U004118,3,0,0.0
U004119,2,0,0.0
U004120,1,1,3587.11
U004121,1,0,0.0
U004122,4,0,0.0
U004123,1,0,0.0
U004124,3,0,0.0
U004125,3,0,0.0
U004126,1,0,0.0
U004127,2,0,0.0
U004128,1,0,0.0
U004129,4,0,0.0
U004130,3,0,0.0
U004131,2,0,0.0
U004132,5,0,0.0
U004133,4,0,0.0
U004134,3,0,0.0
U004135,3,0,0.0
U004136,1,0,0.0
U004137,4,1,5407.5
U004138,4,0,0.0
U004139,4,1,4037.89
U004140,2,0,0.0
U004141,3,0,0.0
U004142,2,0,0.0
U004143,1,0,0.0
U004144,3,0,0.0
U004145,1,0,0.0
U004146,1,1,2124.43
U004147,1,0,0.0
U004148,2,0,0.0
U004149,5,0,0.0
U004150,3,1,4976.74
U004151,1,0,0.0
U004152,5,0,0.0
U004153,3,0,0.0
U004154,3,0,0.0
U004155,1,0,0.0
U004156,2,0,0.0
U004157,3,0,0.0
U004158,3,0,0.0
U004159,1,0,0.0
U004160,5,0,0.0
U004161,3,0,0.0
U004162,5,0,0.0
U004163,2,0,0.0
U004164,2,0,0.0
U004165,4,1,2316.82
U004166,2,0,0.0
U004167,4,0,0.0
U004168,4,0,0.0
U004169,2,0,0.0
U004170,1,0,0.0
U004171,2,1,3421.02
U004172,5,0,0.0
U004173,1,0,0.0
U004174,2,0,0.0
U004175,2,0,0.0
U004176,4,0,0.0
U004177,1,1,3181.66
U004178,4,0,0.0
U004179,2,0,0.0
U004180,3,0,0.0
U004181,1,0,0.0
U004182,2,0,0.0
U004183,1,0,0.0
U004184,1,0,0.0
U004185,1,0,0.0
U004186,5,0,0.0
U004187,4,0,0.0
U004188,3,0,0.0
U004189,2,0,0.0
U004190,4,0,0.0
U004191,3,0,0.0
U004192,2,0,0.0
U004193,3,0,0.0
U004194,2,0,0.0
U004195,5,1,5863.07
U004196,2,0,0.0
U004197,4,0,0.0
U004198,3,0,0.0
U004199,4,1,2586.4
U004200,1,0,0.0
U004201,1,0,0.0
U004202,1,0,0.0
U004203,2,0,0.0
U004204,2,1,3503.41
U004205,1,0,0.0
U004206,2,0,0.0
U004207,3,1,3110.68
U004208,3,0,0.0
U004209,1,0,0.0
U004210,4,0,0.0
U004211,1,0,0.0
U004212,3,0,0.0
U004213,1,0,0.0
U004214,1,0,0.0
U004215,1,0,0.0
U004216,1,0,0.0
U004217,4,1,1606.33
U004218,1,0,0.0
U004219,3,0,0.0
U004220,1,0,0.0
U004221,3,0,0.0
U004222,2,0,0.0
U004223,3,0,0.0
U004224,3,1,1956.63
U004225,1,0,0.0
U004226,4,1,2766.53
U004227,1,0,0.0
U004228,2,0,0.0
U004229,2,0,0.0
U004230,2,0,0.0
U004231,1,0,0.0
U004232,2,1,4946.18
U004233,3,0,0.0
U004234,3,0,0.0
U004235,2,0,0.0
U004236,1,0,0.0
U004237,1,0,0.0
U004238,1,0,0.0
U004239,3,0,0.0
U004240,4,1,3616.37
U004241,2,0,0.0
U004242,2,0,0.0
U004243,2,0,0.0
U004244,5,0,0.0
U004245,1,0,0.0
U004246,4,1,3501.25
U004247,4,0,0.0
U004248,5,0,0.0
U004249,5,0,0.0
U004250,2,0,0.0
U004251,3,0,0.0
U004252,1,0,0.0
U004253,3,0,0.0
U004254,3,0,0.0
U004255,2,0,0.0
U004256,4,0,0.0
U004257,5,1,1330.59
U004258,3,1,3973.0
U004259,1,0,0.0
U004260,3,1,1582.8
U004261,1,0,0.0
U004262,2,0,0.0
U004263,2,0,0.0
U004264,2,0,0.0
U004265,2,1,3442.89
U004266,4,0,0.0
U004267,3,0,0.0
U004268,1,0,0.0
U004269,2,0,0.0
U004270,2,0,0.0
U004271,3,0,0.0
U004272,2,0,0.0
U004273,3,1,5912.87
U004274,3,0,0.0
U004275,3,0,0.0
U004276,2,0,0.0
U004277,2,0,0.0
U004278,3,0,0.0
U004279,3,1,2525.31
U004280,1,0,0.0
U004281,2,0,0.0
U004282,4,0,0.0
U004283,4,0,0.0
U004284,5,0,0.0
U004285,1,1,2467.52
U004286,1,0,0.0
U004287,2,1,4981.77
U004288,4,0,0.0
U004289,4,1,1322.99
U004290,4,1,5239.19
U004291,4,0,0.0
U004292,2,0,0.0
U004293,4,0,0.0
U004294,3,0,0.0
U004295,4,0,0.0
U004296,1,0,0.0
U004297,4,0,0.0
U004298,2,0,0.0
U004299,1,0,0.0
U004300,2,1,2401.46
U004301,5,0,0.0
U004302,2,0,0.0
U004303,1,0,0.0
U004304,1,0,0.0
U004305,2,0,0.0
U004306,3,0,0.0
U004307,5,1,2780.59
U004308,1,0,0.0
U004309,2,0,0.0
U004310,3,0,0.0
U004311,2,0,0.0
U004312,2,0,0.0
U004313,1,0,0.0
U004314,4,0,0.0
U004315,2,0,0.0
U004316,1,0,0.0
U004317,2,0,0.0
U004318,3,0,0.0
U004319,1,1,1610.08
U004320,2,0,0.0
U004321,1,0,0.0
U004322,1,1,7177.05
U004323,2,0,0.0
U004324,4,0,0.0
U004325,2,0,0.0
U004326,1,0,0.0
U004327,1,0,0.0
U004328,5,0,0.0
U004329,1,0,0.0
U004330,1,0,0.0
U004331,1,0,0.0
U004332,3,1,3583.55
U004333,1,0,0.0
U004334,2,0,0.0
U004335,5,1,1963.1
U004336,3,0,0.0
U004337,2,0,0.0
U004338,2,0,0.0
U004339,2,0,0.0
U004340,4,0,0.0
U004341,2,1,933.71
U004342,5,0,0.0
U004343,1,0,0.0
U004344,1,0,0.0
U004345,2,0,0.0
U004346,2,0,0.0
U004347,3,1,5701.49
U004348,1,0,0.0
U004349,1,0,0.0
U004350,2,0,0.0
U004351,2,0,0.0
U004352,4,0,0.0
U004353,3,0,0.0
U004354,1,1,2756.11
U004355,2,1,3409.18
U004356,4,0,0.0
U004357,1,0,0.0
U004358,4,1,3103.69
U004359,2,0,0.0
U004360,1,0,0.0
U004361,5,1,4990.29
U004362,3,0,0.0
U004363,1,0,0.0
U004364,1,0,0.0
U004365,1,0,0.0
U004366,1,0,0.0
U004367,3,0,0.0
U004368,2,0,0.0
U004369,3,0,0.0
U004370,2,0,0.0
U004371,5,0,0.0
U004372,2,0,0.0
U004373,2,0,0.0
U004374,5,1,4385.34
U004375,1,0,0.0
U004376,2,0,0.0
U004377,3,0,0.0
U004378,1,0,0.0
U004379,4,1,3216.94
U004380,4,1,3195.52
U004381,3,0,0.0
U004382,4,0,0.0
U004383,2,0,0.0
U004384,3,0,0.0
U004385,4,0,0.0
U004386,3,0,0.0
U004387,5,0,0.0
U004388,3,0,0.0
U004389,1,0,0.0
U004390,4,1,1869.41
U004391,2,0,0.0
U004392,4,0,0.0
U004393,3,0,0.0
U004394,4,1,3176.65
U004395,2,0,0.0
U004396,3,0,0.0
U004397,4,0,0.0
U004398,4,1,2263.16
U004399,2,0,0.0
U004400,5,0,0.0
U004401,2,0,0.0
U004402,2,1,3688.63
U004403,4,0,0.0
U004404,2,0,0.0
U004405,1,0,0.0
U004406,2,0,0.0
U004407,1,0,0.0
U004408,2,1,2085.81
U004409,1,0,0.0
U004410,4,1,4347.56
U004411,1,0,0.0
U004412,3,0,0.0
U004413,1,0,0.0
U004414,2,0,0.0
U004415,3,0,0.0
U004416,1,0,0.0
U004417,2,0,0.0
U004418,1,0,0.0
U004419,5,0,0.0
U004420,3,1,2219.73
U004421,4,1,1899.16
U004422,4,1,2595.68
U004423,1,1,4438.68
U004424,1,0,0.0
U004425,1,0,0.0
U004426,2,0,0.0
U004427,3,1,3395.12
U004428,1,0,0.0
U004429,5,1,4719.09
U004430,2,0,0.0
U004431,2,0,0.0
U004432,5,0,0.0
U004433,3,0,0.0
U004434,2,0,0.0
U004435,3,1,4460.11
U004436,2,0,0.0
U004437,1,0,0.0
U004438,3,0,0.0
U004439,4,0,0.0
U004440,1,0,0.0
U004441,2,0,0.0
U004442,1,0,0.0
U004443,2,1,2384.51
U004444,1,1,4180.76
U004445,1,0,0.0
U004446,1,0,0.0
U004447,1,0,0.0
U004448,1,0,0.0
U004449,2,0,0.0
U004450,5,1,5019.45
U004451,1,0,0.0
U004452,1,0,0.0
U004453,3,0,0.0
U004454,4,1,2559.38
U004455,1,0,0.0
U004456,2,0,0.0
U004457,1,0,0.0
U004458,4,0,0.0
U004459,5,1,2400.86
U004460,1,0,0.0
U004461,1,0,0.0
U004462,1,0,0.0
U004463,1,0,0.0
U004464,4,0,0.0
U004465,1,1,3241.81
U004466,4,0,0.0
U004467,1,0,0.0
U004468,1,0,0.0
U004469,2,0,0.0
U004470,3,1,3493.17
U004471,3,0,0.0
U004472,3,0,0.0
U004473,1,0,0.0
U004474,3,0,0.0
U004475,1,1,2596.15
U004476,2,0,0.0
U004477,2,1,2203.98
U004478,3,1,2349.49
U004479,2,0,0.0
U004480,1,0,0.0
U004481,1,0,0.0
U004482,1,0,0.0
U004483,3,0,0.0
U004484,3,1,3702.43
U004485,1,0,0.0
U004486,4,0,0.0
U004487,1,0,0.0
U004488,3,0,0.0
U004489,3,0,0.0
U004490,5,0,0.0
U004491,5,0,0.0
U004492,1,0,0.0
U004493,1,0,0.0
U004494,2,0,0.0
U004495,4,0,0.0
U004496,5,0,0.0
U004497,1,0,0.0
U004498,1,0,0.0
U004499,3,1,1305.73
U004500,4,0,0.0
U004501,4,0,0.0
U004502,1,0,0.0
U004503,2,0,0.0
U004504,5,0,0.0
U004505,2,0,0.0
U004506,1,0,0.0
U004507,1,0,0.0
U004508,2,0,0.0
U004509,2,0,0.0
U004510,4,1,3343.09
U004511,4,0,0.0
U004512,4,0,0.0
U004513,1,0,0.0
U004514,4,0,0.0
U004515,1,0,0.0
U004516,2,0,0.0
U004517,3,0,0.0
U004518,2,1,4539.84
U004519,2,0,0.0
U004520,2,0,0.0
U004521,2,0,0.0
U004522,4,0,0.0
U004523,4,0,0.0
U004524,1,0,0.0
U004525,1,0,0.0
U004526,2,0,0.0
U004527,2,0,0.0
U004528,4,0,0.0
U004529,2,0,0.0
U004530,1,0,0.0
U004531,4,0,0.0
U004532,1,0,0.0
U004533,1,0,0.0
U004534,3,1,5036.82
U004535,4,0,0.0
U004536,1,0,0.0
U004537,2,0,0.0
U004538,1,0,0.0
U004539,3,0,0.0
U004540,1,0,0.0
U004541,3,0,0.0
U004542,3,0,0.0
U004543,1,0,0.0
U004544,1,0,0.0
U004545,2,0,0.0
U004546,1,0,0.0
U004547,2,0,0.0
U004548,4,1,3281.43
U004549,1,1,1037.39
U004550,2,0,0.0
U004551,2,0,0.0
U004552,5,0,0.0
U004553,4,0,0.0
U004554,4,1,2472.68
U004555,3,0,0.0
U004556,2,0,0.0
U004557,3,1,1683.48
U004558,3,0,0.0
U004559,2,0,0.0
U004560,3,0,0.0
U004561,1,0,0.0
U004562,5,1,2218.11
U004563,4,0,0.0
U004564,4,0,0.0
U004565,1,0,0.0
U004566,3,0,0.0
U004567,3,0,0.0
U004568,5,0,0.0
U004569,2,0,0.0
U004570,2,0,0.0
U004571,5,0,0.0
U004572,4,0,0.0
U004573,1,0,0.0
U004574,4,0,0.0
U004575,5,0,0.0
U004576,5,0,0.0
U004577,2,0,0.0
U004578,1,0,0.0
U004579,5,0,0.0
U004580,2,0,0.0
U004581,1,0,0.0
U004582,1,0,0.0
U004583,4,1,5952.84
U004584,4,0,0.0
U004585,1,0,0.0
U004586,3,0,0.0
U004587,3,0,0.0
U004588,4,0,0.0
U004589,3,0,0.0
U004590,3,0,0.0
U004591,1,0,0.0
U004592,1,0,0.0
U004593,3,0,0.0
U004594,1,0,0.0
U004595,1,0,0.0
U004596,2,0,0.0
U004597,1,0,0.0
U004598,5,0,0.0
U004599,1,0,0.0
U004600,2,0,0.0
U004601,4,0,0.0
U004602,2,0,0.0
U004603,2,0,0.0
U004604,2,0,0.0
U004605,1,0,0.0
U004606,2,0,0.0
U004607,1,0,0.0
U004608,2,1,3006.53
U004609,2,0,0.0
U004610,3,0,0.0
U004611,1,0,0.0
U004612,4,1,1800.05
U004613,3,0,0.0
U004614,1,0,0.0
U004615,3,0,0.0
U004616,2,0,0.0
U004617,3,0,0.0
U004618,1,0,0.0
U004619,2,0,0.0
U004620,2,0,0.0
U004621,2,0,0.0
U004622,1,0,0.0
U004623,4,0,0.0
U004624,1,0,0.0
U004625,3,0,0.0
U004626,1,0,0.0
U004627,5,0,0.0
U004628,1,1,2945.04
U004629,1,0,0.0
U004630,2,0,0.0
U004631,1,0,0.0
U004632,3,0,0.0
U004633,3,0,0.0
U004634,1,0,0.0
U004635,2,0,0.0
U004636,1,0,0.0
U004637,2,0,0.0
U004638,1,0,0.0
U004639,2,0,0.0
U004640,4,0,0.0
U004641,5,0,0.0
U004642,1,0,0.0
U004643,2,0,0.0
U004644,1,0,0.0
U004645,5,0,0.0
U004646,2,0,0.0
U004647,2,0,0.0
U004648,2,0,0.0
U004649,3,1,3507.31
U004650,3,0,0.0
U004651,2,0,0.0
U004652,2,0,0.0
U004653,2,0,0.0
U004654,5,0,0.0
U004655,2,0,0.0
U004656,2,0,0.0
U004657,2,0,0.0
U004658,3,0,0.0
U004659,4,0,0.0
U004660,3,0,0.0
U004661,1,0,0.0
U004662,1,0,0.0
U004663,1,0,0.0
U004664,3,0,0.0
U004665,2,0,0.0
U004666,2,0,0.0
U004667,2,0,0.0
U004668,2,0,0.0
U004669,3,0,0.0
U004670,1,0,0.0
U004671,1,0,0.0
U004672,4,0,0.0
U004673,1,0,0.0
U004674,4,0,0.0
U004675,1,0,0.0
U004676,2,1,3219.76
U004677,4,0,0.0
U004678,1,0,0.0
U004679,4,1,2938.65
U004680,2,0,0.0
U004681,2,0,0.0
U004682,2,0,0.0
U004683,2,0,0.0
U004684,1,0,0.0
U004685,5,1,3750.23
U004686,5,0,0.0
U004687,1,0,0.0
U004688,2,0,0.0
U004689,3,0,0.0
U004690,1,0,0.0
U004691,1,0,0.0
U004692,2,1,3818.11
U004693,2,0,0.0
U004694,1,0,0.0
U004695,3,0,0.0
U004696,3,1,5261.75
U004697,1,0,0.0
U004698,2,0,0.0
U004699,1,0,0.0
U004700,5,1,2097.87
U004701,5,0,0.0
U004702,2,0,0.0
U004703,1,0,0.0
U004704,4,0,0.0
U004705,2,0,0.0
U004706,2,1,2216.26
U004707,1,1,2199.87
U004708,3,0,0.0
U004709,3,0,0.0
U004710,5,1,3895.4
U004711,2,1,4806.39
U004712,2,0,0.0
U004713,2,0,0.0
U004714,5,1,4411.96
U004715,2,0,0.0
U004716,1,0,0.0
U004717,1,0,0.0
U004718,2,0,0.0
U004719,3,1,3851.33
U004720,1,0,0.0
U004721,1,0,0.0
U004722,3,0,0.0
U004723,2,0,0.0
U004724,1,0,0.0
U004725,2,0,0.0
U004726,5,0,0.0
U004727,2,0,0.0
U004728,1,0,0.0
U004729,1,0,0.0
U004730,1,0,0.0
U004731,3,0,0.0
U004732,4,1,6964.94
U004733,4,1,6087.51
U004734,1,0,0.0
U004735,1,0,0.0
U004736,4,0,0.0
U004737,1,0,0.0
U004738,5,0,0.0
U004739,4,1,2251.5
U004740,3,0,0.0
U004741,4,1,5095.25
U004742,4,1,2912.2
U004743,1,0,0.0
U004744,2,1,3517.19
U004745,5,0,0.0
U004746,5,0,0.0
U004747,1,0,0.0
U004748,1,0,0.0
U004749,5,0,0.0
U004750,4,1,3891.72
U004751,2,1,1978.61
U004752,2,0,0.0
U004753,2,0,0.0
U004754,1,0,0.0
U004755,3,1,3650.29
U004756,2,1,2275.53
U004757,1,0,0.0
U004758,1,0,0.0
U004759,3,1,4020.78
U004760,2,0,0.0
U004761,1,0,0.0
U004762,5,1,4965.74
U004763,1,1,3564.24
U004764,2,0,0.0
U004765,1,0,0.0
U004766,4,0,0.0
U004767,1,0,0.0
U004768,5,1,3070.86
U004769,3,0,0.0
U004770,1,0,0.0
U004771,3,1,5256.57
U004772,5,0,0.0
U004773,2,0,0.0
U004774,2,0,0.0
U004775,3,0,0.0
U004776,1,0,0.0
U004777,1,0,0.0
U004778,1,0,0.0
U004779,2,0,0.0
U004780,1,1,16396.96
U004781,3,0,0.0
U004782,3,0,0.0
U004783,4,1,3247.95
U004784,2,0,0.0
U004785,4,0,0.0
U004786,1,0,0.0
U004787,1,1,2030.83
U004788,3,0,0.0
U004789,1,0,0.0
U004790,1,0,0.0
U004791,1,0,0.0
U004792,2,1,5549.35
U004793,4,0,0.0
U004794,3,0,0.0
U004795,5,1,4711.16
U004796,3,0,0.0
U004797,4,1,2966.67
U004798,1,0,0.0
U004799,5,1,2294.64
U004800,1,0,0.0
U004801,4,0,0.0
U004802,1,0,0.0
U004803,1,0,0.0
U004804,2,0,0.0
U004805,1,0,0.0
U004806,3,0,0.0
U004807,1,0,0.0
U004808,1,0,0.0
U004809,1,0,0.0
U004810,2,0,0.0
U004811,1,0,0.0
U004812,1,0,0.0
U004813,1,0,0.0
U004814,3,0,0.0
U004815,4,0,0.0
U004816,1,0,0.0
U004817,1,1,3277.07
U004818,3,0,0.0
U004819,5,1,2118.17
U004820,1,0,0.0
U004821,3,0,0.0
U004822,3,0,0.0
U004823,2,0,0.0
U004824,1,0,0.0
U004825,2,0,0.0
U004826,3,1,1892.18
U004827,2,0,0.0
U004828,2,0,0.0
U004829,2,0,0.0
U004830,3,0,0.0
U004831,3,1,4915.55
U004832,2,0,0.0
U004833,4,1,2392.57
U004834,2,1,6055.69
U004835,4,1,2879.59
U004836,5,0,0.0
U004837,1,0,0.0
U004838,1,0,0.0
U004839,2,0,0.0
U004840,3,0,0.0
U004841,3,1,6171.9
U004842,5,1,5789.32
U004843,2,0,0.0
U004844,2,0,0.0
U004845,1,0,0.0
U004846,5,0,0.0
U004847,5,0,0.0
U004848,1,0,0.0
U004849,1,0,0.0
U004850,3,0,0.0
U004851,1,0,0.0
U004852,3,0,0.0
U004853,1,0,0.0
U004854,2,0,0.0
U004855,1,0,0.0
U004856,1,0,0.0
U004857,1,0,0.0
U004858,3,0,0.0
U004859,5,1,2425.63
U004860,4,1,2105.6
U004861,4,0,0.0
U004862,4,1,2178.67
U004863,3,0,0.0
U004864,1,0,0.0
U004865,3,1,3522.54
U004866,5,0,0.0
U004867,3,1,4153.05
U004868,3,0,0.0
U004869,5,0,0.0
U004870,2,0,0.0
U004871,2,0,0.0
U004872,1,0,0.0
U004873,1,0,0.0
U004874,2,0,0.0
U004875,2,0,0.0
U004876,5,0,0.0
U004877,3,0,0.0
U004878,4,0,0.0
U004879,2,0,0.0
U004880,3,0,0.0
U004881,2,1,4377.62
U004882,1,0,0.0
U004883,1,0,0.0
U004884,5,0,0.0
U004885,3,0,0.0
U004886,2,0,0.0
U004887,2,0,0.0
U004888,2,0,0.0
U004889,3,0,0.0
U004890,1,0,0.0
U004891,3,0,0.0
U004892,2,0,0.0
U004893,3,1,4056.96
U004894,4,0,0.0
U004895,1,1,2854.54
U004896,2,0,0.0
U004897,5,0,0.0
U004898,2,0,0.0
U004899,1,0,0.0
U004900,3,1,2477.54
U004901,1,0,0.0
U004902,1,0,0.0
U004903,1,0,0.0
U004904,2,0,0.0
U004905,5,0,0.0
U004906,4,0,0.0
U004907,4,0,0.0
U004908,2,0,0.0
U004909,1,0,0.0
U004910,3,0,0.0
U004911,1,0,0.0
U004912,2,0,0.0
U004913,4,0,0.0
U004914,1,0,0.0
U004915,1,0,0.0
U004916,2,0,0.0
U004917,2,0,0.0
U004918,1,0,0.0
U004919,1,0,0.0
U004920,2,1,3289.66
U004921,4,0,0.0
U004922,4,0,0.0
U004923,4,1,1578.61
U004924,4,0,0.0
U004925,1,0,0.0
U004926,3,0,0.0
U004927,1,0,0.0
U004928,1,0,0.0
U004929,2,0,0.0
U004930,1,0,0.0
U004931,3,1,3708.07
U004932,3,0,0.0
U004933,2,0,0.0
U004934,3,0,0.0
U004935,4,0,0.0
U004936,2,0,0.0
U004937,4,0,0.0
U004938,1,1,4603.99
U004939,1,0,0.0
U004940,4,0,0.0
U004941,2,0,0.0
U004942,2,0,0.0
U004943,2,0,0.0
U004944,4,0,0.0
U004945,1,0,0.0
U004946,2,0,0.0
U004947,2,0,0.0
U004948,4,0,0.0
U004949,5,1,2920.64
U004950,3,1,2517.55
U004951,4,0,0.0
U004952,2,0,0.0
U004953,1,0,0.0
U004954,1,0,0.0
U004955,3,0,0.0
U004956,3,0,0.0
U004957,1,0,0.0
U004958,3,0,0.0
U004959,4,0,0.0
U004960,2,0,0.0
U004961,1,0,0.0
U004962,2,0,0.0
U004963,3,0,0.0
U004964,2,0,0.0
U004965,3,0,0.0
U004966,2,0,0.0
U004967,2,0,0.0
U004968,1,0,0.0
U004969,1,0,0.0
U004970,1,0,0.0
U004971,1,0,0.0
U004972,1,0,0.0
U004973,2,1,4626.34
U004974,3,0,0.0
U004975,4,1,1703.69
U004976,2,0,0.0
U004977,1,0,0.0
U004978,4,0,0.0
U004979,3,0,0.0
U004980,3,0,0.0
U004981,1,0,0.0
U004982,1,0,0.0
U004983,1,0,0.0
U004984,2,0,0.0
U004985,3,0,0.0
U004986,2,1,2925.2
U004987,1,0,0.0
U004988,3,0,0.0
U004989,1,1,1915.39
U004990,2,0,0.0
U004991,2,1,4081.47
U004992,1,0,0.0
U004993,1,0,0.0
U004994,2,1,2255.09
U004995,3,0,0.0
U004996,1,0,0.0
U004997,2,0,0.0
U004998,3,1,2254.26
U004999,2,0,0.0
U005000,1,0,0.0
U005001,3,1,2410.05
U005002,1,1,3410.22
U005003,3,0,0.0
U005004,2,0,0.0
U005005,2,0,0.0
U005006,1,0,0.0
U005007,3,1,3175.56
U005008,3,0,0.0
U005009,2,0,0.0
U005010,4,1,3028.62
U005011,1,0,0.0
U005012,2,0,0.0
U005013,1,0,0.0
U005014,2,0,0.0
U005015,3,1,4196.87
U005016,4,0,0.0
U005017,1,0,0.0
U005018,3,0,0.0
U005019,2,0,0.0
U005020,5,0,0.0
U005021,1,0,0.0
U005022,3,0,0.0
U005023,2,0,0.0
U005024,3,0,0.0
U005025,2,0,0.0
U005026,1,0,0.0
U005027,4,0,0.0
U005028,5,0,0.0
U005029,5,1,3036.59
U005030,2,1,2231.72
U005031,2,0,0.0
U005032,2,0,0.0
U005033,2,0,0.0
U005034,1,0,0.0
U005035,1,0,0.0
U005036,1,0,0.0
U005037,1,0,0.0
U005038,5,0,0.0
U005039,2,0,0.0
U005040,2,0,0.0
U005041,2,0,0.0
U005042,5,0,0.0
U005043,2,0,0.0
U005044,3,1,2948.63
U005045,1,0,0.0
U005046,4,0,0.0
U005047,4,0,0.0
U005048,3,1,1784.67
U005049,1,0,0.0
U005050,5,1,3050.97
U005051,3,0,0.0
U005052,2,0,0.0
U005053,1,0,0.0
U005054,2,0,0.0
U005055,3,0,0.0
U005056,1,1,1812.38
U005057,1,0,0.0
U005058,2,0,0.0
U005059,2,0,0.0
U005060,5,0,0.0
U005061,1,0,0.0
U005062,1,0,0.0
U005063,2,0,0.0
U005064,1,0,0.0
U005065,5,1,3876.62
U005066,3,1,4876.28
U005067,1,0,0.0
U005068,3,0,0.0
U005069,4,0,0.0
U005070,1,0,0.0
U005071,1,0,0.0
U005072,2,0,0.0
U005073,3,0,0.0
U005074,1,0,0.0
U005075,3,0,0.0
U005076,3,0,0.0
U005077,2,0,0.0
U005078,1,0,0.0
U005079,4,0,0.0
U005080,4,0,0.0
U005081,4,0,0.0
U005082,3,0,0.0
U005083,3,1,5427.15
U005084,1,0,0.0
U005085,3,0,0.0
U005086,3,0,0.0
U005087,3,0,0.0
U005088,1,0,0.0
U005089,2,0,0.0
U005090,2,1,4099.36
U005091,3,0,0.0
U005092,1,0,0.0
U005093,4,1,4071.06
U005094,2,0,0.0
U005095,2,0,0.0
U005096,4,1,2659.0
U005097,2,0,0.0
U005098,1,0,0.0
U005099,1,0,0.0
U005100,2,1,2019.91
U005101,4,1,4124.08
U005102,1,0,0.0
U005103,3,0,0.0
U005104,1,1,3543.89
U005105,2,0,0.0
U005106,1,0,0.0
U005107,1,0,0.0
U005108,4,1,3670.93
U005109,2,0,0.0
U005110,1,0,0.0
U005111,5,1,4742.93
U005112,4,0,0.0
U005113,1,0,0.0
U005114,3,0,0.0
U005115,2,0,0.0
U005116,2,0,0.0
U005117,1,0,0.0
U005118,3,0,0.0
U005119,5,0,0.0
U005120,1,0,0.0
U005121,2,0,0.0
U005122,2,0,0.0
U005123,1,0,0.0
U005124,1,0,0.0
U005125,1,1,1917.45
U005126,3,0,0.0
U005127,2,0,0.0
U005128,1,0,0.0
U005129,1,0,0.0
U005130,5,0,0.0
U005131,1,0,0.0
U005132,4,0,0.0
U005133,3,0,0.0
U005134,2,0,0.0
U005135,1,0,0.0
U005136,1,0,0.0
U005137,1,0,0.0
U005138,2,0,0.0
U005139,1,0,0.0
U005140,4,0,0.0
U005141,5,0,0.0
U005142,2,0,0.0
U005143,2,1,2952.6
U005144,3,0,0.0
U005145,1,0,0.0
U005146,5,0,0.0
U005147,2,0,0.0
U005148,2,0,0.0
U005149,5,0,0.0
U005150,3,0,0.0
U005151,1,0,0.0
U005152,2,0,0.0
U005153,1,1,4068.71
U005154,5,1,2287.43
U005155,4,0,0.0
U005156,2,0,0.0
U005157,3,0,0.0
U005158,2,0,0.0
U005159,1,0,0.0
U005160,2,0,0.0
U005161,1,0,0.0
U005162,2,1,3903.99
U005163,1,0,0.0
U005164,3,0,0.0
U005165,1,0,0.0
U005166,1,0,0.0
U005167,3,0,0.0
U005168,5,0,0.0
U005169,1,0,0.0
U005170,1,0,0.0
U005171,2,0,0.0
U005172,3,0,0.0
U005173,2,1,2432.95
U005174,2,0,0.0
U005175,1,0,0.0
U005176,4,0,0.0
U005177,2,0,0.0
U005178,1,0,0.0
U005179,3,0,0.0
U005180,2,0,0.0
U005181,4,0,0.0
U005182,4,0,0.0
U005183,5,0,0.0
U005184,4,0,0.0
U005185,5,0,0.0
U005186,4,0,0.0
U005187,1,0,0.0
U005188,2,0,0.0
U005189,4,0,0.0
U005190,4,1,3131.53
U005191,2,0,0.0
U005192,2,1,3393.09
U005193,2,1,3575.14
U005194,2,0,0.0
U005195,1,0,0.0
U005196,4,1,2225.94
U005197,3,1,3493.29
U005198,3,1,4471.48
U005199,1,0,0.0
U005200,2,0,0.0
U005201,4,0,0.0
U005202,1,0,0.0
U005203,3,0,0.0
U005204,2,0,0.0
U005205,1,0,0.0
U005206,2,0,0.0
U005207,4,0,0.0
U005208,4,0,0.0
U005209,1,0,0.0
U005210,2,0,0.0
U005211,2,0,0.0
U005212,5,0,0.0
U005213,3,0,0.0
U005214,2,0,0.0
U005215,2,0,0.0
U005216,2,0,0.0
U005217,2,1,4830.43
U005218,4,0,0.0
U005219,1,0,0.0
U005220,3,1,2448.76
U005221,3,1,4945.71
U005222,2,0,0.0
U005223,1,0,0.0
U005224,2,0,0.0
U005225,3,0,0.0
U005226,3,0,0.0
U005227,1,0,0.0
U005228,1,0,0.0
U005229,4,1,1359.75
U005230,5,1,1760.49
U005231,1,0,0.0
U005232,2,0,0.0
U005233,1,0,0.0
U005234,1,0,0.0
U005235,3,0,0.0
U005236,3,0,0.0
U005237,4,0,0.0
U005238,1,0,0.0
U005239,1,0,0.0
U005240,5,0,0.0
U005241,4,1,3182.7
U005242,2,1,2557.92
U005243,1,0,0.0
U005244,3,1,1785.93
U005245,4,1,2449.59
U005246,2,1,3355.33
U005247,3,0,0.0
U005248,2,1,3541.27
U005249,4,0,0.0
U005250,4,0,0.0
U005251,1,0,0.0
U005252,2,0,0.0
U005253,3,0,0.0
U005254,2,0,0.0
U005255,3,1,3078.8
U005256,4,0,0.0
U005257,5,0,0.0
U005258,2,1,2929.17
U005259,3,0,0.0
U005260,2,0,0.0
U005261,3,0,0.0
U005262,3,0,0.0
U005263,1,0,0.0
U005264,3,0,0.0
U005265,2,0,0.0
U005266,4,0,0.0
U005267,5,0,0.0
U005268,3,0,0.0
U005269,3,0,0.0
U005270,1,0,0.0
U005271,4,0,0.0
U005272,1,0,0.0
U005273,1,0,0.0
U005274,1,0,0.0
U005275,1,0,0.0
U005276,1,0,0.0
U005277,1,1,5375.88
U005278,1,0,0.0
U005279,3,1,3881.36
U005280,5,1,3299.17
U005281,1,0,0.0
U005282,5,0,0.0
U005283,1,0,0.0
U005284,2,0,0.0
U005285,2,0,0.0
U005286,2,1,2723.31
U005287,1,0,0.0
U005288,1,0,0.0
U005289,2,0,0.0
U005290,2,0,0.0
U005291,1,1,3315.75
U005292,5,0,0.0
U005293,3,0,0.0
U005294,2,0,0.0
U005295,4,1,2006.81
U005296,2,0,0.0
U005297,1,0,0.0
U005298,5,0,0.0
U005299,2,0,0.0
U005300,2,0,0.0
U005301,2,0,0.0
U005302,5,1,2559.71
U005303,3,0,0.0
U005304,2,0,0.0
U005305,2,0,0.0
U005306,4,0,0.0
U005307,1,0,0.0
U005308,3,0,0.0
U005309,2,0,0.0
U005310,1,0,0.0
U005311,1,0,0.0
U005312,4,0,0.0
U005313,1,0,0.0
U005314,2,0,0.0
U005315,2,0,0.0
U005316,3,0,0.0
U005317,1,0,0.0
U005318,2,0,0.0
U005319,1,0,0.0
U005320,2,0,0.0
U005321,1,0,0.0
U005322,1,0,0.0
U005323,3,1,3501.6
U005324,3,0,0.0
U005325,2,0,0.0
U005326,1,0,0.0
U005327,3,0,0.0
U005328,1,0,0.0
U005329,2,0,0.0
U005330,4,0,0.0
U005331,1,0,0.0
U005332,1,1,1677.08
U005333,5,0,0.0
U005334,5,1,2733.11
U005335,1,0,0.0
U005336,2,0,0.0
U005337,2,0,0.0
U005338,1,0,0.0
U005339,1,1,2158.64
U005340,1,1,1705.35
U005341,2,0,0.0
U005342,4,1,3916.1
U005343,3,0,0.0
U005344,2,0,0.0
U005345,2,0,0.0
U005346,2,0,0.0
U005347,5,1,5354.55
U005348,1,0,0.0
U005349,2,0,0.0
U005350,1,0,0.0
U005351,1,0,0.0
U005352,1,0,0.0
U005353,4,0,0.0
U005354,2,0,0.0
U005355,4,0,0.0
U005356,1,0,0.0
U005357,3,0,0.0
U005358,1,0,0.0
U005359,1,0,0.0
U005360,1,0,0.0
U005361,2,0,0.0
U005362,3,0,0.0
U005363,1,0,0.0
U005364,1,1,3537.61
U005365,2,1,4552.26
U005366,3,0,0.0
U005367,4,0,0.0
U005368,3,0,0.0
U005369,5,0,0.0
U005370,3,0,0.0
U005371,4,0,0.0
U005372,4,0,0.0
U005373,3,0,0.0
U005374,4,0,0.0
U005375,2,0,0.0
U005376,4,0,0.0
U005377,1,1,3622.04
U005378,3,0,0.0
U005379,4,1,3061.77
U005380,5,0,0.0
U005381,1,0,0.0
U005382,4,0,0.0
U005383,2,0,0.0
U005384,1,0,0.0
U005385,3,1,2305.12
U005386,2,0,0.0
U005387,4,0,0.0
U005388,1,0,0.0
U005389,3,0,0.0
U005390,2,0,0.0
U005391,3,0,0.0
U005392,2,0,0.0
U005393,2,0,0.0
U005394,1,0,0.0
U005395,3,0,0.0
U005396,2,0,0.0
U005397,1,0,0.0
U005398,1,0,0.0
U005399,5,0,0.0
U005400,3,0,0.0
U005401,4,1,4586.61
U005402,1,0,0.0
U005403,1,0,0.0
U005404,1,0,0.0
U005405,1,0,0.0
U005406,2,0,0.0
U005407,5,0,0.0
U005408,4,0,0.0
U005409,3,0,0.0
U005410,1,0,0.0
U005411,4,0,0.0
U005412,1,0,0.0
U005413,3,0,0.0
U005414,1,0,0.0
U005415,4,0,0.0
U005416,3,0,0.0
U005417,4,0,0.0
U005418,5,1,1618.25
U005419,2,0,0.0
U005420,1,0,0.0
U005421,2,0,0.0
U005422,3,1,3521.78
U005423,1,0,0.0
U005424,2,1,1824.53
U005425,2,0,0.0
U005426,2,0,0.0
U005427,5,0,0.0
U005428,2,0,0.0
U005429,1,0,0.0
U005430,2,1,2088.45
U005431,1,0,0.0
U005432,4,0,0.0
U005433,4,0,0.0
U005434,3,0,0.0
U005435,1,0,0.0
U005436,1,0,0.0
U005437,3,1,5292.88
U005438,4,0,0.0
U005439,1,0,0.0
U005440,2,1,3730.79
U005441,1,0,0.0
U005442,3,0,0.0
U005443,4,0,0.0
U005444,5,0,0.0
U005445,2,0,0.0
U005446,3,1,2612.67
U005447,2,0,0.0
U005448,3,0,0.0
U005449,3,0,0.0
U005450,2,0,0.0
U005451,3,0,0.0
U005452,5,1,3749.78
U005453,3,0,0.0
U005454,4,0,0.0
U005455,4,0,0.0
U005456,2,0,0.0
U005457,2,0,0.0
U005458,2,0,0.0
U005459,1,0,0.0
U005460,3,0,0.0
U005461,1,0,0.0
U005462,3,0,0.0
U005463,3,0,0.0
U005464,1,0,0.0
U005465,1,0,0.0
U005466,4,0,0.0
U005467,2,1,4016.9
U005468,1,0,0.0
U005469,2,0,0.0
U005470,3,0,0.0
U005471,1,0,0.0
U005472,2,0,0.0
U005473,4,0,0.0
U005474,4,0,0.0
U005475,4,0,0.0
U005476,1,0,0.0
U005477,1,0,0.0
U005478,3,0,0.0
U005479,4,1,3854.68
U005480,3,1,1914.97
U005481,1,1,2679.83
U005482,1,0,0.0
U005483,4,0,0.0
U005484,1,0,0.0
U005485,2,1,2896.92
U005486,2,0,0.0
U005487,4,0,0.0
U005488,2,0,0.0
U005489,3,0,0.0
U005490,1,0,0.0
U005491,5,0,0.0
U005492,1,0,0.0
U005493,1,0,0.0
U005494,1,0,0.0
U005495,2,0,0.0
U005496,1,0,0.0
U005497,2,0,0.0
U005498,3,0,0.0
U005499,1,0,0.0
U005500,1,0,0.0
U005501,4,1,6894.54
U005502,2,1,4650.88
U005503,1,0,0.0
U005504,1,0,0.0
U005505,1,0,0.0
U005506,1,0,0.0
U005507,4,0,0.0
U005508,1,0,0.0
U005509,1,0,0.0
U005510,3,0,0.0
U005511,1,0,0.0
U005512,2,0,0.0
U005513,2,1,2257.03
U005514,4,0,0.0
U005515,1,0,0.0
U005516,1,0,0.0
U005517,2,1,1875.56
U005518,1,1,3281.42
U005519,3,0,0.0
U005520,3,0,0.0
U005521,3,0,0.0
U005522,3,0,0.0
U005523,3,0,0.0
U005524,3,0,0.0
U005525,2,0,0.0
U005526,2,0,0.0
U005527,4,0,0.0
U005528,1,0,0.0
U005529,1,0,0.0
U005530,2,0,0.0
U005531,1,0,0.0
U005532,1,0,0.0
U005533,2,1,3147.16
U005534,2,0,0.0
U005535,1,1,4753.61
U005536,2,0,0.0
U005537,1,0,0.0
U005538,4,0,0.0
U005539,4,1,3638.4
U005540,5,0,0.0
U005541,3,0,0.0
U005542,2,1,5309.83
U005543,4,0,0.0
U005544,4,1,4963.62
U005545,2,0,0.0
U005546,1,0,0.0
U005547,4,0,0.0
U005548,2,0,0.0
U005549,3,0,0.0
U005550,2,0,0.0
U005551,2,0,0.0
U005552,3,0,0.0
U005553,3,0,0.0
U005554,1,0,0.0
U005555,1,0,0.0
U005556,2,0,0.0
U005557,2,0,0.0
U005558,3,0,0.0
U005559,2,0,0.0
U005560,1,0,0.0
U005561,1,0,0.0
U005562,1,0,0.0
U005563,3,0,0.0
U005564,2,0,0.0
U005565,1,0,0.0
U005566,1,0,0.0
U005567,4,0,0.0
U005568,1,0,0.0
U005569,4,1,1279.38
U005570,1,0,0.0
U005571,2,0,0.0
U005572,1,0,0.0
U005573,3,0,0.0
U005574,3,0,0.0
U005575,2,0,0.0
U005576,4,0,0.0
U005577,1,0,0.0
U005578,1,0,0.0
U005579,2,0,0.0
U005580,2,0,0.0
U005581,1,0,0.0
U005582,2,0,0.0
U005583,1,0,0.0
U005584,1,0,0.0
U005585,1,0,0.0
U005586,3,0,0.0
U005587,2,0,0.0
U005588,2,0,0.0
U005589,1,0,0.0
U005590,2,0,0.0
U005591,1,0,0.0
U005592,2,1,2731.99
U005593,3,1,5834.97
U005594,3,0,0.0
U005595,1,0,0.0
U005596,3,0,0.0
U005597,1,0,0.0
U005598,2,0,0.0
U005599,2,0,0.0
U005600,3,0,0.0
U005601,2,0,0.0
U005602,2,0,0.0
U005603,1,0,0.0
U005604,3,0,0.0
U005605,1,1,1871.1
U005606,3,0,0.0
U005607,1,0,0.0
U005608,2,1,3761.44
U005609,4,0,0.0
U005610,2,0,0.0
U005611,4,0,0.0
U005612,1,0,0.0
U005613,1,0,0.0
U005614,3,0,0.0
U005615,1,0,0.0
U005616,1,0,0.0
U005617,3,0,0.0
U005618,3,0,0.0
U005619,4,0,0.0
U005620,1,0,0.0
U005621,1,0,0.0
U005622,3,1,2755.31
U005623,4,0,0.0
U005624,3,0,0.0
U005625,1,0,0.0
U005626,3,0,0.0
U005627,1,0,0.0
U005628,2,0,0.0
U005629,2,0,0.0
U005630,3,1,5986.24
U005631,3,0,0.0
U005632,1,0,0.0
U005633,2,0,0.0
U005634,3,1,5734.12
U005635,1,0,0.0
U005636,4,0,0.0
U005637,4,0,0.0
U005638,2,0,0.0
U005639,1,0,0.0
U005640,4,0,0.0
U005641,4,0,0.0
U005642,2,0,0.0
U005643,1,0,0.0
U005644,4,0,0.0
U005645,2,0,0.0
U005646,5,1,3706.17
U005647,2,0,0.0
U005648,3,0,0.0
U005649,1,0,0.0
U005650,2,0,0.0
U005651,3,0,0.0
U005652,4,0,0.0
U005653,1,0,0.0
U005654,3,0,0.0
U005655,3,0,0.0
U005656,1,1,2838.83
U005657,2,1,7192.67
U005658,5,1,2557.28
U005659,5,0,0.0
U005660,1,0,0.0
U005661,3,1,5788.41
U005662,2,1,981.08
U005663,1,0,0.0
U005664,5,0,0.0
U005665,5,0,0.0
U005666,3,1,3131.84
U005667,2,1,3121.37
U005668,2,0,0.0
U005669,4,1,2663.93
U005670,3,0,0.0
U005671,1,0,0.0
U005672,2,0,0.0
U005673,1,0,0.0
U005674,2,0,0.0
U005675,1,0,0.0
U005676,4,0,0.0
U005677,2,0,0.0
U005678,2,0,0.0
U005679,3,0,0.0
U005680,2,0,0.0
U005681,1,0,0.0
U005682,1,1,2797.74
U005683,5,1,4610.41
U005684,2,0,0.0
U005685,2,0,0.0
U005686,1,1,2723.95
U005687,4,1,1396.25
U005688,1,0,0.0
U005689,1,0,0.0
U005690,5,1,5214.49
U005691,1,0,0.0
U005692,2,1,2681.71
U005693,4,0,0.0
U005694,3,0,0.0
U005695,2,0,0.0
U005696,2,1,4422.65
U005697,3,0,0.0
U005698,1,0,0.0
U005699,3,1,5079.76
U005700,2,0,0.0
U005701,1,0,0.0
U005702,3,0,0.0
U005703,3,0,0.0
U005704,3,0,0.0
U005705,4,0,0.0
U005706,2,1,3310.81
U005707,3,1,2600.28
U005708,1,0,0.0
U005709,1,0,0.0
U005710,1,0,0.0
U005711,2,1,1223.52
U005712,1,0,0.0
U005713,1,1,3308.4
U005714,1,0,0.0
U005715,2,0,0.0
U005716,2,0,0.0
U005717,3,0,0.0
U005718,2,0,0.0
U005719,1,0,0.0
U005720,3,0,0.0
U005721,1,0,0.0
U005722,1,0,0.0
U005723,3,0,0.0
U005724,2,0,0.0
U005725,4,0,0.0
U005726,1,1,8790.4
U005727,3,0,0.0
U005728,4,1,2997.76
U005729,1,1,2093.44
U005730,2,0,0.0
U005731,3,0,0.0
U005732,2,0,0.0
U005733,2,0,0.0
U005734,1,0,0.0
U005735,2,0,0.0
U005736,3,0,0.0
U005737,3,0,0.0
U005738,3,0,0.0
U005739,2,0,0.0
U005740,2,0,0.0
U005741,1,1,8740.67
U005742,1,0,0.0
U005743,1,0,0.0
U005744,2,0,0.0
U005745,2,0,0.0
U005746,1,0,0.0
U005747,4,1,4525.35
U005748,4,0,0.0
U005749,1,0,0.0
U005750,2,0,0.0
U005751,1,0,0.0
U005752,1,0,0.0
U005753,2,1,3119.55
U005754,3,1,3086.41
U005755,2,0,0.0
U005756,1,0,0.0
U005757,1,0,0.0
U005758,4,1,4501.63
U005759,1,0,0.0
U005760,2,0,0.0
U005761,2,0,0.0
U005762,3,1,3579.37
U005763,5,1,3652.82
U005764,1,0,0.0
U005765,2,0,0.0
U005766,2,0,0.0
U005767,4,0,0.0
U005768,5,0,0.0
U005769,1,0,0.0
U005770,2,0,0.0
U005771,2,0,0.0
U005772,4,0,0.0
U005773,1,1,3219.47
U005774,4,1,3534.08
U005775,1,0,0.0
U005776,5,1,2767.15
U005777,1,0,0.0
U005778,2,0,0.0
U005779,2,1,4892.39
U005780,2,0,0.0
U005781,3,0,0.0
U005782,2,0,0.0
U005783,3,0,0.0
U005784,2,0,0.0
U005785,2,0,0.0
U005786,3,1,1605.35
U005787,2,0,0.0
U005788,1,0,0.0
U005789,2,0,0.0
U005790,2,0,0.0
U005791,2,0,0.0
U005792,2,0,0.0
U005793,1,1,2306.19
U005794,2,0,0.0
U005795,4,1,3968.94
U005796,3,0,0.0
U005797,1,1,3237.56
U005798,1,1,2784.79
U005799,3,0,0.0
U005800,5,0,0.0
U005801,3,0,0.0
U005802,2,0,0.0
U005803,2,0,0.0
U005804,1,0,0.0
U005805,2,0,0.0
U005806,3,0,0.0
U005807,3,0,0.0
U005808,2,0,0.0
U005809,3,0,0.0
U005810,3,0,0.0
U005811,4,1,2968.96
U005812,1,0,0.0
U005813,3,0,0.0
U005814,2,0,0.0
U005815,1,0,0.0
U005816,2,0,0.0
U005817,3,0,0.0
U005818,5,0,0.0
U005819,1,0,0.0
U005820,1,1,3293.18
U005821,1,0,0.0
U005822,1,0,0.0
U005823,1,0,0.0
U005824,2,0,0.0
U005825,1,1,3172.6
U005826,5,0,0.0
U005827,3,0,0.0
U005828,1,0,0.0
U005829,3,1,2507.7
U005830,1,0,0.0
U005831,4,0,0.0
U005832,2,0,0.0
U005833,1,0,0.0
U005834,3,0,0.0
U005835,1,0,0.0
U005836,4,0,0.0
U005837,2,0,0.0
U005838,5,1,3769.24
U005839,2,1,1993.44
U005840,1,0,0.0
U005841,5,0,0.0
U005842,1,0,0.0
U005843,3,0,0.0
U005844,1,0,0.0
U005845,3,0,0.0
U005846,1,0,0.0
U005847,3,0,0.0
U005848,3,0,0.0
U005849,3,0,0.0
U005850,2,0,0.0
U005851,3,1,1794.79
U005852,5,0,0.0
U005853,2,0,0.0
U005854,4,0,0.0
U005855,2,0,0.0
U005856,2,0,0.0
U005857,2,0,0.0
U005858,2,1,3711.71
U005859,2,0,0.0
U005860,3,0,0.0
U005861,2,1,2473.03
U005862,1,0,0.0
U005863,4,0,0.0
U005864,5,0,0.0
U005865,2,1,3820.78
U005866,2,0,0.0
U005867,1,0,0.0
U005868,1,0,0.0
U005869,1,0,0.0
U005870,1,0,0.0
U005871,1,0,0.0
U005872,1,0,0.0
U005873,2,0,0.0
U005874,5,0,0.0
U005875,2,0,0.0
U005876,2,0,0.0
U005877,5,1,9090.75
U005878,4,0,0.0
U005879,1,0,0.0
U005880,3,0,0.0
U005881,4,0,0.0
U005882,2,0,0.0
U005883,2,1,4193.89
U005884,2,0,0.0
U005885,3,0,0.0
U005886,4,0,0.0
U005887,2,0,0.0
U005888,1,0,0.0
U005889,1,0,0.0
U005890,1,0,0.0
U005891,2,0,0.0
U005892,5,0,0.0
U005893,1,0,0.0
U005894,1,0,0.0
U005895,3,1,3364.95
U005896,1,0,0.0
U005897,2,0,0.0
U005898,3,0,0.0
U005899,4,1,1895.98
U005900,1,0,0.0
U005901,1,0,0.0
U005902,1,0,0.0
U005903,4,0,0.0
U005904,3,0,0.0
U005905,4,1,2201.7
U005906,1,0,0.0
U005907,3,0,0.0
U005908,1,0,0.0
U005909,1,0,0.0
U005910,1,0,0.0
U005911,3,0,0.0
U005912,4,0,0.0
U005913,1,1,2270.09
U005914,4,1,1882.66
U005915,3,0,0.0
U005916,2,1,1617.42
U005917,1,0,0.0
U005918,2,1,2100.9
U005919,2,0,0.0
U005920,2,0,0.0
U005921,3,0,0.0
U005922,1,0,0.0
U005923,2,0,0.0
U005924,1,0,0.0
U005925,1,1,7088.15
U005926,1,0,0.0
U005927,3,0,0.0
U005928,2,0,0.0
U005929,1,1,4895.52
U005930,4,0,0.0
U005931,3,0,0.0
U005932,3,0,0.0
U005933,1,0,0.0
U005934,4,0,0.0
U005935,1,0,0.0
U005936,1,0,0.0
U005937,1,0,0.0
U005938,3,0,0.0
U005939,2,0,0.0
U005940,1,0,0.0
U005941,4,0,0.0
U005942,3,0,0.0
U005943,3,0,0.0
U005944,1,0,0.0
U005945,1,0,0.0
U005946,2,0,0.0
U005947,2,0,0.0
U005948,2,1,1585.86
U005949,3,1,4006.74
U005950,1,0,0.0
U005951,1,1,3184.21
U005952,2,0,0.0
U005953,1,0,0.0
U005954,1,0,0.0
U005955,1,0,0.0
U005956,2,0,0.0
U005957,4,0,0.0
U005958,3,0,0.0
U005959,4,0,0.0
U005960,1,0,0.0
U005961,5,0,0.0
U005962,1,0,0.0
U005963,1,0,0.0
U005964,1,0,0.0
U005965,2,0,0.0
U005966,2,0,0.0
U005967,3,0,0.0
U005968,3,0,0.0
U005969,2,0,0.0
U005970,3,1,1820.51
U005971,2,0,0.0
U005972,2,0,0.0
U005973,1,0,0.0
U005974,1,0,0.0
U005975,1,1,4346.17
U005976,3,0,0.0
U005977,3,0,0.0
U005978,2,0,0.0
U005979,4,1,4480.01
U005980,2,1,3329.45
U005981,2,0,0.0
U005982,2,0,0.0
U005983,1,0,0.0
U005984,5,0,0.0
U005985,1,0,0.0
U005986,1,0,0.0
U005987,2,0,0.0
U005988,2,0,0.0
U005989,3,0,0.0
U005990,2,1,2517.27
U005991,3,0,0.0
U005992,3,1,3654.9
U005993,4,0,0.0
U005994,2,0,0.0
U005995,3,0,0.0
U005996,4,1,2522.55
U005997,2,0,0.0
U005998,2,0,0.0
U005999,3,0,0.0
U006000,2,0,0.0
U006001,4,1,1441.02
U006002,3,0,0.0
U006003,3,0,0.0
U006004,1,0,0.0
U006005,1,0,0.0
U006006,1,0,0.0
U006007,5,1,3247.94
U006008,4,0,0.0
U006009,2,0,0.0
U006010,2,0,0.0
U006011,1,0,0.0
U006012,2,0,0.0
U006013,2,1,3406.12
U006014,1,0,0.0
U006015,2,0,0.0
U006016,1,0,0.0
U006017,2,0,0.0
U006018,3,0,0.0
U006019,2,0,0.0
U006020,3,1,1878.91
U006021,1,0,0.0
U006022,3,0,0.0
U006023,1,0,0.0
U006024,2,0,0.0
U006025,1,0,0.0
U006026,4,1,3173.84
U006027,1,0,0.0
U006028,2,1,2101.02
U006029,1,0,0.0
U006030,1,0,0.0
U006031,3,1,3044.35
U006032,1,0,0.0
U006033,3,0,0.0
U006034,4,0,0.0
U006035,2,0,0.0
U006036,2,0,0.0
U006037,1,0,0.0
U006038,4,1,4407.88
U006039,3,0,0.0
U006040,2,0,0.0
U006041,1,0,0.0
U006042,2,0,0.0
U006043,1,0,0.0
U006044,4,0,0.0
U006045,4,0,0.0
U006046,2,0,0.0
U006047,3,0,0.0
U006048,3,1,2764.56
U006049,2,0,0.0
U006050,2,0,0.0
U006051,1,1,1703.65
U006052,4,1,4258.41
U006053,1,0,0.0
U006054,4,0,0.0
U006055,3,1,5614.07
U006056,1,0,0.0
U006057,3,0,0.0
U006058,5,0,0.0
U006059,4,0,0.0
U006060,1,0,0.0
U006061,4,1,2530.59
U006062,5,1,4528.61
U006063,2,0,0.0
U006064,4,1,2940.05
U006065,1,0,0.0
U006066,1,0,0.0
U006067,1,0,0.0
U006068,2,0,0.0
U006069,2,0,0.0
U006070,2,1,5435.5
U006071,2,0,0.0
U006072,2,0,0.0
U006073,1,0,0.0
U006074,1,1,2515.63
U006075,1,0,0.0
U006076,1,0,0.0
U006077,1,1,3775.69
U006078,1,0,0.0
U006079,3,0,0.0
U006080,1,0,0.0
U006081,2,0,0.0
U006082,4,0,0.0
U006083,1,0,0.0
U006084,2,1,2150.55
U006085,1,0,0.0
U006086,1,0,0.0
U006087,5,0,0.0
U006088,2,1,1854.68
U006089,1,0,0.0
U006090,2,0,0.0
U006091,5,0,0.0
U006092,5,0,0.0
U006093,2,0,0.0
U006094,3,0,0.0
U006095,4,0,0.0
U006096,1,0,0.0
U006097,1,0,0.0
U006098,2,0,0.0
U006099,2,1,2202.24
U006100,4,0,0.0
U006101,3,1,2572.68
U006102,3,0,0.0
U006103,5,0,0.0
U006104,4,0,0.0
U006105,2,0,0.0
U006106,1,1,2538.1
U006107,2,0,0.0
U006108,3,0,0.0
U006109,3,0,0.0
U006110,2,0,0.0
U006111,5,1,3601.66
U006112,2,0,0.0
U006113,2,0,0.0
U006114,4,1,2216.92
U006115,3,0,0.0
U006116,3,0,0.0
U006117,2,0,0.0
U006118,2,1,2018.79
U006119,2,0,0.0
U006120,1,0,0.0
U006121,4,0,0.0
U006122,1,0,0.0
U006123,4,0,0.0
U006124,1,0,0.0
U006125,2,1,2545.22
U006126,4,1,3150.0
U006127,2,1,2333.34
U006128,5,0,0.0
U006129,2,0,0.0
U006130,2,1,2559.94
U006131,1,0,0.0
U006132,4,0,0.0
U006133,2,1,1945.52
U006134,2,0,0.0
U006135,2,0,0.0
U006136,4,0,0.0
U006137,1,0,0.0
U006138,1,0,0.0
U006139,1,0,0.0
U006140,3,0,0.0
U006141,1,0,0.0
U006142,3,0,0.0
U006143,2,0,0.0
U006144,1,0,0.0
U006145,3,0,0.0
U006146,1,0,0.0
U006147,5,1,3030.3
U006148,1,0,0.0
U006149,3,0,0.0
U006150,3,0,0.0
U006151,1,0,0.0
U006152,1,0,0.0
U006153,3,0,0.0
U006154,1,0,0.0
U006155,2,0,0.0
U006156,1,0,0.0
U006157,2,0,0.0
U006158,1,0,0.0
U006159,1,0,0.0
U006160,2,0,0.0
U006161,3,0,0.0
U006162,1,0,0.0
U006163,2,0,0.0
U006164,1,0,0.0
U006165,4,0,0.0
U006166,2,0,0.0
U006167,1,0,0.0
U006168,1,0,0.0
U006169,3,0,0.0
U006170,2,0,0.0
U006171,1,0,0.0
U006172,4,0,0.0
U006173,1,0,0.0
U006174,3,0,0.0
U006175,3,0,0.0
U006176,3,0,0.0
U006177,4,0,0.0
U006178,2,0,0.0
U006179,1,0,0.0
U006180,3,0,0.0
U006181,1,0,0.0
U006182,1,0,0.0
U006183,3,1,2814.35
U006184,3,0,0.0
U006185,2,0,0.0
U006186,4,0,0.0
U006187,3,1,3104.55
U006188,3,0,0.0
U006189,2,0,0.0
U006190,2,0,0.0
U006191,5,0,0.0
U006192,1,0,0.0
U006193,3,0,0.0
U006194,1,0,0.0
U006195,1,0,0.0
U006196,1,0,0.0
U006197,3,1,5699.79
U006198,2,0,0.0
U006199,1,0,0.0
U006200,2,0,0.0
U006201,3,0,0.0
U006202,1,0,0.0
U006203,2,0,0.0
U006204,5,0,0.0
U006205,2,0,0.0
U006206,3,0,0.0
U006207,4,0,0.0
U006208,2,0,0.0
U006209,4,0,0.0
U006210,3,0,0.0
U006211,1,1,3123.13
U006212,2,0,0.0
U006213,2,0,0.0
U006214,2,0,0.0
U006215,3,0,0.0
U006216,1,0,0.0
U006217,5,0,0.0
U006218,1,0,0.0
U006219,5,1,1926.85
U006220,4,0,0.0
U006221,2,0,0.0
U006222,2,0,0.0
U006223,1,0,0.0
U006224,3,0,0.0
U006225,1,0,0.0
U006226,4,0,0.0
U006227,4,0,0.0
U006228,2,0,0.0
U006229,3,0,0.0
U006230,1,0,0.0
U006231,2,0,0.0
U006232,5,1,2929.49
U006233,3,1,4683.73
U006234,2,0,0.0
U006235,1,0,0.0
U006236,2,1,2841.57
U006237,4,0,0.0
U006238,1,0,0.0
U006239,2,0,0.0
U006240,2,0,0.0
U006241,3,0,0.0
U006242,3,1,2650.62
U006243,1,0,0.0
U006244,4,0,0.0
U006245,3,0,0.0
U006246,5,0,0.0
U006247,2,0,0.0
U006248,2,0,0.0
U006249,3,0,0.0
U006250,3,0,0.0
U006251,4,0,0.0
U006252,5,1,3022.6
U006253,1,0,0.0
U006254,2,0,0.0
U006255,2,0,0.0
U006256,4,1,2320.78
U006257,5,0,0.0
U006258,1,0,0.0
U006259,3,0,0.0
U006260,1,0,0.0
U006261,3,0,0.0
U006262,1,0,0.0
U006263,1,0,0.0
U006264,1,0,0.0
U006265,2,0,0.0
U006266,2,0,0.0
U006267,3,1,1704.88
U006268,3,0,0.0
U006269,5,1,3675.5
U006270,1,0,0.0
U006271,2,1,2745.2
U006272,2,1,2603.11
U006273,3,0,0.0
U006274,2,0,0.0
U006275,1,1,3234.97
U006276,2,0,0.0
U006277,1,0,0.0
U006278,2,0,0.0
U006279,3,1,1245.84
U006280,2,0,0.0
U006281,1,0,0.0
U006282,3,0,0.0
U006283,5,0,0.0
U006284,2,0,0.0
U006285,3,1,3641.75
U006286,1,0,0.0
U006287,5,0,0.0
U006288,1,0,0.0
U006289,2,0,0.0
U006290,3,0,0.0
U006291,2,0,0.0
U006292,2,0,0.0
U006293,1,0,0.0
U006294,2,0,0.0
U006295,3,0,0.0
U006296,2,0,0.0
U006297,2,1,4392.92
U006298,1,0,0.0
U006299,2,0,0.0
U006300,2,0,0.0
U006301,3,0,0.0
U006302,1,0,0.0
U006303,2,0,0.0
U006304,3,0,0.0
U006305,4,1,4801.32
U006306,4,0,0.0
U006307,1,0,0.0
U006308,2,0,0.0
U006309,4,0,0.0
U006310,4,0,0.0
U006311,2,0,0.0
U006312,4,0,0.0
U006313,4,0,0.0
U006314,2,0,0.0
U006315,3,0,0.0
U006316,2,0,0.0
U006317,1,0,0.0
U006318,5,0,0.0
U006319,2,0,0.0
U006320,2,1,7157.39
U006321,4,0,0.0
U006322,3,0,0.0
U006323,3,0,0.0
U006324,3,0,0.0
U006325,1,0,0.0
U006326,1,0,0.0
U006327,2,0,0.0
U006328,3,0,0.0
U006329,2,0,0.0
U006330,1,0,0.0
U006331,3,0,0.0
U006332,1,0,0.0
U006333,3,0,0.0
U006334,2,0,0.0
U006335,1,0,0.0
U006336,3,0,0.0
U006337,4,0,0.0
U006338,2,0,0.0
U006339,1,1,2400.73
U006340,1,0,0.0
U006341,1,0,0.0
U006342,3,0,0.0
U006343,1,0,0.0
U006344,2,0,0.0
U006345,1,0,0.0
U006346,5,0,0.0
U006347,3,1,3181.16
U006348,1,0,0.0
U006349,3,0,0.0
U006350,2,0,0.0
U006351,4,0,0.0
U006352,2,0,0.0
U006353,2,0,0.0
U006354,4,1,1825.66
U006355,5,0,0.0
U006356,1,0,0.0
U006357,4,0,0.0
U006358,4,0,0.0
U006359,2,0,0.0
U006360,1,0,0.0
U006361,1,0,0.0
U006362,4,1,1761.44
U006363,2,0,0.0
U006364,1,0,0.0
U006365,2,0,0.0
U006366,2,0,0.0
U006367,4,0,0.0
U006368,2,0,0.0
U006369,3,0,0.0
U006370,1,0,0.0
U006371,3,0,0.0
U006372,4,1,3142.69
U006373,1,0,0.0
U006374,2,0,0.0
U006375,2,0,0.0
U006376,3,0,0.0
U006377,3,0,0.0
U006378,3,0,0.0
U006379,3,0,0.0
U006380,4,1,2691.46
U006381,4,0,0.0
U006382,2,0,0.0
U006383,5,0,0.0
U006384,3,0,0.0
U006385,1,0,0.0
U006386,2,0,0.0
U006387,3,0,0.0
U006388,2,0,0.0
U006389,1,0,0.0
U006390,4,0,0.0
U006391,4,0,0.0
U006392,1,0,0.0
U006393,2,0,0.0
U006394,2,0,0.0
U006395,2,0,0.0
U006396,2,0,0.0
U006397,2,0,0.0
U006398,1,0,0.0
U006399,3,0,0.0
U006400,4,1,2751.71
U006401,1,0,0.0
U006402,5,0,0.0
U006403,2,0,0.0
U006404,2,0,0.0
U006405,2,1,2237.3
U006406,4,1,8700.07
U006407,1,0,0.0
U006408,3,0,0.0
U006409,4,0,0.0
U006410,4,1,1223.37
U006411,5,1,1711.1
U006412,3,0,0.0
U006413,2,0,0.0
U006414,5,1,4158.92
U006415,3,0,0.0
U006416,1,0,0.0
U006417,2,0,0.0
U006418,1,0,0.0
U006419,2,0,0.0
U006420,4,0,0.0
U006421,4,1,2052.04
U006422,3,0,0.0
U006423,1,0,0.0
U006424,5,1,2553.04
U006425,3,0,0.0
U006426,3,0,0.0
U006427,1,0,0.0
U006428,1,0,0.0
U006429,5,1,3140.26
U006430,2,0,0.0
U006431,2,0,0.0
U006432,2,0,0.0
U006433,2,0,0.0
U006434,3,0,0.0
U006435,3,0,0.0
U006436,1,0,0.0
U006437,1,0,0.0
U006438,1,0,0.0
U006439,2,0,0.0
U006440,3,0,0.0
U006441,3,0,0.0
U006442,3,0,0.0
U006443,2,0,0.0
U006444,2,0,0.0
U006445,1,0,0.0
U006446,1,0,0.0
U006447,2,0,0.0
U006448,1,0,0.0
U006449,2,0,0.0
U006450,2,0,0.0
U006451,3,0,0.0
U006452,1,0,0.0
U006453,5,1,1859.23
U006454,1,0,0.0
U006455,2,0,0.0
U006456,3,1,1431.43
U006457,2,1,1973.5
U006458,3,0,0.0
U006459,2,0,0.0
U006460,1,0,0.0
U006461,1,0,0.0
U006462,2,0,0.0
U006463,3,0,0.0
U006464,3,0,0.0
U006465,2,0,0.0
U006466,4,0,0.0
U006467,1,0,0.0
U006468,2,0,0.0
U006469,4,0,0.0
U006470,2,0,0.0
U006471,1,0,0.0
U006472,1,0,0.0
U006473,1,0,0.0
U006474,1,0,0.0
U006475,2,0,0.0
U006476,4,0,0.0
U006477,3,0,0.0
U006478,5,0,0.0
U006479,4,0,0.0
U006480,3,1,4513.34
U006481,2,0,0.0
U006482,2,0,0.0
U006483,3,0,0.0
U006484,2,0,0.0
U006485,4,1,3399.92
U006486,3,0,0.0
U006487,5,0,0.0
U006488,4,0,0.0
U006489,2,0,0.0
U006490,3,1,5788.29
U006491,5,1,1815.85
U006492,2,0,0.0
U006493,5,0,0.0
U006494,2,0,0.0
U006495,3,0,0.0
U006496,4,1,3275.69
U006497,3,0,0.0
U006498,1,0,0.0
U006499,4,0,0.0
U006500,2,1,4202.18
U006501,4,0,0.0
U006502,5,0,0.0
U006503,1,1,3596.46
U006504,1,0,0.0
U006505,5,0,0.0
U006506,3,0,0.0
U006507,2,1,2238.95
U006508,3,0,0.0
U006509,4,0,0.0
U006510,2,0,0.0
U006511,1,0,0.0
U006512,1,0,0.0
U006513,3,0,0.0
U006514,1,0,0.0
U006515,5,0,0.0
U006516,3,0,0.0
U006517,3,0,0.0
U006518,3,0,0.0
U006519,2,0,0.0
U006520,3,1,1547.67
U006521,1,0,0.0
U006522,3,0,0.0
U006523,2,0,0.0
U006524,1,1,3448.33
U006525,1,0,0.0
U006526,3,0,0.0
U006527,1,0,0.0
U006528,2,0,0.0
U006529,1,1,4220.66
U006530,4,0,0.0
U006531,1,0,0.0
U006532,1,0,0.0
U006533,5,1,4767.84
U006534,1,0,0.0
U006535,2,0,0.0
U006536,2,1,3595.45
U006537,2,0,0.0
U006538,1,0,0.0
U006539,2,0,0.0
U006540,4,0,0.0
U006541,4,0,0.0
U006542,1,1,1990.21
U006543,5,1,2704.09
U006544,1,0,0.0
U006545,4,0,0.0
U006546,3,0,0.0
U006547,3,1,1746.15
U006548,1,0,0.0
U006549,5,0,0.0
U006550,3,0,0.0
U006551,1,0,0.0
U006552,3,0,0.0
U006553,4,0,0.0
U006554,1,1,3106.27
U006555,5,0,0.0
U006556,1,0,0.0
U006557,1,0,0.0
U006558,1,0,0.0
U006559,1,0,0.0
U006560,1,0,0.0
U006561,4,0,0.0
U006562,1,0,0.0
U006563,2,1,1778.12
U006564,1,0,0.0
U006565,5,0,0.0
U006566,4,0,0.0
U006567,5,0,0.0
U006568,1,0,0.0
U006569,3,1,3951.84
U006570,1,0,0.0
U006571,3,0,0.0
U006572,4,0,0.0
U006573,1,0,0.0
U006574,1,0,0.0
U006575,3,1,1879.37
U006576,1,0,0.0
U006577,4,0,0.0
U006578,1,0,0.0
U006579,4,0,0.0
U006580,5,0,0.0
U006581,2,0,0.0
U006582,1,1,3260.92
U006583,2,0,0.0
U006584,2,0,0.0
U006585,3,0,0.0
U006586,2,0,0.0
U006587,2,0,0.0
U006588,5,1,4117.68
U006589,3,0,0.0
U006590,5,0,0.0
U006591,5,1,4533.16
U006592,3,0,0.0
U006593,2,0,0.0
U006594,1,0,0.0
U006595,4,1,3859.6
U006596,1,0,0.0
U006597,3,0,0.0
U006598,1,0,0.0
U006599,2,0,0.0
U006600,2,0,0.0
U006601,2,0,0.0
U006602,3,0,0.0
U006603,2,0,0.0
U006604,3,0,0.0
U006605,2,0,0.0
U006606,2,0,0.0
U006607,3,0,0.0
U006608,2,0,0.0
U006609,3,0,0.0
U006610,1,0,0.0
U006611,2,0,0.0
U006612,1,0,0.0
U006613,2,1,917.63
U006614,1,0,0.0
U006615,4,0,0.0
U006616,2,0,0.0
U006617,2,0,0.0
U006618,4,0,0.0
U006619,1,0,0.0
U006620,2,0,0.0
U006621,5,0,0.0
U006622,1,0,0.0
U006623,2,0,0.0
U006624,3,1,3413.3
U006625,1,0,0.0
U006626,1,0,0.0
U006627,1,0,0.0
U006628,2,0,0.0
U006629,3,0,0.0
U006630,3,0,0.0
U006631,3,0,0.0
U006632,1,0,0.0
U006633,2,0,0.0
U006634,2,0,0.0
U006635,5,0,0.0
U006636,2,0,0.0
U006637,2,0,0.0
U006638,2,0,0.0
U006639,1,0,0.0
U006640,3,0,0.0
U006641,1,0,0.0
U006642,2,1,4705.61
U006643,1,0,0.0
U006644,2,0,0.0
U006645,3,0,0.0
U006646,5,0,0.0
U006647,3,1,4629.14
U006648,2,0,0.0
U006649,2,1,3408.01
U006650,1,0,0.0
U006651,4,0,0.0
U006652,1,0,0.0
U006653,4,0,0.0
U006654,2,1,6211.13
U006655,2,0,0.0
U006656,3,0,0.0
U006657,4,0,0.0
U006658,1,0,0.0
U006659,3,0,0.0
U006660,5,0,0.0
U006661,2,0,0.0
U006662,1,1,2000.33
U006663,3,0,0.0
U006664,2,0,0.0
U006665,1,0,0.0
U006666,2,0,0.0
U006667,3,0,0.0
U006668,3,0,0.0
U006669,2,1,2933.4
U006670,1,0,0.0
U006671,2,0,0.0
U006672,3,0,0.0
U006673,2,0,0.0
U006674,3,0,0.0
U006675,2,0,0.0
U006676,2,0,0.0
U006677,2,0,0.0
U006678,2,1,1833.66
U006679,1,0,0.0
U006680,2,1,2527.16
U006681,5,1,3188.56
U006682,4,0,0.0
U006683,1,0,0.0
U006684,2,0,0.0
U006685,1,0,0.0
U006686,3,0,0.0
U006687,4,1,2645.51
U006688,2,0,0.0
U006689,4,0,0.0
U006690,4,0,0.0
U006691,2,1,2024.83
U006692,2,0,0.0
U006693,3,0,0.0
U006694,2,0,0.0
U006695,3,0,0.0
U006696,2,0,0.0
U006697,4,0,0.0
U006698,4,0,0.0
U006699,2,1,3798.54
U006700,1,0,0.0
U006701,1,0,0.0
U006702,4,0,0.0
U006703,3,0,0.0
U006704,1,0,0.0
U006705,4,0,0.0
U006706,3,0,0.0
U006707,1,0,0.0
U006708,1,0,0.0
U006709,2,0,0.0
U006710,5,1,3403.13
U006711,5,0,0.0
U006712,3,1,6217.85
U006713,1,1,1698.64
U006714,1,0,0.0
U006715,1,0,0.0
U006716,1,0,0.0
U006717,1,0,0.0
U006718,2,0,0.0
U006719,4,1,3269.19
U006720,1,0,0.0
U006721,1,1,2070.64
U006722,5,1,2311.02
U006723,2,0,0.0
U006724,2,1,3086.35
U006725,1,0,0.0
U006726,2,0,0.0
U006727,2,1,1287.25
U006728,4,0,0.0
U006729,4,1,5836.37
U006730,1,0,0.0
U006731,5,1,3340.59
U006732,4,0,0.0
U006733,4,0,0.0
U006734,2,0,0.0
U006735,4,0,0.0
U006736,1,0,0.0
U006737,2,0,0.0
U006738,5,0,0.0
U006739,5,0,0.0
U006740,3,0,0.0
U006741,1,0,0.0
U006742,3,0,0.0
U006743,3,1,3705.22
U006744,3,1,2177.14
U006745,3,0,0.0
U006746,1,0,0.0
U006747,2,1,1307.66
U006748,1,0,0.0
U006749,2,0,0.0
U006750,4,1,4154.96
U006751,1,0,0.0
U006752,2,0,0.0
U006753,5,0,0.0
U006754,5,0,0.0
U006755,1,0,0.0
U006756,1,0,0.0
U006757,3,0,0.0
U006758,2,0,0.0
U006759,3,0,0.0
U006760,2,0,0.0
U006761,4,0,0.0
U006762,1,0,0.0
U006763,4,0,0.0
U006764,2,0,0.0
U006765,1,0,0.0
U006766,1,0,0.0
U006767,3,0,0.0
U006768,1,0,0.0
U006769,2,1,2358.55
U006770,2,0,0.0
U006771,1,0,0.0
U006772,2,0,0.0
U006773,1,0,0.0
U006774,2,0,0.0
U006775,5,1,5566.22
U006776,2,0,0.0
U006777,1,0,0.0
U006778,1,0,0.0
U006779,5,0,0.0
U006780,1,0,0.0
U006781,5,1,4999.93
U006782,1,0,0.0
U006783,4,0,0.0
U006784,3,0,0.0
U006785,2,0,0.0
U006786,3,0,0.0
U006787,2,0,0.0
U006788,3,0,0.0
U006789,5,0,0.0
U006790,2,0,0.0
U006791,3,0,0.0
U006792,2,0,0.0
U006793,2,0,0.0
U006794,1,0,0.0
U006795,2,1,2635.86
U006796,1,0,0.0
U006797,5,1,2821.06
U006798,4,1,3673.54
U006799,2,1,4067.04
U006800,1,0,0.0
U006801,5,0,0.0
U006802,4,1,1704.15
U006803,3,0,0.0
U006804,1,0,0.0
U006805,2,0,0.0
U006806,4,0,0.0
U006807,3,0,0.0
U006808,3,0,0.0
U006809,3,1,3953.78
U006810,2,0,0.0
U006811,1,0,0.0
U006812,2,0,0.0
U006813,1,0,0.0
U006814,5,1,1235.74
U006815,1,0,0.0
U006816,2,1,8062.34
U006817,5,0,0.0
U006818,2,0,0.0
U006819,2,0,0.0
U006820,1,0,0.0
U006821,4,0,0.0
U006822,2,0,0.0
U006823,2,0,0.0
U006824,3,1,6212.83
U006825,1,0,0.0
U006826,1,0,0.0
U006827,4,0,0.0
U006828,1,0,0.0
U006829,1,0,0.0
U006830,1,0,0.0
U006831,3,0,0.0
U006832,1,0,0.0
U006833,3,0,0.0
U006834,2,0,0.0
U006835,3,0,0.0
U006836,1,0,0.0
U006837,4,1,1524.14
U006838,1,0,0.0
U006839,2,0,0.0
U006840,3,1,3218.88
U006841,4,0,0.0
U006842,2,0,0.0
U006843,2,1,3803.09
U006844,4,0,0.0
U006845,1,0,0.0
U006846,2,0,0.0
U006847,1,0,0.0
U006848,2,0,0.0
U006849,3,0,0.0
U006850,3,0,0.0
U006851,5,1,4660.42
U006852,3,1,3328.58
U006853,2,0,0.0
U006854,3,1,1623.42
U006855,2,1,1711.45
U006856,4,1,2570.26
U006857,2,0,0.0
U006858,3,0,0.0
U006859,1,0,0.0
U006860,1,0,0.0
U006861,2,0,0.0
U006862,1,0,0.0
U006863,2,0,0.0
U006864,1,0,0.0
U006865,3,0,0.0
U006866,1,1,4589.57
U006867,5,0,0.0
U006868,2,0,0.0
U006869,1,0,0.0
U006870,4,0,0.0
U006871,2,0,0.0
U006872,1,0,0.0
U006873,3,0,0.0
U006874,4,0,0.0
U006875,4,1,2581.36
U006876,4,0,0.0
U006877,1,0,0.0
U006878,1,0,0.0
U006879,4,1,2734.59
U006880,3,0,0.0
U006881,4,0,0.0
U006882,1,0,0.0
U006883,2,0,0.0
U006884,2,0,0.0
U006885,5,1,2845.19
U006886,1,0,0.0
U006887,1,0,0.0
U006888,4,0,0.0
U006889,5,0,0.0
U006890,1,0,0.0
U006891,2,0,0.0
U006892,1,0,0.0
U006893,4,1,3949.19
U006894,2,0,0.0
U006895,2,0,0.0
U006896,5,1,2713.32
U006897,3,1,4729.6
U006898,4,1,3384.67
U006899,4,1,5190.43
U006900,1,0,0.0
U006901,5,0,0.0
U006902,1,0,0.0
U006903,5,0,0.0
U006904,1,0,0.0
U006905,3,0,0.0
U006906,2,0,0.0
U006907,2,0,0.0
U006908,1,0,0.0
U006909,1,0,0.0
U006910,1,0,0.0
U006911,1,0,0.0
U006912,5,1,3664.55
U006913,5,0,0.0
U006914,1,0,0.0
U006915,2,0,0.0
U006916,1,0,0.0
U006917,2,0,0.0
U006918,2,0,0.0
U006919,2,0,0.0
U006920,2,0,0.0
U006921,4,0,0.0
U006922,2,1,2318.03
U006923,2,0,0.0
U006924,3,0,0.0
U006925,4,1,3210.3
U006926,2,0,0.0
U006927,2,0,0.0
U006928,2,1,3723.01
U006929,2,0,0.0
U006930,2,1,1731.04
U006931,2,0,0.0
U006932,1,0,0.0
U006933,3,0,0.0
U006934,3,0,0.0
U006935,1,0,0.0
U006936,2,0,0.0
U006937,1,0,0.0
U006938,1,0,0.0
U006939,2,0,0.0
U006940,3,0,0.0
U006941,4,0,0.0
U006942,1,0,0.0
U006943,4,0,0.0
U006944,1,0,0.0
U006945,3,1,2263.91
U006946,1,0,0.0
U006947,4,0,0.0
U006948,1,0,0.0
U006949,2,0,0.0
U006950,1,0,0.0
U006951,3,0,0.0
U006952,3,0,0.0
U006953,1,0,0.0
U006954,4,0,0.0
U006955,4,0,0.0
U006956,2,1,1676.07
U006957,4,1,3947.24
U006958,2,0,0.0
U006959,3,0,0.0
U006960,1,0,0.0
U006961,1,0,0.0
U006962,1,0,0.0
U006963,2,0,0.0
U006964,3,0,0.0
U006965,3,0,0.0
U006966,1,0,0.0
U006967,4,0,0.0
U006968,4,0,0.0
U006969,3,0,0.0
U006970,3,0,0.0
U006971,1,0,0.0
U006972,4,0,0.0
U006973,3,0,0.0
U006974,2,0,0.0
U006975,3,0,0.0
U006976,5,0,0.0
U006977,1,0,0.0
U006978,1,0,0.0
U006979,1,0,0.0
U006980,2,0,0.0
U006981,1,0,0.0
U006982,3,0,0.0
U006983,4,0,0.0
U006984,1,0,0.0
U006985,2,0,0.0
U006986,2,0,0.0
U006987,4,0,0.0
U006988,3,0,0.0
U006989,3,0,0.0
U006990,3,1,2157.92
U006991,3,0,0.0
U006992,3,0,0.0
U006993,1,0,0.0
U006994,4,0,0.0
U006995,2,0,0.0
U006996,3,0,0.0
U006997,1,0,0.0
U006998,3,0,0.0
U006999,4,1,1874.55
U007000,2,0,0.0
U007001,1,0,0.0
U007002,5,1,4428.81
U007003,3,1,2896.29
U007004,2,0,0.0
U007005,2,0,0.0
U007006,2,0,0.0
U007007,4,1,2501.83
U007008,3,0,0.0
U007009,2,1,3250.09
U007010,2,0,0.0
U007011,4,1,3600.92
U007012,2,0,0.0
U007013,4,0,0.0
U007014,2,0,0.0
U007015,5,1,3839.92
U007016,1,0,0.0
U007017,3,0,0.0
U007018,5,0,0.0
U007019,2,0,0.0
U007020,1,0,0.0
U007021,4,0,0.0
U007022,3,0,0.0
U007023,3,0,0.0
U007024,1,0,0.0
U007025,2,1,3866.68
U007026,4,0,0.0
U007027,4,0,0.0
U007028,2,1,1829.98
U007029,4,0,0.0
U007030,4,0,0.0
U007031,2,0,0.0
U007032,5,0,0.0
U007033,4,0,0.0
U007034,2,0,0.0
U007035,2,0,0.0
U007036,1,0,0.0
U007037,1,0,0.0
U007038,4,1,4654.54
U007039,5,0,0.0
U007040,1,0,0.0
U007041,1,1,2830.0
U007042,1,0,0.0
U007043,3,0,0.0
U007044,2,0,0.0
U007045,3,0,0.0
U007046,3,0,0.0
U007047,3,1,4803.73
U007048,4,0,0.0
U007049,1,0,0.0
U007050,4,0,0.0
U007051,2,0,0.0
U007052,3,0,0.0
U007053,2,1,3457.29
U007054,3,1,2986.94
U007055,4,1,1799.7
U007056,2,0,0.0
U007057,2,1,3853.88
U007058,5,0,0.0
U007059,4,0,0.0
U007060,1,0,0.0
U007061,1,0,0.0
U007062,4,0,0.0
U007063,3,0,0.0
U007064,1,0,0.0
U007065,2,0,0.0
U007066,1,0,0.0
U007067,2,0,0.0
U007068,4,0,0.0
U007069,2,0,0.0
U007070,1,0,0.0
U007071,2,0,0.0
U007072,2,0,0.0
U007073,3,0,0.0
U007074,3,0,0.0
U007075,4,0,0.0
U007076,1,0,0.0
U007077,1,0,0.0
U007078,2,0,0.0
U007079,3,0,0.0
U007080,3,1,2844.47
U007081,2,0,0.0
U007082,1,0,0.0
U007083,4,0,0.0
U007084,1,0,0.0
U007085,5,1,4338.91
U007086,1,0,0.0
U007087,2,0,0.0
U007088,3,0,0.0
U007089,2,1,3992.75
U007090,1,0,0.0
U007091,2,1,2972.05
U007092,2,1,1956.93
U007093,3,0,0.0
U007094,1,0,0.0
U007095,2,0,0.0
U007096,3,0,0.0
U007097,1,0,0.0
U007098,2,1,4159.98
U007099,2,0,0.0
U007100,2,0,0.0
U007101,2,0,0.0
U007102,4,0,0.0
U007103,2,0,0.0
U007104,3,0,0.0
U007105,2,0,0.0
U007106,3,0,0.0
U007107,2,0,0.0
U007108,3,1,2159.65
U007109,3,0,0.0
U007110,5,0,0.0
U007111,5,0,0.0
U007112,4,0,0.0
U007113,3,0,0.0
U007114,2,0,0.0
U007115,2,0,0.0
U007116,4,1,1508.48
U007117,3,0,0.0
U007118,3,0,0.0
U007119,3,0,0.0
U007120,1,0,0.0
U007121,4,0,0.0
U007122,2,0,0.0
U007123,5,0,0.0
U007124,2,0,0.0
U007125,4,0,0.0
U007126,3,0,0.0
U007127,2,0,0.0
U007128,5,1,5278.43
U007129,2,0,0.0
U007130,4,0,0.0
U007131,3,0,0.0
U007132,4,1,4358.66
U007133,3,1,1589.35
U007134,4,0,0.0
U007135,4,0,0.0
U007136,2,0,0.0
U007137,2,0,0.0
U007138,5,1,2475.82
U007139,3,0,0.0
U007140,3,1,2035.55
U007141,2,0,0.0
U007142,2,0,0.0
U007143,1,1,1649.21
U007144,5,0,0.0
U007145,3,0,0.0
U007146,1,0,0.0
U007147,1,0,0.0
U007148,2,1,2166.17
U007149,1,1,2555.06
U007150,4,0,0.0
U007151,1,0,0.0
U007152,2,1,1982.09
U007153,2,0,0.0
U007154,2,0,0.0
U007155,3,0,0.0
U007156,2,0,0.0
U007157,2,1,2495.38
U007158,4,1,1977.82
U007159,4,1,2451.36
U007160,2,1,8708.21
U007161,1,0,0.0
U007162,1,1,3550.09
U007163,1,0,0.0
U007164,1,0,0.0
U007165,3,0,0.0
U007166,4,0,0.0
U007167,3,0,0.0
U007168,2,1,3534.64
U007169,3,0,0.0
U007170,1,0,0.0
U007171,1,0,0.0
U007172,2,1,4666.48
U007173,2,1,2727.99
U007174,2,0,0.0
U007175,4,1,4031.44
U007176,1,0,0.0
U007177,2,0,0.0
U007178,1,0,0.0
U007179,2,0,0.0
U007180,4,0,0.0
U007181,1,0,0.0
U007182,1,0,0.0
U007183,3,1,2376.09
U007184,1,0,0.0
U007185,4,1,4997.01
U007186,4,0,0.0
U007187,4,0,0.0
U007188,5,1,2445.23
U007189,4,1,2417.94
U007190,3,0,0.0
U007191,4,0,0.0
U007192,3,1,3764.11
U007193,3,0,0.0
U007194,2,0,0.0
U007195,2,0,0.0
U007196,2,0,0.0
U007197,1,0,0.0
U007198,3,0,0.0
U007199,1,0,0.0
U007200,1,0,0.0
U007201,2,0,0.0
U007202,2,0,0.0
U007203,2,1,3316.23
U007204,2,0,0.0
U007205,2,0,0.0
U007206,5,0,0.0
U007207,3,0,0.0
U007208,5,0,0.0
U007209,1,0,0.0
U007210,2,0,0.0
U007211,4,0,0.0
U007212,4,1,6915.52
U007213,3,0,0.0
U007214,3,0,0.0
U007215,4,1,2581.37
U007216,3,0,0.0
U007217,1,0,0.0
U007218,3,0,0.0
U007219,2,1,6017.72
U007220,3,0,0.0
U007221,5,0,0.0
U007222,1,1,4242.39
U007223,1,0,0.0
U007224,1,0,0.0
U007225,1,0,0.0
U007226,4,0,0.0
U007227,3,1,1782.61
U007228,3,0,0.0
U007229,3,0,0.0
U007230,4,0,0.0
U007231,1,0,0.0
U007232,3,0,0.0
U007233,3,0,0.0
U007234,2,0,0.0
U007235,4,0,0.0
U007236,1,0,0.0
U007237,4,0,0.0
U007238,5,0,0.0
U007239,5,0,0.0
U007240,2,0,0.0
U007241,3,0,0.0
U007242,2,1,2604.66
U007243,5,1,4943.12
U007244,4,1,3040.8
U007245,3,1,2907.56
U007246,2,0,0.0
U007247,2,0,0.0
U007248,5,0,0.0
U007249,4,0,0.0
U007250,2,0,0.0
U007251,2,1,5504.39
U007252,1,0,0.0
U007253,1,0,0.0
U007254,1,0,0.0
U007255,1,0,0.0
U007256,2,0,0.0
U007257,3,0,0.0
U007258,2,0,0.0
U007259,4,0,0.0
U007260,2,0,0.0
U007261,2,1,2824.76
U007262,5,0,0.0
U007263,2,0,0.0
U007264,2,0,0.0
U007265,4,0,0.0
U007266,4,1,2809.01
U007267,2,0,0.0
U007268,1,0,0.0
U007269,1,0,0.0
U007270,4,0,0.0
U007271,2,0,0.0
U007272,4,0,0.0
U007273,1,0,0.0
U007274,1,0,0.0
U007275,1,0,0.0
U007276,1,0,0.0
U007277,4,0,0.0
U007278,1,0,0.0
U007279,1,0,0.0
U007280,2,0,0.0
U007281,3,0,0.0
U007282,2,0,0.0
U007283,3,0,0.0
U007284,5,0,0.0
U007285,3,0,0.0
U007286,3,1,3193.34
U007287,1,0,0.0
U007288,1,0,0.0
U007289,2,0,0.0
U007290,2,0,0.0
U007291,2,1,6363.64
U007292,2,0,0.0
U007293,3,0,0.0
U007294,3,0,0.0
U007295,4,1,4312.58
U007296,1,0,0.0
U007297,2,0,0.0
U007298,2,0,0.0
U007299,3,0,0.0
U007300,2,0,0.0
U007301,3,0,0.0
U007302,4,0,0.0
U007303,4,0,0.0
U007304,1,0,0.0
U007305,4,1,1930.52
U007306,2,0,0.0
U007307,1,0,0.0
U007308,1,0,0.0
U007309,2,0,0.0
U007310,2,0,0.0
U007311,1,0,0.0
U007312,2,0,0.0
U007313,2,0,0.0
U007314,4,0,0.0
U007315,4,0,0.0
U007316,1,0,0.0
U007317,2,0,0.0
U007318,4,0,0.0
U007319,3,1,3706.4
U007320,5,0,0.0
U007321,3,0,0.0
U007322,2,0,0.0
U007323,1,0,0.0
U007324,1,0,0.0
U007325,2,0,0.0
U007326,2,0,0.0
U007327,2,0,0.0
U007328,3,0,0.0
U007329,2,0,0.0
U007330,1,0,0.0
U007331,4,0,0.0
U007332,2,0,0.0
U007333,4,0,0.0
U007334,2,0,0.0
U007335,3,0,0.0
U007336,1,0,0.0
U007337,5,1,2210.58
U007338,1,0,0.0
U007339,2,1,2483.73
U007340,1,0,0.0
U007341,1,0,0.0
U007342,3,0,0.0
U007343,3,0,0.0
U007344,2,0,0.0
U007345,2,0,0.0
U007346,5,1,1283.77
U007347,2,0,0.0
U007348,1,1,1425.45
U007349,2,0,0.0
U007350,1,0,0.0
U007351,2,0,0.0
U007352,5,1,1174.21
U007353,2,0,0.0
U007354,2,0,0.0
U007355,2,0,0.0
U007356,1,0,0.0
U007357,3,1,2626.91
U007358,2,0,0.0
U007359,5,0,0.0
U007360,2,0,0.0
U007361,3,0,0.0
U007362,3,0,0.0
U007363,2,1,2035.47
U007364,3,0,0.0
U007365,3,1,3565.4
U007366,1,0,0.0
U007367,1,0,0.0
U007368,4,0,0.0
U007369,4,0,0.0
U007370,1,1,6610.57
U007371,3,0,0.0
U007372,2,0,0.0
U007373,2,0,0.0
U007374,2,0,0.0
U007375,1,0,0.0
U007376,4,0,0.0
U007377,2,0,0.0
U007378,5,1,1709.8
U007379,2,0,0.0
U007380,5,1,3244.4
U007381,4,1,3152.04
U007382,5,0,0.0
U007383,2,0,0.0
U007384,5,0,0.0
U007385,2,0,0.0
U007386,3,0,0.0
U007387,1,0,0.0
U007388,1,1,2038.15
U007389,3,1,2662.79
U007390,5,0,0.0
U007391,2,0,0.0
U007392,2,1,3304.86
U007393,3,1,3205.97
U007394,4,0,0.0
U007395,2,1,3431.65
U007396,1,0,0.0
U007397,2,0,0.0
U007398,5,0,0.0
U007399,4,0,0.0
U007400,3,1,3267.96
U007401,4,0,0.0
U007402,4,0,0.0
U007403,1,0,0.0
U007404,3,0,0.0
U007405,2,0,0.0
U007406,4,0,0.0
U007407,1,0,0.0
U007408,4,0,0.0
U007409,1,0,0.0
U007410,2,0,0.0
U007411,3,0,0.0
U007412,5,0,0.0
U007413,3,1,2176.8
U007414,1,0,0.0
U007415,4,0,0.0
U007416,3,0,0.0
U007417,3,0,0.0
U007418,3,0,0.0
U007419,2,1,2402.93
U007420,4,1,2927.5
U007421,2,1,3617.75
U007422,2,0,0.0
U007423,5,1,1856.98
U007424,2,0,0.0
U007425,1,0,0.0
U007426,4,0,0.0
U007427,1,0,0.0
U007428,4,1,2642.65
U007429,3,0,0.0
U007430,1,0,0.0
U007431,1,0,0.0
U007432,3,0,0.0
U007433,1,0,0.0
U007434,1,0,0.0
U007435,4,0,0.0
U007436,1,0,0.0
U007437,1,0,0.0
U007438,1,0,0.0
U007439,4,0,0.0
U007440,1,0,0.0
U007441,3,0,0.0
U007442,3,0,0.0
U007443,2,0,0.0
U007444,3,1,3829.68
U007445,5,0,0.0
U007446,1,0,0.0
U007447,3,0,0.0
U007448,3,0,0.0
U007449,3,0,0.0
U007450,3,0,0.0
U007451,3,1,3332.66
U007452,1,0,0.0
U007453,2,0,0.0
U007454,2,0,0.0
U007455,2,0,0.0
U007456,3,1,2352.51
U007457,1,1,3605.77
U007458,1,0,0.0
U007459,2,0,0.0
U007460,3,0,0.0
U007461,2,0,0.0
U007462,3,1,2038.81
U007463,1,1,2900.95
U007464,2,0,0.0
U007465,3,0,0.0
U007466,1,0,0.0
U007467,5,1,4650.98
U007468,3,0,0.0
U007469,4,0,0.0
U007470,4,0,0.0
U007471,1,0,0.0
U007472,2,0,0.0
U007473,3,0,0.0
U007474,4,1,4963.77
U007475,3,0,0.0
U007476,2,0,0.0
U007477,2,0,0.0
U007478,1,0,0.0
U007479,1,0,0.0
U007480,5,1,2161.49
U007481,2,1,2375.22
U007482,2,0,0.0
U007483,1,0,0.0
U007484,3,0,0.0
U007485,2,0,0.0
U007486,3,0,0.0
U007487,3,0,0.0
U007488,3,0,0.0
U007489,2,0,0.0
U007490,3,0,0.0
U007491,1,0,0.0
U007492,1,0,0.0
U007493,5,1,2749.85
U007494,4,0,0.0
U007495,1,0,0.0
U007496,1,0,0.0
U007497,5,1,2254.75
U007498,2,0,0.0
U007499,1,1,4137.63
U007500,2,1,3864.75
U007501,1,0,0.0
U007502,2,0,0.0
U007503,2,0,0.0
U007504,1,0,0.0
U007505,1,0,0.0
U007506,3,0,0.0
U007507,3,0,0.0
U007508,2,0,0.0
U007509,4,1,1272.48
U007510,2,0,0.0
U007511,1,0,0.0
U007512,3,0,0.0
U007513,2,0,0.0
U007514,2,0,0.0
U007515,3,0,0.0
U007516,1,0,0.0
U007517,3,1,2237.82
U007518,1,0,0.0
U007519,1,0,0.0
U007520,2,0,0.0
U007521,2,0,0.0
U007522,2,0,0.0
U007523,2,1,2199.85
U007524,5,0,0.0
U007525,2,0,0.0
U007526,1,0,0.0
U007527,1,0,0.0
U007528,1,0,0.0
U007529,4,0,0.0
U007530,1,0,0.0
U007531,3,0,0.0
U007532,3,0,0.0
U007533,2,0,0.0
U007534,1,0,0.0
U007535,3,1,2740.18
U007536,2,1,2969.01
U007537,1,0,0.0
U007538,4,0,0.0
U007539,2,1,4034.63
U007540,1,1,3187.45
U007541,2,0,0.0
U007542,2,0,0.0
U007543,1,0,0.0
U007544,3,0,0.0
U007545,2,1,5306.95
U007546,4,0,0.0
U007547,2,0,0.0
U007548,5,0,0.0
U007549,1,1,2187.14
U007550,4,0,0.0
U007551,2,0,0.0
U007552,2,0,0.0
U007553,3,1,3443.94
U007554,1,0,0.0
U007555,4,0,0.0
U007556,5,1,1710.8
U007557,5,1,4326.74
U007558,2,0,0.0
U007559,1,0,0.0
U007560,1,0,0.0
U007561,3,1,3517.17
U007562,4,0,0.0
U007563,5,0,0.0
U007564,1,0,0.0
U007565,1,0,0.0
U007566,1,0,0.0
U007567,1,0,0.0
U007568,1,0,0.0
U007569,1,0,0.0
U007570,1,0,0.0
U007571,1,0,0.0
U007572,2,0,0.0
U007573,1,0,0.0
U007574,3,0,0.0
U007575,1,0,0.0
U007576,4,1,2265.17
U007577,3,0,0.0
U007578,2,0,0.0
U007579,2,0,0.0
U007580,1,0,0.0
U007581,2,1,1911.35
U007582,3,0,0.0
U007583,1,0,0.0
U007584,2,0,0.0
U007585,3,1,3439.33
U007586,1,0,0.0
U007587,5,0,0.0
U007588,3,0,0.0
U007589,4,0,0.0
U007590,2,0,0.0
U007591,4,1,2902.41
U007592,2,0,0.0
U007593,4,0,0.0
U007594,3,1,4426.11
U007595,1,0,0.0
U007596,1,0,0.0
U007597,1,0,0.0
U007598,3,0,0.0
U007599,2,0,0.0
U007600,2,0,0.0
U007601,4,1,3175.72
U007602,3,0,0.0
U007603,3,1,4896.76
U007604,2,0,0.0
U007605,4,0,0.0
U007606,3,0,0.0
U007607,4,0,0.0
U007608,5,1,2891.91
U007609,5,0,0.0
U007610,2,1,2253.86
U007611,3,0,0.0
U007612,2,0,0.0
U007613,2,0,0.0
U007614,1,0,0.0
U007615,2,0,0.0
U007616,1,0,0.0
U007617,5,1,1371.79
U007618,5,0,0.0
U007619,1,0,0.0
U007620,1,0,0.0
U007621,4,0,0.0
U007622,3,0,0.0
U007623,1,0,0.0
U007624,1,1,5037.92
U007625,1,0,0.0
U007626,1,1,3363.55
U007627,4,0,0.0
U007628,3,0,0.0
U007629,2,0,0.0
U007630,5,0,0.0
U007631,4,0,0.0
U007632,4,0,0.0
U007633,4,0,0.0
U007634,4,0,0.0
U007635,4,0,0.0
U007636,4,0,0.0
U007637,2,1,1522.18
U007638,1,0,0.0
U007639,5,0,0.0
U007640,1,0,0.0
U007641,1,0,0.0
U007642,3,1,4133.81
U007643,2,0,0.0
U007644,1,0,0.0
U007645,2,0,0.0
U007646,2,0,0.0
U007647,3,0,0.0
U007648,3,0,0.0
U007649,1,0,0.0
U007650,2,0,0.0
U007651,2,0,0.0
U007652,4,0,0.0
U007653,1,0,0.0
U007654,3,1,2970.43
U007655,4,0,0.0
U007656,3,0,0.0
U007657,1,0,0.0
U007658,3,0,0.0
U007659,4,1,1508.69
U007660,4,0,0.0
U007661,4,0,0.0
U007662,1,0,0.0
U007663,4,0,0.0
U007664,2,0,0.0
U007665,4,0,0.0
U007666,2,0,0.0
U007667,3,1,3857.54
U007668,1,0,0.0
U007669,3,0,0.0
U007670,1,0,0.0
U007671,5,0,0.0
U007672,1,0,0.0
U007673,5,0,0.0
U007674,1,0,0.0
U007675,5,1,2325.84
U007676,1,0,0.0
U007677,3,0,0.0
U007678,3,0,0.0
U007679,1,0,0.0
U007680,4,0,0.0
U007681,1,0,0.0
U007682,4,0,0.0
U007683,1,0,0.0
U007684,3,0,0.0
U007685,2,0,0.0
U007686,1,0,0.0
U007687,2,0,0.0
U007688,5,0,0.0
U007689,2,0,0.0
U007690,2,1,2092.67
U007691,4,0,0.0
U007692,2,0,0.0
U007693,1,0,0.0
U007694,3,0,0.0
U007695,2,0,0.0
U007696,3,0,0.0
U007697,2,0,0.0
U007698,2,0,0.0
U007699,4,0,0.0
U007700,1,0,0.0
U007701,3,1,2917.08
U007702,2,0,0.0
U007703,3,0,0.0
U007704,2,0,0.0
U007705,4,0,0.0
U007706,3,0,0.0
U007707,2,1,3193.72
U007708,4,0,0.0
U007709,2,1,4608.22
U007710,1,0,0.0
U007711,1,0,0.0
U007712,2,0,0.0
U007713,2,0,0.0
U007714,1,0,0.0
U007715,2,0,0.0
U007716,3,1,2912.6
U007717,5,0,0.0
U007718,2,1,4393.75
U007719,2,0,0.0
U007720,1,0,0.0
U007721,2,0,0.0
U007722,2,0,0.0
U007723,2,0,0.0
U007724,2,0,0.0
U007725,4,0,0.0
U007726,2,0,0.0
U007727,1,0,0.0
U007728,4,0,0.0
U007729,4,1,3569.98
U007730,1,1,2723.34
U007731,1,0,0.0
U007732,3,0,0.0
U007733,1,0,0.0
U007734,4,0,0.0
U007735,3,0,0.0
U007736,3,0,0.0
U007737,5,0,0.0
U007738,2,0,0.0
U007739,1,0,0.0
U007740,3,0,0.0
U007741,1,0,0.0
U007742,5,0,0.0
U007743,2,0,0.0
U007744,3,1,4059.96
U007745,1,0,0.0
U007746,2,0,0.0
U007747,2,0,0.0
U007748,2,0,0.0
U007749,1,0,0.0
U007750,1,0,0.0
U007751,3,0,0.0
U007752,4,0,0.0
U007753,1,0,0.0
U007754,1,0,0.0
U007755,2,0,0.0
U007756,1,0,0.0
U007757,4,0,0.0
U007758,2,1,1911.75
U007759,3,1,4258.26
U007760,3,1,1667.34
U007761,1,0,0.0
U007762,2,0,0.0
U007763,1,0,0.0
U007764,2,0,0.0
U007765,4,0,0.0
U007766,4,1,4478.58
U007767,2,0,0.0
U007768,3,1,3077.47
U007769,5,0,0.0
U007770,3,0,0.0
U007771,3,0,0.0
U007772,3,0,0.0
U007773,4,0,0.0
U007774,2,0,0.0
U007775,3,1,2731.73
U007776,1,0,0.0
U007777,1,0,0.0
U007778,4,0,0.0
U007779,1,1,2785.65
U007780,1,0,0.0
U007781,1,0,0.0
U007782,3,1,2645.9
U007783,5,0,0.0
U007784,2,0,0.0
U007785,1,0,0.0
U007786,2,0,0.0
U007787,1,1,3239.67
U007788,2,0,0.0
U007789,2,0,0.0
U007790,3,0,0.0
U007791,2,0,0.0
U007792,3,1,2321.18
U007793,1,0,0.0
U007794,4,0,0.0
U007795,2,0,0.0
U007796,2,0,0.0
U007797,3,0,0.0
U007798,2,1,4905.6
U007799,2,0,0.0
U007800,2,0,0.0
U007801,2,0,0.0
U007802,1,1,3207.59
U007803,3,0,0.0
U007804,1,0,0.0
U007805,2,0,0.0
U007806,3,1,2918.93
U007807,3,0,0.0
U007808,3,0,0.0
U007809,1,0,0.0
U007810,3,0,0.0
U007811,1,0,0.0
U007812,3,0,0.0
U007813,3,1,2180.03
U007814,2,0,0.0
U007815,4,0,0.0
U007816,1,0,0.0
U007817,3,1,1938.64
U007818,2,1,3136.64
U007819,2,0,0.0
U007820,2,0,0.0
U007821,2,0,0.0
U007822,3,0,0.0
U007823,2,0,0.0
U007824,3,0,0.0
U007825,1,1,8490.75
U007826,2,0,0.0
U007827,4,0,0.0
U007828,4,0,0.0
U007829,4,1,3638.73
U007830,2,0,0.0
U007831,1,0,0.0
U007832,2,0,0.0
U007833,5,0,0.0
U007834,4,0,0.0
U007835,1,1,1653.16
U007836,1,0,0.0
U007837,2,0,0.0
U007838,2,0,0.0
U007839,1,1,2191.28
U007840,1,0,0.0
U007841,2,0,0.0
U007842,5,0,0.0
U007843,3,0,0.0
U007844,5,0,0.0
U007845,3,0,0.0
U007846,3,0,0.0
U007847,1,0,0.0
U007848,2,0,0.0
U007849,2,0,0.0
U007850,2,1,2838.78
U007851,3,0,0.0
U007852,3,0,0.0
U007853,2,0,0.0
U007854,4,1,3069.91
U007855,1,0,0.0
U007856,2,0,0.0
U007857,2,0,0.0
U007858,5,0,0.0
U007859,3,1,2109.76
U007860,2,0,0.0
U007861,3,0,0.0
U007862,4,0,0.0
U007863,3,1,2481.46
U007864,1,0,0.0
U007865,2,0,0.0
U007866,4,0,0.0
U007867,5,1,2254.21
U007868,3,1,1783.13
U007869,4,0,0.0
U007870,2,0,0.0
U007871,1,0,0.0
U007872,1,0,0.0
U007873,2,0,0.0
U007874,3,0,0.0
U007875,1,0,0.0
U007876,1,0,0.0
U007877,2,0,0.0
U007878,1,0,0.0
U007879,2,1,2438.01
U007880,1,0,0.0
U007881,1,0,0.0
U007882,3,0,0.0
U007883,5,0,0.0
U007884,2,0,0.0
U007885,1,0,0.0
U007886,1,0,0.0
U007887,2,0,0.0
U007888,3,0,0.0
U007889,1,0,0.0
U007890,1,0,0.0
U007891,1,0,0.0
U007892,1,0,0.0
U007893,3,0,0.0
U007894,1,0,0.0
U007895,4,0,0.0
U007896,5,0,0.0
U007897,3,0,0.0
U007898,5,1,3140.68
U007899,5,1,1980.19
U007900,5,0,0.0
U007901,1,1,2875.38
U007902,2,0,0.0
U007903,1,1,3249.93
U007904,2,0,0.0
U007905,2,0,0.0
U007906,4,0,0.0
U007907,1,0,0.0
U007908,2,0,0.0
U007909,2,0,0.0
U007910,2,0,0.0
U007911,1,0,0.0
U007912,2,0,0.0
U007913,3,0,0.0
U007914,4,0,0.0
U007915,3,1,2411.72
U007916,4,0,0.0
U007917,2,0,0.0
U007918,2,0,0.0
U007919,2,0,0.0
U007920,2,0,0.0
U007921,1,0,0.0
U007922,4,0,0.0
U007923,4,1,4215.75
U007924,3,1,2293.47
U007925,3,1,3944.96
U007926,4,0,0.0
U007927,2,0,0.0
U007928,3,1,3776.32
U007929,2,0,0.0
U007930,2,0,0.0
U007931,1,0,0.0
U007932,1,0,0.0
U007933,3,0,0.0
U007934,1,0,0.0
U007935,2,1,5007.46
U007936,3,0,0.0
U007937,3,1,3520.88
U007938,4,1,2885.69
U007939,1,1,5704.47
U007940,5,1,2713.95
U007941,5,0,0.0
U007942,3,0,0.0
U007943,2,0,0.0
U007944,2,0,0.0
U007945,4,0,0.0
U007946,1,0,0.0
U007947,1,0,0.0
U007948,3,0,0.0
U007949,3,0,0.0
U007950,1,1,3895.69
U007951,2,0,0.0
U007952,4,0,0.0
U007953,3,0,0.0
U007954,1,0,0.0
U007955,3,0,0.0
U007956,4,0,0.0
U007957,4,0,0.0
U007958,3,1,2030.29
U007959,2,0,0.0
U007960,1,0,0.0
U007961,1,0,0.0
U007962,2,0,0.0
U007963,3,0,0.0
U007964,1,0,0.0
U007965,2,1,5146.54
U007966,4,1,3498.14
U007967,1,0,0.0
U007968,5,0,0.0
U007969,2,0,0.0
U007970,2,0,0.0
U007971,1,0,0.0
U007972,2,1,2380.05
U007973,1,0,0.0
U007974,2,0,0.0
U007975,3,0,0.0
U007976,3,0,0.0
U007977,3,0,0.0
U007978,1,0,0.0
U007979,1,0,0.0
U007980,2,0,0.0
U007981,1,0,0.0
U007982,4,0,0.0
U007983,4,0,0.0
U007984,3,0,0.0
U007985,2,0,0.0
U007986,1,0,0.0
U007987,2,0,0.0
U007988,4,0,0.0
U007989,2,0,0.0
U007990,1,1,2514.37
U007991,3,0,0.0
U007992,3,0,0.0
U007993,2,0,0.0
U007994,1,0,0.0
U007995,1,0,0.0
U007996,3,0,0.0
U007997,5,1,2609.36
U007998,1,0,0.0
U007999,3,0,0.0
U008000,3,0,0.0
U008001,1,0,0.0
U008002,5,1,3484.69
U008003,1,0,0.0
U008004,2,0,0.0
U008005,4,0,0.0
U008006,3,0,0.0
U008007,3,0,0.0
U008008,2,0,0.0
U008009,1,0,0.0
U008010,1,0,0.0
U008011,5,1,2284.37
U008012,2,0,0.0
U008013,2,0,0.0
U008014,3,0,0.0
U008015,3,0,0.0
U008016,1,0,0.0
U008017,2,0,0.0
U008018,5,1,6070.82
U008019,1,0,0.0
U008020,2,0,0.0
U008021,5,0,0.0
U008022,2,0,0.0
U008023,3,0,0.0
U008024,2,0,0.0
U008025,3,0,0.0
U008026,1,0,0.0
U008027,2,0,0.0
U008028,1,1,2173.88
U008029,5,0,0.0
U008030,2,0,0.0
U008031,5,0,0.0
U008032,3,1,5998.83
U008033,2,0,0.0
U008034,4,0,0.0
U008035,1,0,0.0
U008036,5,1,3734.94
U008037,5,1,2441.14
U008038,3,1,3309.56
U008039,5,0,0.0
U008040,1,0,0.0
U008041,1,0,0.0
U008042,2,0,0.0
U008043,2,0,0.0
U008044,4,1,2031.87
U008045,2,0,0.0
U008046,2,0,0.0
U008047,1,0,0.0
U008048,2,0,0.0
U008049,2,0,0.0
U008050,2,0,0.0
U008051,2,0,0.0
U008052,2,0,0.0
U008053,1,0,0.0
U008054,1,0,0.0
U008055,1,0,0.0
U008056,2,0,0.0
U008057,4,0,0.0
U008058,2,0,0.0
U008059,3,1,3626.41
U008060,5,0,0.0
U008061,2,0,0.0
U008062,3,0,0.0
U008063,3,0,0.0
U008064,1,0,0.0
U008065,1,0,0.0
U008066,1,0,0.0
U008067,3,0,0.0
U008068,1,0,0.0
U008069,3,1,6038.52
U008070,1,0,0.0
U008071,3,0,0.0
U008072,3,0,0.0
U008073,4,0,0.0
U008074,1,0,0.0
U008075,1,0,0.0
U008076,2,0,0.0
U008077,4,0,0.0
U008078,4,1,2639.84
U008079,3,1,2720.08
U008080,1,0,0.0
U008081,5,1,4705.86
U008082,3,0,0.0
U008083,1,0,0.0
U008084,3,0,0.0
U008085,3,1,3336.43
U008086,3,1,3076.55
U008087,1,0,0.0
U008088,2,0,0.0
U008089,2,0,0.0
U008090,5,1,2431.41
U008091,1,0,0.0
U008092,3,0,0.0
U008093,4,0,0.0
U008094,2,0,0.0
U008095,1,1,2842.45
U008096,1,0,0.0
U008097,2,0,0.0
U008098,2,0,0.0
U008099,1,0,0.0
U008100,1,0,0.0
U008101,2,0,0.0
U008102,3,1,2937.44
U008103,1,0,0.0
U008104,3,0,0.0
U008105,1,0,0.0
U008106,1,0,0.0
U008107,3,1,3164.0
U008108,2,0,0.0
U008109,2,0,0.0
U008110,1,0,0.0
U008111,4,1,1808.79
U008112,2,0,0.0
U008113,3,1,4243.41
U008114,1,0,0.0
U008115,1,0,0.0
U008116,2,0,0.0
U008117,2,0,0.0
U008118,5,0,0.0
U008119,2,0,0.0
U008120,1,0,0.0
U008121,2,0,0.0
U008122,4,1,3433.92
U008123,1,0,0.0
U008124,3,1,4974.86
U008125,2,0,0.0
U008126,2,0,0.0
U008127,1,0,0.0
U008128,5,0,0.0
U008129,2,0,0.0
U008130,2,0,0.0
U008131,4,0,0.0
U008132,1,0,0.0
U008133,2,0,0.0
U008134,3,1,3102.2
U008135,4,0,0.0
U008136,4,0,0.0
U008137,2,0,0.0
U008138,2,0,0.0
U008139,1,0,0.0
U008140,2,0,0.0
U008141,2,0,0.0
U008142,1,0,0.0
U008143,1,0,0.0
U008144,2,0,0.0
U008145,4,0,0.0
U008146,3,0,0.0
U008147,2,0,0.0
U008148,1,0,0.0
U008149,4,0,0.0
U008150,4,0,0.0
U008151,5,0,0.0
U008152,2,0,0.0
U008153,2,0,0.0
U008154,5,0,0.0
U008155,3,1,3086.36
U008156,1,0,0.0
U008157,2,0,0.0
U008158,3,0,0.0
U008159,2,0,0.0
U008160,2,0,0.0
U008161,2,0,0.0
U008162,3,1,1824.79
U008163,1,0,0.0
U008164,2,0,0.0
U008165,2,0,0.0
U008166,1,0,0.0
U008167,1,0,0.0
U008168,4,0,0.0
U008169,3,0,0.0
U008170,2,0,0.0
U008171,1,0,0.0
U008172,2,0,0.0
U008173,3,0,0.0
U008174,2,0,0.0
U008175,1,0,0.0
U008176,2,1,2222.29
U008177,4,0,0.0
U008178,3,0,0.0
U008179,3,0,0.0
U008180,1,0,0.0
U008181,1,1,2678.43
U008182,1,0,0.0
U008183,1,0,0.0
U008184,1,1,4017.37
U008185,4,0,0.0
U008186,2,1,3086.68
U008187,1,0,0.0
U008188,5,0,0.0
U008189,1,0,0.0
U008190,4,0,0.0
U008191,1,0,0.0
U008192,1,0,0.0
U008193,2,0,0.0
U008194,2,0,0.0
U008195,1,0,0.0
U008196,3,0,0.0
U008197,1,0,0.0
U008198,1,0,0.0
U008199,3,0,0.0
U008200,2,0,0.0
U008201,5,1,2607.04
U008202,1,1,2666.01
U008203,1,0,0.0
U008204,1,0,0.0
U008205,3,0,0.0
U008206,3,0,0.0
U008207,3,0,0.0
U008208,1,0,0.0
U008209,2,0,0.0
U008210,2,0,0.0
U008211,2,0,0.0
U008212,2,0,0.0
U008213,1,0,0.0
U008214,1,0,0.0
U008215,5,0,0.0
U008216,4,0,0.0
U008217,1,0,0.0
U008218,2,1,1926.4
U008219,1,0,0.0
U008220,2,0,0.0
U008221,4,0,0.0
U008222,1,0,0.0
U008223,1,0,0.0
U008224,1,0,0.0
U008225,3,0,0.0
U008226,2,0,0.0
U008227,1,0,0.0
U008228,4,1,4452.01
U008229,2,0,0.0
U008230,3,0,0.0
U008231,5,0,0.0
U008232,2,0,0.0
U008233,3,0,0.0
U008234,3,0,0.0
U008235,2,0,0.0
U008236,2,0,0.0
U008237,3,1,2052.82
U008238,1,0,0.0
U008239,2,0,0.0
U008240,4,0,0.0
U008241,3,0,0.0
U008242,2,0,0.0
U008243,3,1,2102.99
U008244,5,0,0.0
U008245,1,0,0.0
U008246,2,0,0.0
U008247,1,0,0.0
U008248,1,0,0.0
U008249,2,0,0.0
U008250,2,0,0.0
U008251,1,0,0.0
U008252,1,0,0.0
U008253,2,0,0.0
U008254,1,1,3104.38
U008255,3,0,0.0
U008256,3,0,0.0
U008257,4,1,3668.74
U008258,3,0,0.0
U008259,3,0,0.0
U008260,3,0,0.0
U008261,4,1,3644.48
U008262,2,0,0.0
U008263,4,0,0.0
U008264,1,1,2785.81
U008265,3,0,0.0
U008266,1,1,2559.35
U008267,1,0,0.0
U008268,3,0,0.0
U008269,2,0,0.0
U008270,2,0,0.0
U008271,4,1,1373.8
U008272,1,0,0.0
U008273,2,0,0.0
U008274,2,0,0.0
U008275,1,0,0.0
U008276,4,1,3341.08
U008277,4,1,1417.01
U008278,2,0,0.0
U008279,1,0,0.0
U008280,2,1,2067.85
U008281,4,1,5172.0
U008282,2,0,0.0
U008283,3,0,0.0
U008284,3,1,2463.22
U008285,2,0,0.0
U008286,2,0,0.0
U008287,1,0,0.0
U008288,2,1,3072.58
U008289,2,0,0.0
U008290,3,1,3262.28
U008291,4,0,0.0
U008292,1,0,0.0
U008293,2,0,0.0
U008294,2,0,0.0
U008295,5,0,0.0
U008296,1,1,6004.0
U008297,1,0,0.0
U008298,2,0,0.0
U008299,3,0,0.0
U008300,4,0,0.0
U008301,4,1,2926.11
U008302,2,0,0.0
U008303,1,0,0.0
U008304,2,0,0.0
U008305,4,1,2799.2
U008306,2,0,0.0
U008307,2,1,2142.66
U008308,3,1,2143.84
U008309,2,0,0.0
U008310,3,0,0.0
U008311,3,0,0.0
U008312,1,0,0.0
U008313,4,0,0.0
U008314,2,0,0.0
U008315,3,0,0.0
U008316,2,0,0.0
U008317,4,1,2328.79
U008318,3,0,0.0
U008319,1,0,0.0
U008320,3,1,4688.64
U008321,2,0,0.0
U008322,2,1,1690.44
U008323,2,0,0.0
U008324,4,1,2947.47
U008325,3,0,0.0
U008326,1,0,0.0
U008327,2,0,0.0
U008328,3,0,0.0
U008329,2,0,0.0
U008330,1,0,0.0
U008331,3,0,0.0
U008332,1,0,0.0
U008333,3,0,0.0
U008334,4,1,5069.41
U008335,1,0,0.0
U008336,5,1,2246.57
U008337,5,1,2275.71
U008338,5,1,5019.26
U008339,2,0,0.0
U008340,2,0,0.0
U008341,4,0,0.0
U008342,4,0,0.0
U008343,2,0,0.0
U008344,4,1,5353.24
U008345,2,0,0.0
U008346,2,0,0.0
U008347,3,0,0.0
U008348,2,0,0.0
U008349,2,0,0.0
U008350,3,1,2480.93
U008351,3,0,0.0
U008352,2,0,0.0
U008353,4,0,0.0
U008354,4,0,0.0
U008355,2,0,0.0
U008356,2,0,0.0
U008357,2,1,2694.02
U008358,1,0,0.0
U008359,1,0,0.0
U008360,2,0,0.0
U008361,3,0,0.0
U008362,1,0,0.0
U008363,1,0,0.0
U008364,5,0,0.0
U008365,3,0,0.0
U008366,4,0,0.0
U008367,1,0,0.0
U008368,3,0,0.0
U008369,2,0,0.0
U008370,4,1,1882.01
U008371,1,0,0.0
U008372,1,0,0.0
U008373,1,0,0.0
U008374,3,1,1769.47
U008375,2,1,2705.25
U008376,1,0,0.0
U008377,1,1,2611.34
U008378,4,0,0.0
U008379,5,0,0.0
U008380,2,0,0.0
U008381,3,0,0.0
U008382,2,1,5768.41
U008383,4,1,5188.71
U008384,2,0,0.0
U008385,3,0,0.0
U008386,1,0,0.0
U008387,2,0,0.0
U008388,2,0,0.0
U008389,3,0,0.0
U008390,1,0,0.0
U008391,1,0,0.0
U008392,3,1,3936.24
U008393,1,0,0.0
U008394,5,1,4613.57
U008395,3,0,0.0
U008396,3,1,5358.83
U008397,3,1,4486.92
U008398,5,0,0.0
U008399,2,0,0.0
U008400,4,0,0.0
U008401,3,1,5901.83
U008402,1,0,0.0
U008403,4,0,0.0
U008404,3,1,3547.17
U008405,3,0,0.0
U008406,1,0,0.0
U008407,1,0,0.0
U008408,4,1,3464.47
U008409,1,0,0.0
U008410,2,0,0.0
U008411,2,0,0.0
U008412,5,1,1763.45
U008413,3,0,0.0
U008414,1,0,0.0
U008415,1,0,0.0
U008416,1,0,0.0
U008417,2,0,0.0
U008418,4,0,0.0
U008419,2,0,0.0
U008420,3,1,1878.69
U008421,2,0,0.0
U008422,2,0,0.0
U008423,2,1,2313.2
U008424,1,0,0.0
U008425,2,0,0.0
U008426,1,0,0.0
U008427,4,0,0.0
U008428,1,0,0.0
U008429,1,0,0.0
U008430,3,0,0.0
U008431,2,0,0.0
U008432,1,0,0.0
U008433,5,0,0.0
U008434,3,0,0.0
U008435,2,0,0.0
U008436,2,0,0.0
U008437,3,0,0.0
U008438,1,0,0.0
U008439,1,0,0.0
U008440,5,1,3227.83
U008441,1,0,0.0
U008442,2,0,0.0
U008443,1,0,0.0
U008444,1,0,0.0
U008445,1,0,0.0
U008446,3,0,0.0
U008447,1,0,0.0
U008448,2,0,0.0
U008449,4,0,0.0
U008450,3,1,2134.04
U008451,3,0,0.0
U008452,3,0,0.0
U008453,4,0,0.0
U008454,1,1,1848.67
U008455,4,0,0.0
U008456,1,0,0.0
U008457,2,0,0.0
U008458,2,0,0.0
U008459,2,0,0.0
U008460,1,0,0.0
U008461,1,0,0.0
U008462,2,0,0.0
U008463,3,0,0.0
U008464,3,0,0.0
U008465,1,0,0.0
U008466,1,0,0.0
U008467,2,0,0.0
U008468,4,0,0.0
U008469,1,0,0.0
U008470,1,0,0.0
U008471,2,0,0.0
U008472,2,0,0.0
U008473,1,0,0.0
U008474,3,0,0.0
U008475,1,0,0.0
U008476,5,0,0.0
U008477,1,0,0.0
U008478,1,0,0.0
U008479,4,0,0.0
U008480,2,0,0.0
U008481,2,0,0.0
U008482,2,0,0.0
U008483,2,0,0.0
U008484,2,0,0.0
U008485,1,0,0.0
U008486,2,0,0.0
U008487,4,1,2547.81
U008488,4,0,0.0
U008489,2,0,0.0
U008490,1,0,0.0
U008491,2,0,0.0
U008492,2,0,0.0
U008493,1,0,0.0
U008494,5,1,1826.65
U008495,3,0,0.0
U008496,2,0,0.0
U008497,2,0,0.0
U008498,4,0,0.0
U008499,2,0,0.0
U008500,3,0,0.0
U008501,1,1,2816.11
U008502,3,0,0.0
U008503,2,0,0.0
U008504,3,0,0.0
U008505,3,0,0.0
U008506,2,0,0.0
U008507,1,0,0.0
U008508,2,0,0.0
U008509,5,0,0.0
U008510,3,0,0.0
U008511,4,0,0.0
U008512,2,0,0.0
U008513,2,0,0.0
U008514,4,0,0.0
U008515,5,1,4772.81
U008516,1,0,0.0
U008517,2,0,0.0
U008518,1,0,0.0
U008519,1,0,0.0
U008520,1,1,3083.74
U008521,2,0,0.0
U008522,1,0,0.0
U008523,3,0,0.0
U008524,2,0,0.0
U008525,2,1,2580.23
U008526,1,0,0.0
U008527,2,0,0.0
U008528,1,0,0.0
U008529,2,1,4162.82
U008530,2,0,0.0
U008531,2,1,2265.21
U008532,2,0,0.0
U008533,1,1,2847.49
U008534,1,0,0.0
U008535,1,0,0.0
U008536,2,0,0.0
U008537,5,0,0.0
U008538,3,0,0.0
U008539,1,0,0.0
U008540,1,0,0.0
U008541,1,0,0.0
U008542,1,1,3594.57
U008543,1,0,0.0
U008544,2,1,3322.42
U008545,2,0,0.0
U008546,2,0,0.0
U008547,3,0,0.0
U008548,2,0,0.0
U008549,1,0,0.0
U008550,4,0,0.0
U008551,1,0,0.0
U008552,5,0,0.0
U008553,3,0,0.0
U008554,2,0,0.0
U008555,3,0,0.0
U008556,2,0,0.0
U008557,5,1,2084.03
U008558,4,0,0.0
U008559,1,0,0.0
U008560,1,0,0.0
U008561,2,0,0.0
U008562,1,0,0.0
U008563,1,0,0.0
U008564,3,0,0.0
U008565,3,0,0.0
U008566,4,0,0.0
U008567,4,1,3104.16
U008568,1,0,0.0
U008569,2,0,0.0
U008570,3,0,0.0
U008571,1,0,0.0
U008572,4,1,1520.35
U008573,3,1,2481.77
U008574,1,0,0.0
U008575,2,0,0.0
U008576,4,0,0.0
U008577,1,1,3065.88
U008578,3,0,0.0
U008579,2,0,0.0
U008580,4,0,0.0
U008581,3,0,0.0
U008582,1,0,0.0
U008583,1,0,0.0
U008584,2,1,2616.74
U008585,5,1,3327.78
U008586,2,0,0.0
U008587,1,0,0.0
U008588,1,0,0.0
U008589,1,1,3061.45
U008590,1,0,0.0
U008591,1,0,0.0
U008592,2,0,0.0
U008593,2,0,0.0
U008594,4,0,0.0
U008595,2,1,3688.09
U008596,2,0,0.0
U008597,2,0,0.0
U008598,1,0,0.0
U008599,4,0,0.0
U008600,4,0,0.0
U008601,1,0,0.0
U008602,1,0,0.0
U008603,1,0,0.0
U008604,1,0,0.0
U008605,2,0,0.0
U008606,3,0,0.0
U008607,5,1,2556.46
U008608,2,0,0.0
U008609,3,0,0.0
U008610,1,0,0.0
U008611,2,0,0.0
U008612,1,0,0.0
U008613,2,0,0.0
U008614,1,1,3762.25
U008615,1,0,0.0
U008616,4,0,0.0
U008617,1,0,0.0
U008618,3,0,0.0
U008619,1,1,2920.13
U008620,2,0,0.0
U008621,3,0,0.0
U008622,2,1,2578.31
U008623,3,1,3015.56
U008624,2,0,0.0
U008625,4,0,0.0
U008626,4,0,0.0
U008627,4,1,3136.33
U008628,2,0,0.0
U008629,4,0,0.0
U008630,1,1,2597.51
U008631,4,0,0.0
U008632,2,0,0.0
U008633,4,0,0.0
U008634,1,0,0.0
U008635,3,0,0.0
U008636,4,0,0.0
U008637,4,0,0.0
U008638,1,0,0.0
U008639,2,1,2662.6
U008640,1,0,0.0
U008641,5,0,0.0
U008642,1,0,0.0
U008643,2,0,0.0
U008644,2,0,0.0
U008645,2,0,0.0
U008646,1,0,0.0
U008647,1,0,0.0
U008648,3,0,0.0
U008649,2,0,0.0
U008650,1,0,0.0
U008651,3,0,0.0
U008652,1,0,0.0
U008653,4,0,0.0
U008654,1,0,0.0
U008655,4,0,0.0
U008656,1,1,1593.28
U008657,2,0,0.0
U008658,2,1,2812.83
U008659,4,0,0.0
U008660,1,0,0.0
U008661,1,0,0.0
U008662,2,0,0.0
U008663,1,0,0.0
U008664,2,0,0.0
U008665,1,0,0.0
U008666,1,0,0.0
U008667,1,0,0.0
U008668,1,0,0.0
U008669,1,0,0.0
U008670,1,0,0.0
U008671,2,0,0.0
U008672,3,1,2827.35
U008673,4,0,0.0
U008674,2,0,0.0
U008675,1,0,0.0
U008676,4,1,3803.89
U008677,3,0,0.0
U008678,4,0,0.0
U008679,3,0,0.0
U008680,4,0,0.0
U008681,1,0,0.0
U008682,3,0,0.0
U008683,2,1,2759.59
U008684,2,0,0.0
U008685,2,0,0.0
U008686,1,0,0.0
U008687,4,0,0.0
U008688,2,0,0.0
U008689,4,0,0.0
U008690,1,0,0.0
U008691,3,0,0.0
U008692,4,1,4936.81
U008693,3,0,0.0
U008694,1,0,0.0
U008695,3,0,0.0
U008696,1,0,0.0
U008697,1,1,3529.18
U008698,2,0,0.0
U008699,2,0,0.0
U008700,1,0,0.0
U008701,1,0,0.0
U008702,3,0,0.0
U008703,1,0,0.0
U008704,1,0,0.0
U008705,1,0,0.0
U008706,3,0,0.0
U008707,2,0,0.0
U008708,1,0,0.0
U008709,5,0,0.0
U008710,1,0,0.0
U008711,2,0,0.0
U008712,2,1,3132.78
U008713,4,0,0.0
U008714,1,0,0.0
U008715,3,0,0.0
U008716,3,0,0.0
U008717,2,0,0.0
U008718,3,0,0.0
U008719,3,1,3752.53
U008720,2,1,1965.41
U008721,1,0,0.0
U008722,4,0,0.0
U008723,4,1,4510.4
U008724,1,0,0.0
U008725,3,0,0.0
U008726,3,0,0.0
U008727,2,1,1394.7
U008728,3,1,3319.8
U008729,3,0,0.0
U008730,1,0,0.0
U008731,2,0,0.0
U008732,3,0,0.0
U008733,1,0,0.0
U008734,1,0,0.0
U008735,3,1,3462.0
U008736,2,0,0.0
U008737,4,1,2755.63
U008738,4,0,0.0
U008739,3,1,4003.6
U008740,4,0,0.0
U008741,2,0,0.0
U008742,1,0,0.0
U008743,2,0,0.0
U008744,3,0,0.0
U008745,1,0,0.0
U008746,4,0,0.0
U008747,2,0,0.0
U008748,2,0,0.0
U008749,1,0,0.0
U008750,1,0,0.0
U008751,2,0,0.0
U008752,1,0,0.0
U008753,5,0,0.0
U008754,1,0,0.0
U008755,3,0,0.0
U008756,3,0,0.0
U008757,4,0,0.0
U008758,3,1,1721.94
U008759,1,1,1858.57
U008760,1,0,0.0
U008761,3,0,0.0
U008762,1,0,0.0
U008763,3,0,0.0
U008764,1,0,0.0
U008765,1,0,0.0
U008766,1,0,0.0
U008767,1,0,0.0
U008768,2,0,0.0
U008769,1,0,0.0
U008770,2,1,1904.35
U008771,1,0,0.0
U008772,1,0,0.0
U008773,1,0,0.0
U008774,2,0,0.0
U008775,2,0,0.0
U008776,2,0,0.0
U008777,2,1,1458.31
U008778,2,0,0.0
U008779,1,0,0.0
U008780,2,0,0.0
U008781,3,0,0.0
U008782,1,0,0.0
U008783,1,0,0.0
U008784,3,0,0.0
U008785,3,0,0.0
U008786,2,0,0.0
U008787,2,0,0.0
U008788,3,0,0.0
U008789,2,0,0.0
U008790,1,0,0.0
U008791,1,0,0.0
U008792,1,0,0.0
U008793,3,0,0.0
U008794,5,1,4282.5
U008795,4,0,0.0
U008796,1,0,0.0
U008797,2,0,0.0
U008798,2,0,0.0
U008799,5,0,0.0
U008800,2,0,0.0
U008801,5,0,0.0
U008802,2,0,0.0
U008803,2,0,0.0
U008804,3,1,3347.78
U008805,5,0,0.0
U008806,2,0,0.0
U008807,2,0,0.0
U008808,2,1,2904.49
U008809,4,0,0.0
U008810,3,0,0.0
U008811,1,0,0.0
U008812,1,0,0.0
U008813,2,1,2619.28
U008814,1,0,0.0
U008815,2,0,0.0
U008816,3,1,3650.56
U008817,1,0,0.0
U008818,2,0,0.0
U008819,4,1,3723.71
U008820,1,0,0.0
U008821,2,0,0.0
U008822,1,0,0.0
U008823,2,0,0.0
U008824,3,0,0.0
U008825,2,0,0.0
U008826,1,0,0.0
U008827,3,0,0.0
U008828,1,0,0.0
U008829,3,1,3366.11
U008830,3,0,0.0
U008831,1,0,0.0
U008832,1,0,0.0
U008833,2,0,0.0
U008834,2,1,8141.64
U008835,3,0,0.0
U008836,2,0,0.0
U008837,2,0,0.0
U008838,2,1,2361.7
U008839,2,0,0.0
U008840,5,1,4306.23
U008841,5,0,0.0
U008842,2,0,0.0
U008843,2,0,0.0
U008844,2,0,0.0
U008845,1,0,0.0
U008846,2,0,0.0
U008847,2,0,0.0
U008848,1,0,0.0
U008849,3,1,2811.85
U008850,1,0,0.0
U008851,1,0,0.0
U008852,4,1,2946.66
U008853,3,0,0.0
U008854,1,0,0.0
U008855,4,0,0.0
U008856,1,0,0.0
U008857,5,1,2738.98
U008858,1,1,3452.82
U008859,4,1,3602.64
U008860,1,0,0.0
U008861,3,0,0.0
U008862,1,0,0.0
U008863,2,0,0.0
U008864,2,0,0.0
U008865,4,0,0.0
U008866,2,1,3164.44
U008867,3,0,0.0
U008868,1,0,0.0
U008869,1,0,0.0
U008870,2,0,0.0
U008871,4,0,0.0
U008872,3,1,3245.21
U008873,1,0,0.0
U008874,3,0,0.0
U008875,4,0,0.0
U008876,3,0,0.0
U008877,5,1,3538.77
U008878,5,1,1699.8
U008879,4,0,0.0
U008880,2,0,0.0
U008881,4,0,0.0
U008882,1,0,0.0
U008883,4,1,3527.31
U008884,3,1,2332.76
U008885,2,0,0.0
U008886,2,0,0.0
U008887,1,0,0.0
U008888,2,0,0.0
U008889,4,1,2997.16
U008890,3,1,2604.29
U008891,2,0,0.0
U008892,2,0,0.0
U008893,1,0,0.0
U008894,2,0,0.0
U008895,4,0,0.0
U008896,3,1,2029.32
U008897,5,1,3423.19
U008898,4,0,0.0
U008899,2,0,0.0
U008900,1,0,0.0
U008901,2,0,0.0
U008902,4,0,0.0
U008903,3,0,0.0
U008904,2,0,0.0
U008905,5,1,3821.53
U008906,1,0,0.0
U008907,2,0,0.0
U008908,1,1,1360.43
U008909,1,0,0.0
U008910,3,1,2875.95
U008911,4,0,0.0
U008912,2,0,0.0
U008913,1,0,0.0
U008914,1,0,0.0
U008915,4,0,0.0
U008916,3,0,0.0
U008917,3,0,0.0
U008918,1,0,0.0
U008919,2,0,0.0
U008920,2,0,0.0
U008921,4,0,0.0
U008922,3,1,3127.85
U008923,2,0,0.0
U008924,3,0,0.0
U008925,1,0,0.0
U008926,2,0,0.0
U008927,1,0,0.0
U008928,3,0,0.0
U008929,2,0,0.0
U008930,4,1,3794.42
U008931,3,0,0.0
U008932,1,0,0.0
U008933,3,1,6583.98
U008934,4,0,0.0
U008935,2,0,0.0
U008936,2,0,0.0
U008937,5,0,0.0
U008938,3,1,1961.99
U008939,4,1,1148.06
U008940,1,0,0.0
U008941,1,0,0.0
U008942,1,0,0.0
U008943,1,0,0.0
U008944,3,0,0.0
U008945,4,0,0.0
U008946,4,0,0.0
U008947,2,1,2406.6
U008948,2,0,0.0
U008949,1,0,0.0
U008950,2,0,0.0
U008951,5,1,2471.49
U008952,1,0,0.0
U008953,1,0,0.0
U008954,2,0,0.0
U008955,3,1,2472.08
U008956,1,1,4931.0
U008957,1,0,0.0
U008958,4,1,7307.29
U008959,3,0,0.0
U008960,2,1,3228.53
U008961,3,0,0.0
U008962,1,0,0.0
U008963,2,0,0.0
U008964,4,0,0.0
U008965,2,0,0.0
U008966,2,0,0.0
U008967,1,0,0.0
U008968,4,0,0.0
U008969,1,0,0.0
U008970,4,1,3492.0
U008971,2,0,0.0
U008972,4,0,0.0
U008973,1,0,0.0
U008974,2,0,0.0
U008975,2,1,2486.48
U008976,3,1,4429.6
U008977,1,1,5392.43
U008978,4,0,0.0
U008979,3,0,0.0
U008980,2,1,1509.74
U008981,1,0,0.0
U008982,2,0,0.0
U008983,2,0,0.0
U008984,2,0,0.0
U008985,1,0,0.0
U008986,2,1,5051.09
U008987,2,0,0.0
U008988,1,0,0.0
U008989,3,0,0.0
U008990,1,0,0.0
U008991,5,1,1661.09
U008992,2,0,0.0
U008993,3,0,0.0
U008994,2,1,2523.52
U008995,2,0,0.0
U008996,1,0,0.0
U008997,2,0,0.0
U008998,3,0,0.0
U008999,2,0,0.0
U009000,3,0,0.0
U009001,1,0,0.0
U009002,1,0,0.0
U009003,4,0,0.0
U009004,3,0,0.0
U009005,2,0,0.0
U009006,2,1,1960.96
U009007,2,0,0.0
U009008,2,1,5563.46
U009009,1,0,0.0
U009010,4,0,0.0
U009011,1,0,0.0
U009012,3,1,3604.14
U009013,2,0,0.0
U009014,1,0,0.0
U009015,1,0,0.0
U009016,1,0,0.0
U009017,2,0,0.0
U009018,1,0,0.0
U009019,1,0,0.0
U009020,3,0,0.0
U009021,3,0,0.0
U009022,2,0,0.0
U009023,1,0,0.0
U009024,4,0,0.0
U009025,4,0,0.0
U009026,5,1,2637.17
U009027,1,0,0.0
U009028,4,0,0.0
U009029,3,0,0.0
U009030,1,0,0.0
U009031,3,0,0.0
U009032,3,0,0.0
U009033,3,0,0.0
U009034,4,0,0.0
U009035,1,0,0.0
U009036,2,0,0.0
U009037,1,0,0.0
U009038,1,0,0.0
U009039,1,0,0.0
U009040,2,0,0.0
U009041,1,0,0.0
U009042,1,0,0.0
U009043,3,0,0.0
U009044,1,0,0.0
U009045,5,0,0.0
U009046,1,0,0.0
U009047,1,0,0.0
U009048,3,0,0.0
U009049,3,0,0.0
U009050,1,0,0.0
U009051,3,1,3881.73
U009052,2,0,0.0
U009053,4,0,0.0
U009054,1,0,0.0
U009055,3,0,0.0
U009056,5,0,0.0
U009057,2,0,0.0
U009058,1,0,0.0
U009059,1,0,0.0
U009060,3,1,2304.79
U009061,2,0,0.0
U009062,3,0,0.0
U009063,1,0,0.0
U009064,2,0,0.0
U009065,3,0,0.0
U009066,2,0,0.0
U009067,3,0,0.0
U009068,4,0,0.0
U009069,3,0,0.0
U009070,1,0,0.0
U009071,1,0,0.0
U009072,1,1,3288.93
U009073,2,0,0.0
U009074,4,0,0.0
U009075,3,0,0.0
U009076,3,0,0.0
U009077,4,0,0.0
U009078,4,0,0.0
U009079,1,0,0.0
U009080,3,0,0.0
U009081,5,0,0.0
U009082,2,0,0.0
U009083,4,0,0.0
U009084,4,0,0.0
U009085,5,1,7020.47
U009086,4,0,0.0
U009087,1,0,0.0
U009088,2,0,0.0
U009089,3,0,0.0
U009090,3,0,0.0
U009091,5,1,3698.69
U009092,1,0,0.0
U009093,1,0,0.0
U009094,1,0,0.0
U009095,2,1,3837.56
U009096,1,0,0.0
U009097,1,0,0.0
U009098,1,0,0.0
U009099,1,0,0.0
U009100,1,0,0.0
U009101,1,0,0.0
U009102,2,0,0.0
U009103,4,1,3354.28
U009104,1,0,0.0
U009105,1,1,2097.55
U009106,3,0,0.0
U009107,2,0,0.0
U009108,1,1,3396.37
U009109,2,0,0.0
U009110,3,0,0.0
U009111,1,0,0.0
U009112,4,0,0.0
U009113,4,1,2993.52
U009114,2,0,0.0
U009115,5,1,2007.37
U009116,1,1,1945.66
U009117,2,0,0.0
U009118,3,0,0.0
U009119,4,0,0.0
U009120,3,1,2438.47
U009121,4,0,0.0
U009122,3,0,0.0
U009123,1,0,0.0
U009124,1,0,0.0
U009125,2,0,0.0
U009126,1,0,0.0
U009127,1,0,0.0
U009128,3,0,0.0
U009129,2,0,0.0
U009130,2,0,0.0
U009131,1,0,0.0
U009132,1,0,0.0
U009133,1,0,0.0
U009134,3,0,0.0
U009135,1,0,0.0
U009136,3,0,0.0
U009137,1,0,0.0
U009138,3,0,0.0
U009139,5,0,0.0
U009140,2,0,0.0
U009141,3,0,0.0
U009142,2,0,0.0
U009143,4,0,0.0
U009144,5,0,0.0
U009145,1,0,0.0
U009146,4,0,0.0
U009147,4,0,0.0
U009148,5,1,1745.71
U009149,1,0,0.0
U009150,2,1,2275.76
U009151,4,0,0.0
U009152,5,0,0.0
U009153,3,0,0.0
U009154,2,0,0.0
U009155,2,0,0.0
U009156,2,0,0.0
U009157,4,0,0.0
U009158,1,0,0.0
U009159,4,1,1753.13
U009160,2,0,0.0
U009161,1,0,0.0
U009162,1,0,0.0
U009163,1,0,0.0
U009164,1,0,0.0
U009165,1,1,1434.72
U009166,2,0,0.0
U009167,2,0,0.0
U009168,1,0,0.0
U009169,5,0,0.0
U009170,3,0,0.0
U009171,2,1,4399.27
U009172,1,0,0.0
U009173,3,1,2746.97
U009174,2,0,0.0
U009175,2,1,6214.47
U009176,1,0,0.0
U009177,2,1,1239.91
U009178,3,0,0.0
U009179,1,0,0.0
U009180,2,0,0.0
U009181,2,0,0.0
U009182,2,1,3601.93
U009183,1,0,0.0
U009184,2,0,0.0
U009185,5,0,0.0
U009186,5,0,0.0
U009187,2,0,0.0
U009188,4,0,0.0
U009189,2,0,0.0
U009190,2,0,0.0
U009191,2,1,3141.97
U009192,1,0,0.0
U009193,2,0,0.0
U009194,4,0,0.0
U009195,3,1,3656.12
U009196,3,1,7009.98
U009197,4,1,3176.54
U009198,1,0,0.0
U009199,4,1,2437.61
U009200,1,0,0.0
U009201,1,0,0.0
U009202,3,0,0.0
U009203,1,0,0.0
U009204,2,0,0.0
U009205,2,0,0.0
U009206,3,0,0.0
U009207,3,0,0.0
U009208,2,1,2947.08
U009209,1,0,0.0
U009210,4,0,0.0
U009211,1,0,0.0
U009212,1,0,0.0
U009213,4,1,5554.94
U009214,2,1,5219.27
U009215,2,0,0.0
U009216,2,0,0.0
U009217,2,0,0.0
U009218,3,1,5647.38
U009219,2,0,0.0
U009220,3,1,4924.35
U009221,5,1,3095.46
U009222,2,0,0.0
U009223,5,0,0.0
U009224,1,1,3294.63
U009225,3,1,4378.11
U009226,4,1,2310.53
U009227,2,0,0.0
U009228,2,0,0.0
U009229,1,0,0.0
U009230,1,0,0.0
U009231,2,0,0.0
U009232,3,0,0.0
U009233,4,0,0.0
U009234,2,1,4837.92
U009235,2,0,0.0
U009236,2,0,0.0
U009237,1,0,0.0
U009238,1,0,0.0
U009239,1,0,0.0
U009240,4,1,2694.69
U009241,1,0,0.0
U009242,1,1,5451.56
U009243,2,0,0.0
U009244,2,0,0.0
U009245,3,0,0.0
U009246,2,0,0.0
U009247,1,0,0.0
U009248,2,0,0.0
U009249,2,0,0.0
U009250,3,1,3058.25
U009251,3,0,0.0
U009252,4,0,0.0
U009253,2,1,4760.64
U009254,4,0,0.0
U009255,2,0,0.0
U009256,2,0,0.0
U009257,2,0,0.0
U009258,4,1,1548.88
U009259,2,0,0.0
U009260,3,0,0.0
U009261,4,0,0.0
U009262,2,0,0.0
U009263,2,0,0.0
U009264,2,0,0.0
U009265,3,0,0.0
U009266,1,0,0.0
U009267,1,0,0.0
U009268,3,0,0.0
U009269,5,0,0.0
U009270,5,1,2462.65
U009271,4,1,2484.73
U009272,3,0,0.0
U009273,2,0,0.0
U009274,1,0,0.0
U009275,1,0,0.0
U009276,1,0,0.0
U009277,1,0,0.0
U009278,5,1,2137.15
U009279,1,0,0.0
U009280,1,0,0.0
U009281,3,0,0.0
U009282,4,0,0.0
U009283,1,0,0.0
U009284,2,0,0.0
U009285,2,1,5542.78
U009286,2,0,0.0
U009287,3,0,0.0
U009288,4,1,3337.21
U009289,1,0,0.0
U009290,2,0,0.0
U009291,2,0,0.0
U009292,3,0,0.0
U009293,1,0,0.0
U009294,4,1,3506.2
U009295,4,0,0.0
U009296,2,0,0.0
U009297,2,0,0.0
U009298,3,0,0.0
U009299,1,0,0.0
U009300,2,0,0.0
U009301,1,0,0.0
U009302,2,0,0.0
U009303,5,0,0.0
U009304,1,0,0.0
U009305,1,0,0.0
U009306,3,1,3164.56
U009307,2,1,4997.96
U009308,3,1,1744.94
U009309,2,0,0.0
U009310,2,0,0.0
U009311,3,1,2778.22
U009312,1,0,0.0
U009313,3,1,4789.79
U009314,4,0,0.0
U009315,5,0,0.0
U009316,1,0,0.0
U009317,1,0,0.0
U009318,2,0,0.0
U009319,1,0,0.0
U009320,1,0,0.0
U009321,4,1,1783.99
U009322,2,0,0.0
U009323,1,0,0.0
U009324,2,0,0.0
U009325,1,0,0.0
U009326,4,0,0.0
U009327,1,0,0.0
U009328,2,0,0.0
U009329,4,0,0.0
U009330,2,0,0.0
U009331,3,0,0.0
U009332,3,0,0.0
U009333,1,0,0.0
U009334,1,0,0.0
U009335,1,0,0.0
U009336,3,0,0.0
U009337,1,0,0.0
U009338,3,0,0.0
U009339,1,0,0.0
U009340,4,1,3489.48
U009341,1,1,3173.62
U009342,3,0,0.0
U009343,1,0,0.0
U009344,3,1,3497.51
U009345,4,0,0.0
U009346,1,0,0.0
U009347,4,0,0.0
U009348,4,0,0.0
U009349,3,0,0.0
U009350,4,1,1692.32
U009351,1,0,0.0
U009352,3,0,0.0
U009353,1,0,0.0
U009354,2,0,0.0
U009355,2,0,0.0
U009356,1,0,0.0
U009357,1,0,0.0
U009358,1,0,0.0
U009359,2,0,0.0
U009360,5,0,0.0
U009361,1,0,0.0
U009362,2,1,1862.28
U009363,5,1,2918.81
U009364,2,0,0.0
U009365,2,0,0.0
U009366,4,0,0.0
U009367,2,0,0.0
U009368,3,0,0.0
U009369,2,0,0.0
U009370,4,1,5502.12
U009371,5,0,0.0
U009372,2,1,1280.36
U009373,1,0,0.0
U009374,1,0,0.0
U009375,1,0,0.0
U009376,2,0,0.0
U009377,2,0,0.0
U009378,4,0,0.0
U009379,1,0,0.0
U009380,3,0,0.0
U009381,2,0,0.0
U009382,3,0,0.0
U009383,3,0,0.0
U009384,2,1,3309.94
U009385,3,0,0.0
U009386,3,0,0.0
U009387,1,0,0.0
U009388,4,0,0.0
U009389,2,1,1584.18
U009390,4,0,0.0
U009391,1,0,0.0
U009392,4,1,4005.92
U009393,5,1,2265.57
U009394,5,0,0.0
U009395,2,1,2364.08
U009396,1,0,0.0
U009397,2,0,0.0
U009398,4,1,3216.7
U009399,1,1,4252.71
U009400,4,0,0.0
U009401,1,0,0.0
U009402,3,0,0.0
U009403,4,0,0.0
U009404,4,0,0.0
U009405,1,0,0.0
U009406,4,0,0.0
U009407,1,0,0.0
U009408,3,0,0.0
U009409,2,0,0.0
U009410,1,0,0.0
U009411,1,0,0.0
U009412,2,1,3452.69
U009413,1,0,0.0
U009414,1,0,0.0
U009415,3,1,2565.65
U009416,1,1,2759.97
U009417,2,0,0.0
U009418,2,0,0.0
U009419,2,0,0.0
U009420,3,0,0.0
U009421,1,0,0.0
U009422,4,0,0.0
U009423,2,0,0.0
U009424,1,0,0.0
U009425,1,0,0.0
U009426,1,1,3206.71
U009427,3,1,2155.75
U009428,3,0,0.0
U009429,2,1,5119.19
U009430,2,0,0.0
U009431,2,0,0.0
U009432,2,0,0.0
U009433,2,1,5323.08
U009434,3,1,4641.94
U009435,2,0,0.0
U009436,2,0,0.0
U009437,2,0,0.0
U009438,3,0,0.0
U009439,1,0,0.0
U009440,4,1,3379.16
U009441,3,0,0.0
U009442,2,0,0.0
U009443,2,0,0.0
U009444,2,0,0.0
U009445,5,0,0.0
U009446,4,1,3157.67
U009447,3,0,0.0
U009448,2,0,0.0
U009449,3,0,0.0
U009450,3,0,0.0
U009451,1,0,0.0
U009452,3,1,4622.3
U009453,2,1,5088.19
U009454,3,1,1742.69
U009455,2,0,0.0
U009456,1,0,0.0
U009457,1,0,0.0
U009458,3,0,0.0
U009459,2,1,3448.54
U009460,2,1,2169.04
U009461,1,0,0.0
U009462,1,0,0.0
U009463,1,0,0.0
U009464,1,0,0.0
U009465,4,0,0.0
U009466,2,0,0.0
U009467,3,0,0.0
U009468,2,0,0.0
U009469,3,0,0.0
U009470,3,0,0.0
U009471,2,0,0.0
U009472,5,0,0.0
U009473,3,0,0.0
U009474,1,0,0.0
U009475,3,0,0.0
U009476,1,0,0.0
U009477,2,0,0.0
U009478,3,0,0.0
U009479,2,0,0.0
U009480,4,0,0.0
U009481,2,0,0.0
U009482,2,0,0.0
U009483,3,0,0.0
U009484,1,0,0.0
U009485,3,0,0.0
U009486,1,0,0.0
U009487,1,0,0.0
U009488,2,0,0.0
U009489,1,0,0.0
U009490,4,0,0.0
U009491,1,0,0.0
U009492,3,1,2037.75
U009493,2,0,0.0
U009494,3,0,0.0
U009495,3,1,2458.68
U009496,3,0,0.0
U009497,1,0,0.0
U009498,4,0,0.0
U009499,1,1,1388.58
U009500,5,0,0.0
U009501,3,0,0.0
U009502,1,0,0.0
U009503,3,0,0.0
U009504,4,1,3061.69
U009505,4,1,2157.27
U009506,2,0,0.0
U009507,3,0,0.0
U009508,3,0,0.0
U009509,1,0,0.0
U009510,3,1,5650.65
U009511,2,0,0.0
U009512,1,0,0.0
U009513,1,0,0.0
U009514,2,0,0.0
U009515,4,0,0.0
U009516,2,0,0.0
U009517,2,0,0.0
U009518,1,0,0.0
U009519,2,0,0.0
U009520,2,0,0.0
U009521,5,0,0.0
U009522,4,1,3035.87
U009523,3,1,2280.41
U009524,2,0,0.0
U009525,2,1,4689.74
U009526,3,0,0.0
U009527,1,0,0.0
U009528,1,0,0.0
U009529,2,1,1159.54
U009530,4,0,0.0
U009531,2,0,0.0
U009532,3,0,0.0
U009533,1,0,0.0
U009534,4,0,0.0
U009535,3,0,0.0
U009536,2,0,0.0
U009537,2,0,0.0
U009538,1,1,2408.15
U009539,1,0,0.0
U009540,4,0,0.0
U009541,2,0,0.0
U009542,2,1,2077.83
U009543,3,0,0.0
U009544,1,0,0.0
U009545,1,0,0.0
U009546,3,1,2915.96
U009547,2,0,0.0
U009548,1,0,0.0
U009549,3,0,0.0
U009550,2,0,0.0
U009551,4,0,0.0
U009552,2,0,0.0
U009553,1,0,0.0
U009554,3,0,0.0
U009555,3,0,0.0
U009556,3,0,0.0
U009557,4,0,0.0
U009558,1,0,0.0
U009559,2,0,0.0
U009560,2,0,0.0
U009561,2,0,0.0
U009562,2,0,0.0
U009563,3,0,0.0
U009564,5,0,0.0
U009565,1,0,0.0
U009566,5,0,0.0
U009567,1,0,0.0
U009568,2,0,0.0
U009569,1,0,0.0
U009570,4,0,0.0
U009571,3,0,0.0
U009572,3,1,3266.48
U009573,3,0,0.0
U009574,1,0,0.0
U009575,1,1,2225.66
U009576,1,0,0.0
U009577,4,0,0.0
U009578,3,0,0.0
U009579,5,0,0.0
U009580,3,1,4875.0
U009581,2,0,0.0
U009582,1,0,0.0
U009583,2,1,5073.47
U009584,2,0,0.0
U009585,3,1,2053.61
U009586,1,0,0.0
U009587,3,0,0.0
U009588,4,0,0.0
U009589,3,0,0.0
U009590,3,1,2726.43
U009591,4,1,1879.33
U009592,2,0,0.0
U009593,3,1,3574.38
U009594,4,0,0.0
U009595,1,0,0.0
U009596,4,0,0.0
U009597,5,0,0.0
U009598,3,1,1877.65
U009599,1,0,0.0
U009600,3,0,0.0
U009601,2,1,2084.3
U009602,2,0,0.0
U009603,1,0,0.0
U009604,1,0,0.0
U009605,2,0,0.0
U009606,2,0,0.0
U009607,1,0,0.0
U009608,1,0,0.0
U009609,1,0,0.0
U009610,1,0,0.0
U009611,5,0,0.0
U009612,4,0,0.0
U009613,4,0,0.0
U009614,4,1,1805.52
U009615,3,0,0.0
U009616,1,0,0.0
U009617,4,0,0.0
U009618,2,0,0.0
U009619,3,0,0.0
U009620,4,0,0.0
U009621,1,0,0.0
U009622,2,0,0.0
U009623,1,0,0.0
U009624,3,0,0.0
U009625,4,0,0.0
U009626,2,0,0.0
U009627,3,0,0.0
U009628,3,0,0.0
U009629,1,0,0.0
U009630,1,0,0.0
U009631,1,1,3165.41
U009632,3,0,0.0
U009633,1,0,0.0
U009634,1,0,0.0
U009635,1,0,0.0
U009636,4,1,1881.54
U009637,3,0,0.0
U009638,1,0,0.0
U009639,2,0,0.0
U009640,2,1,3042.87
U009641,5,0,0.0
U009642,4,1,8362.51
U009643,2,0,0.0
U009644,5,0,0.0
U009645,1,0,0.0
U009646,5,0,0.0
U009647,2,0,0.0
U009648,1,0,0.0
U009649,1,0,0.0
U009650,2,0,0.0
U009651,2,0,0.0
U009652,3,0,0.0
U009653,2,0,0.0
U009654,5,1,5131.13
U009655,2,0,0.0
U009656,1,0,0.0
U009657,1,1,4715.22
U009658,1,0,0.0
U009659,1,0,0.0
U009660,4,0,0.0
U009661,2,0,0.0
U009662,3,0,0.0
U009663,2,1,3792.61
U009664,5,0,0.0
U009665,2,0,0.0
U009666,3,0,0.0
U009667,3,1,4919.43
U009668,3,1,3069.66
U009669,3,0,0.0
U009670,2,0,0.0
U009671,1,0,0.0
U009672,2,0,0.0
U009673,1,0,0.0
U009674,3,0,0.0
U009675,2,0,0.0
U009676,3,1,3390.73
U009677,1,1,4381.48
U009678,1,0,0.0
U009679,1,0,0.0
U009680,1,0,0.0
U009681,3,0,0.0
U009682,3,0,0.0
U009683,2,0,0.0
U009684,3,0,0.0
U009685,1,0,0.0
U009686,2,0,0.0
U009687,2,0,0.0
U009688,3,0,0.0
U009689,2,0,0.0
U009690,3,0,0.0
U009691,5,0,0.0
U009692,1,0,0.0
U009693,2,0,0.0
U009694,2,0,0.0
U009695,2,0,0.0
U009696,1,0,0.0
U009697,2,0,0.0
U009698,4,0,0.0
U009699,3,1,3385.05
U009700,1,0,0.0
U009701,1,0,0.0
U009702,4,0,0.0
U009703,1,0,0.0
U009704,3,1,3364.73
U009705,4,0,0.0
U009706,3,0,0.0
U009707,3,0,0.0
U009708,1,1,3523.1
U009709,1,0,0.0
U009710,4,0,0.0
U009711,4,0,0.0
U009712,3,0,0.0
U009713,1,0,0.0
U009714,3,0,0.0
U009715,2,1,3091.93
U009716,2,0,0.0
U009717,2,0,0.0
U009718,2,1,2715.57
U009719,5,0,0.0
U009720,5,0,0.0
U009721,2,0,0.0
U009722,1,0,0.0
U009723,3,0,0.0
U009724,4,0,0.0
U009725,3,0,0.0
U009726,1,0,0.0
U009727,3,1,3130.54
U009728,1,0,0.0
U009729,5,1,2576.89
U009730,1,0,0.0
U009731,2,0,0.0
U009732,2,1,2501.57
U009733,4,0,0.0
U009734,2,0,0.0
U009735,3,0,0.0
U009736,3,0,0.0
U009737,1,0,0.0
U009738,2,0,0.0
U009739,3,0,0.0
U009740,1,0,0.0
U009741,4,1,1059.52
U009742,4,0,0.0
U009743,1,0,0.0
U009744,1,0,0.0
U009745,3,0,0.0
U009746,1,0,0.0
U009747,3,1,5534.2
U009748,1,0,0.0
U009749,2,0,0.0
U009750,2,0,0.0
U009751,3,0,0.0
U009752,1,0,0.0
U009753,2,0,0.0
U009754,1,0,0.0
U009755,4,0,0.0
U009756,1,0,0.0
U009757,1,0,0.0
U009758,5,0,0.0
U009759,3,0,0.0
U009760,2,0,0.0
U009761,4,1,3272.24
U009762,1,0,0.0
U009763,2,0,0.0
U009764,1,0,0.0
U009765,1,0,0.0
U009766,4,0,0.0
U009767,2,0,0.0
U009768,4,1,1835.68
U009769,2,0,0.0
U009770,4,0,0.0
U009771,1,0,0.0
U009772,2,1,3356.85
U009773,3,0,0.0
U009774,4,0,0.0
U009775,1,0,0.0
U009776,2,0,0.0
U009777,3,0,0.0
U009778,2,0,0.0
U009779,1,0,0.0
U009780,2,0,0.0
U009781,3,0,0.0
U009782,2,0,0.0
U009783,3,1,3112.85
U009784,5,0,0.0
U009785,4,0,0.0
U009786,4,0,0.0
U009787,3,0,0.0
U009788,3,0,0.0
U009789,4,1,3565.69
U009790,2,0,0.0
U009791,1,0,0.0
U009792,1,0,0.0
U009793,1,0,0.0
U009794,4,1,2190.85
U009795,1,0,0.0
U009796,1,0,0.0
U009797,2,0,0.0
U009798,1,0,0.0
U009799,3,0,0.0
U009800,2,0,0.0
U009801,3,0,0.0
U009802,3,0,0.0
U009803,3,0,0.0
U009804,4,0,0.0
U009805,1,1,5173.27
U009806,2,0,0.0
U009807,3,0,0.0
U009808,1,0,0.0
U009809,2,0,0.0
U009810,2,0,0.0
U009811,2,0,0.0
U009812,3,1,998.03
U009813,3,0,0.0
U009814,1,0,0.0
U009815,3,0,0.0
U009816,2,0,0.0
U009817,2,0,0.0
U009818,2,0,0.0
U009819,3,1,5962.96
U009820,2,0,0.0
U009821,5,1,2991.15
U009822,2,0,0.0
U009823,1,0,0.0
U009824,2,0,0.0
U009825,1,0,0.0
U009826,3,0,0.0
U009827,2,0,0.0
U009828,3,0,0.0
U009829,2,0,0.0
U009830,2,0,0.0
U009831,1,0,0.0
U009832,1,0,0.0
U009833,3,0,0.0
U009834,1,0,0.0
U009835,1,0,0.0
U009836,4,0,0.0
U009837,1,0,0.0
U009838,1,0,0.0
U009839,2,0,0.0
U009840,1,0,0.0
U009841,1,0,0.0
U009842,3,0,0.0
U009843,2,0,0.0
U009844,1,0,0.0
U009845,2,0,0.0
U009846,1,0,0.0
U009847,4,0,0.0
U009848,3,0,0.0
U009849,1,0,0.0
U009850,2,0,0.0
U009851,1,0,0.0
U009852,3,0,0.0
U009853,4,1,3536.61
U009854,2,1,2529.48
U009855,2,0,0.0
U009856,2,0,0.0
U009857,3,0,0.0
U009858,5,1,2412.17
U009859,2,0,0.0
U009860,2,0,0.0
U009861,2,0,0.0
U009862,3,0,0.0
U009863,4,0,0.0
U009864,5,0,0.0
U009865,5,0,0.0
U009866,2,0,0.0
U009867,1,0,0.0
U009868,2,1,2298.72
U009869,3,0,0.0
U009870,5,1,4425.78
U009871,1,0,0.0
U009872,3,0,0.0
U009873,3,1,4412.33
U009874,1,0,0.0
U009875,2,0,0.0
U009876,1,1,2285.13
U009877,3,1,5275.5
U009878,1,0,0.0
U009879,2,1,5259.59
U009880,5,0,0.0
U009881,1,0,0.0
U009882,2,1,3133.21
U009883,1,0,0.0
U009884,2,0,0.0
U009885,1,0,0.0
U009886,1,0,0.0
U009887,2,0,0.0
U009888,3,0,0.0
U009889,2,0,0.0
U009890,4,1,1778.79
U009891,2,0,0.0
U009892,5,0,0.0
U009893,2,0,0.0
U009894,1,0,0.0
U009895,2,0,0.0
U009896,2,0,0.0
U009897,1,1,2898.11
U009898,3,0,0.0
U009899,1,0,0.0
U009900,3,0,0.0
U009901,3,0,0.0
U009902,3,0,0.0
U009903,1,0,0.0
U009904,2,0,0.0
U009905,1,0,0.0
U009906,3,0,0.0
U009907,2,0,0.0
U009908,2,0,0.0
U009909,1,0,0.0
U009910,1,1,4749.65
U009911,2,0,0.0
U009912,1,0,0.0
U009913,5,0,0.0
U009914,1,0,0.0
U009915,1,0,0.0
U009916,2,0,0.0
U009917,3,0,0.0
U009918,4,0,0.0
U009919,1,0,0.0
U009920,1,0,0.0
U009921,1,0,0.0
U009922,3,0,0.0
U009923,4,1,3393.95
U009924,2,0,0.0
U009925,1,0,0.0
U009926,3,0,0.0
U009927,4,0,0.0
U009928,4,1,1535.09
U009929,1,0,0.0
U009930,1,0,0.0
U009931,1,0,0.0
U009932,1,0,0.0
U009933,3,0,0.0
U009934,2,0,0.0
U009935,5,0,0.0
U009936,2,0,0.0
U009937,1,0,0.0
U009938,3,0,0.0
U009939,3,0,0.0
U009940,1,0,0.0
U009941,4,1,2543.53
U009942,3,0,0.0
U009943,3,0,0.0
U009944,1,0,0.0
U009945,2,0,0.0
U009946,2,0,0.0
U009947,2,0,0.0
U009948,5,0,0.0
U009949,3,0,0.0
U009950,2,0,0.0
U009951,1,0,0.0
U009952,2,1,4187.87
U009953,4,1,4591.07
U009954,4,0,0.0
U009955,2,1,1774.69
U009956,3,0,0.0
U009957,1,0,0.0
U009958,1,1,2161.87
U009959,2,0,0.0
U009960,1,0,0.0
U009961,1,0,0.0
U009962,3,0,0.0
U009963,1,0,0.0
U009964,5,0,0.0
U009965,1,0,0.0
U009966,3,0,0.0
U009967,1,0,0.0
U009968,2,0,0.0
U009969,4,1,2453.66
U009970,2,0,0.0
U009971,2,0,0.0
U009972,1,0,0.0
U009973,2,0,0.0
U009974,2,0,0.0
U009975,4,0,0.0
U009976,2,0,0.0
U009977,3,0,0.0
U009978,1,0,0.0
U009979,2,0,0.0
U009980,2,0,0.0
U009981,3,1,2616.99
U009982,3,1,2827.51
U009983,2,0,0.0
U009984,2,1,2894.32
U009985,1,0,0.0
U009986,2,1,5288.19
U009987,3,0,0.0
U009988,3,0,0.0
U009989,2,0,0.0
U009990,2,0,0.0
U009991,3,0,0.0
U009992,1,0,0.0
U009993,2,0,0.0
U009994,1,0,0.0
U009995,1,0,0.0
U009996,1,1,2332.41
U009997,1,1,1433.34
U009998,4,0,0.0
U009999,2,0,0.0
U010000,4,0,0.0
U010001,2,0,0.0
U010002,1,0,0.0
U010003,2,0,0.0
U010004,2,0,0.0
U010005,4,0,0.0
U010006,1,0,0.0
U010007,1,0,0.0
U010008,1,0,0.0
U010009,3,0,0.0
U010010,2,0,0.0
U010011,1,0,0.0
U010012,3,0,0.0
U010013,1,0,0.0
U010014,2,0,0.0
U010015,3,0,0.0
U010016,1,0,0.0
U010017,2,0,0.0
U010018,1,0,0.0
U010019,2,0,0.0
U010020,2,0,0.0
U010021,5,0,0.0
U010022,1,0,0.0
U010023,1,0,0.0
U010024,2,0,0.0
U010025,3,0,0.0
U010026,2,0,0.0
U010027,3,0,0.0
U010028,3,0,0.0
U010029,2,0,0.0
U010030,4,1,4039.53
U010031,4,0,0.0
U010032,2,0,0.0
U010033,3,0,0.0
U010034,2,0,0.0
U010035,4,1,2358.75
U010036,4,1,2536.73
U010037,1,0,0.0
U010038,5,0,0.0
U010039,2,0,0.0
U010040,2,0,0.0
U010041,3,1,3931.58
U010042,2,0,0.0
U010043,5,0,0.0
U010044,4,0,0.0
U010045,3,0,0.0
U010046,4,0,0.0
U010047,3,0,0.0
U010048,4,1,3057.2
U010049,3,0,0.0
U010050,2,1,3241.59
U010051,1,0,0.0
U010052,1,0,0.0
U010053,1,0,0.0
U010054,1,0,0.0
U010055,2,0,0.0
U010056,1,0,0.0
U010057,1,0,0.0
U010058,1,0,0.0
U010059,3,0,0.0
U010060,2,0,0.0
U010061,2,0,0.0
U010062,1,1,2600.83
U010063,5,0,0.0
U010064,3,0,0.0
U010065,4,0,0.0
U010066,1,0,0.0
U010067,4,0,0.0
U010068,2,0,0.0
U010069,1,0,0.0
U010070,2,0,0.0
U010071,5,0,0.0
U010072,2,0,0.0
U010073,1,0,0.0
U010074,3,0,0.0
U010075,4,0,0.0
U010076,3,0,0.0
U010077,2,1,1063.0
U010078,2,0,0.0
U010079,3,0,0.0
U010080,4,0,0.0
U010081,2,0,0.0
U010082,3,0,0.0
U010083,1,0,0.0
U010084,4,0,0.0
U010085,1,0,0.0
U010086,3,1,3829.13
U010087,2,0,0.0
U010088,2,0,0.0
U010089,3,0,0.0
U010090,2,0,0.0
U010091,5,0,0.0
U010092,3,1,4414.24
U010093,2,0,0.0
U010094,1,0,0.0
U010095,5,0,0.0
U010096,1,0,0.0
U010097,2,1,5330.2
U010098,2,0,0.0
U010099,1,0,0.0
U010100,2,0,0.0
U010101,4,0,0.0
U010102,2,1,3399.9
U010103,4,0,0.0
U010104,1,0,0.0
U010105,2,0,0.0
U010106,1,0,0.0
U010107,3,0,0.0
U010108,1,0,0.0
U010109,2,0,0.0
U010110,5,1,2868.11
U010111,1,0,0.0
U010112,1,1,3431.89
U010113,5,1,1639.17
U010114,3,0,0.0
U010115,1,0,0.0
U010116,1,0,0.0
U010117,4,0,0.0
U010118,1,0,0.0
U010119,2,0,0.0
U010120,1,1,3347.95
U010121,2,0,0.0
U010122,2,0,0.0
U010123,1,0,0.0
U010124,3,1,1359.35
U010125,2,0,0.0
U010126,3,1,2924.73
U010127,4,0,0.0
U010128,2,0,0.0
U010129,1,0,0.0
U010130,4,0,0.0
U010131,2,1,1375.13
U010132,2,0,0.0
U010133,2,1,3410.34
U010134,2,1,3187.55
U010135,5,0,0.0
U010136,2,0,0.0
U010137,2,0,0.0
U010138,4,0,0.0
U010139,2,1,3249.86
U010140,4,0,0.0
U010141,3,0,0.0
U010142,1,0,0.0
U010143,4,0,0.0
U010144,1,0,0.0
U010145,2,0,0.0
U010146,2,0,0.0
U010147,2,0,0.0
U010148,2,0,0.0
U010149,2,1,2460.19
U010150,3,0,0.0
U010151,2,0,0.0
U010152,3,0,0.0
U010153,2,0,0.0
U010154,2,0,0.0
U010155,2,0,0.0
U010156,1,0,0.0
U010157,2,0,0.0
U010158,4,0,0.0
U010159,2,0,0.0
U010160,2,0,0.0
U010161,1,0,0.0
U010162,1,0,0.0
U010163,4,0,0.0
U010164,1,0,0.0
U010165,3,0,0.0
U010166,2,0,0.0
U010167,1,0,0.0
U010168,2,1,3826.85
U010169,1,0,0.0
U010170,1,0,0.0
U010171,1,0,0.0
U010172,3,0,0.0
U010173,4,0,0.0
U010174,4,0,0.0
U010175,3,0,0.0
U010176,2,0,0.0
U010177,4,0,0.0
U010178,4,0,0.0
U010179,2,0,0.0
U010180,1,1,1496.91
U010181,3,0,0.0
U010182,1,0,0.0
U010183,4,1,5366.8
U010184,1,0,0.0
U010185,2,0,0.0
U010186,1,0,0.0
U010187,1,0,0.0
U010188,2,0,0.0
U010189,2,0,0.0
U010190,4,1,1538.39
U010191,2,0,0.0
U010192,2,1,1174.05
U010193,4,0,0.0
U010194,3,0,0.0
U010195,5,0,0.0
U010196,4,1,1625.55
U010197,1,0,0.0
U010198,4,0,0.0
U010199,2,0,0.0
U010200,2,0,0.0
U010201,1,0,0.0
U010202,4,0,0.0
U010203,3,0,0.0
U010204,3,0,0.0
U010205,2,0,0.0
U010206,2,0,0.0
U010207,2,0,0.0
U010208,2,0,0.0
U010209,1,0,0.0
U010210,3,0,0.0
U010211,2,0,0.0
U010212,3,0,0.0
U010213,1,0,0.0
U010214,5,1,5756.2
U010215,3,0,0.0
U010216,3,0,0.0
U010217,1,0,0.0
U010218,3,0,0.0
U010219,2,1,1493.0
U010220,2,0,0.0
U010221,2,0,0.0
U010222,3,1,3352.04
U010223,2,0,0.0
U010224,2,0,0.0
U010225,2,0,0.0
U010226,5,1,2731.64
U010227,5,1,2015.66
U010228,2,0,0.0
U010229,2,0,0.0
U010230,2,0,0.0
U010231,1,0,0.0
U010232,2,0,0.0
U010233,2,0,0.0
U010234,2,1,3168.01
U010235,1,0,0.0
U010236,4,0,0.0
U010237,3,0,0.0
U010238,5,0,0.0
U010239,1,0,0.0
U010240,1,0,0.0
U010241,1,0,0.0
U010242,5,0,0.0
U010243,1,1,8409.8
U010244,5,1,2998.54
U010245,4,0,0.0
U010246,2,0,0.0
U010247,2,0,0.0
U010248,4,0,0.0
U010249,3,0,0.0
U010250,1,0,0.0
U010251,3,0,0.0
U010252,2,0,0.0
U010253,2,1,4144.99
U010254,3,1,3590.42
U010255,2,0,0.0
U010256,1,0,0.0
U010257,3,0,0.0
U010258,1,0,0.0
U010259,3,0,0.0
U010260,3,0,0.0
U010261,2,1,2863.75
U010262,1,0,0.0
U010263,1,0,0.0
U010264,2,0,0.0
U010265,2,0,0.0
U010266,4,0,0.0
U010267,4,0,0.0
U010268,3,0,0.0
U010269,1,0,0.0
U010270,3,0,0.0
U010271,2,1,2846.37
U010272,2,0,0.0
U010273,3,0,0.0
U010274,3,0,0.0
U010275,2,0,0.0
U010276,1,0,0.0
U010277,4,0,0.0
U010278,2,1,5317.89
U010279,5,1,3101.86
U010280,1,0,0.0
U010281,4,1,3627.07
U010282,1,0,0.0
U010283,2,1,3096.9
U010284,2,0,0.0
U010285,3,1,2763.08
U010286,5,1,3057.52
U010287,1,0,0.0
U010288,3,0,0.0
U010289,3,0,0.0
U010290,2,1,2742.91
U010291,3,1,4197.4
U010292,4,1,3928.42
U010293,5,0,0.0
U010294,1,0,0.0
U010295,3,1,5638.29
U010296,5,0,0.0
U010297,1,0,0.0
U010298,3,1,1750.58
U010299,2,0,0.0
U010300,1,1,1871.75
U010301,2,0,0.0
U010302,3,0,0.0
U010303,4,0,0.0
U010304,2,0,0.0
U010305,1,0,0.0
U010306,1,0,0.0
U010307,5,1,3082.56
U010308,5,0,0.0
U010309,3,1,3887.5
U010310,3,0,0.0
U010311,1,0,0.0
U010312,1,0,0.0
U010313,3,0,0.0
U010314,2,0,0.0
U010315,4,1,3726.19
U010316,1,0,0.0
U010317,2,0,0.0
U010318,3,0,0.0
U010319,1,0,0.0
U010320,2,0,0.0
U010321,2,0,0.0
U010322,2,0,0.0
U010323,2,0,0.0
U010324,1,0,0.0
U010325,2,1,3801.47
U010326,1,0,0.0
U010327,3,0,0.0
U010328,2,0,0.0
U010329,2,0,0.0
U010330,2,0,0.0
U010331,3,0,0.0
U010332,1,0,0.0
U010333,1,0,0.0
U010334,1,0,0.0
U010335,3,0,0.0
U010336,3,0,0.0
U010337,1,1,2567.48
U010338,1,0,0.0
U010339,1,0,0.0
U010340,1,0,0.0
U010341,2,0,0.0
U010342,1,0,0.0
U010343,1,0,0.0
U010344,1,0,0.0
U010345,4,0,0.0
U010346,1,0,0.0
U010347,2,1,5206.6
U010348,3,0,0.0
U010349,2,0,0.0
U010350,4,0,0.0
U010351,3,0,0.0
U010352,5,0,0.0
U010353,1,0,0.0
U010354,3,0,0.0
U010355,2,0,0.0
U010356,2,0,0.0
U010357,5,0,0.0
U010358,4,0,0.0
U010359,2,0,0.0
U010360,3,0,0.0
U010361,2,0,0.0
U010362,2,0,0.0
U010363,5,1,3332.66
U010364,2,0,0.0
U010365,1,0,0.0
U010366,4,0,0.0
U010367,3,0,0.0
U010368,2,0,0.0
U010369,1,0,0.0
U010370,5,1,1984.54
U010371,2,0,0.0
U010372,1,0,0.0
U010373,1,0,0.0
U010374,2,0,0.0
U010375,1,0,0.0
U010376,3,0,0.0
U010377,2,0,0.0
U010378,2,0,0.0
U010379,4,0,0.0
U010380,3,0,0.0
U010381,2,0,0.0
U010382,1,0,0.0
U010383,3,1,3133.77
U010384,2,0,0.0
U010385,5,0,0.0
U010386,5,0,0.0
U010387,2,0,0.0
U010388,2,1,7488.79
U010389,3,1,3977.51
U010390,4,0,0.0
U010391,2,0,0.0
U010392,2,0,0.0
U010393,4,0,0.0
U010394,2,0,0.0
U010395,2,0,0.0
U010396,2,0,0.0
U010397,2,1,6989.12
U010398,2,0,0.0
U010399,3,0,0.0
U010400,5,0,0.0
U010401,2,1,2632.25
U010402,4,0,0.0
U010403,4,0,0.0
U010404,3,0,0.0
U010405,3,1,2536.59
U010406,1,0,0.0
U010407,2,1,1989.99
U010408,3,0,0.0
U010409,1,0,0.0
U010410,3,0,0.0
U010411,2,0,0.0
U010412,2,0,0.0
U010413,2,0,0.0
U010414,2,0,0.0
U010415,2,0,0.0
U010416,1,1,2321.26
U010417,2,1,1969.42
U010418,5,0,0.0
U010419,4,0,0.0
U010420,5,0,0.0
U010421,2,0,0.0
U010422,1,0,0.0
U010423,1,0,0.0
U010424,3,0,0.0
U010425,2,0,0.0
U010426,2,0,0.0
U010427,3,0,0.0
U010428,1,0,0.0
U010429,2,0,0.0
U010430,1,0,0.0
U010431,2,1,6137.69
U010432,1,0,0.0
U010433,1,0,0.0
U010434,4,0,0.0
U010435,1,0,0.0
U010436,1,0,0.0
U010437,3,0,0.0
U010438,2,0,0.0
U010439,2,0,0.0
U010440,3,1,2559.28
U010441,3,1,1938.71
U010442,3,0,0.0
U010443,1,0,0.0
U010444,1,0,0.0
U010445,1,0,0.0
U010446,1,0,0.0
U010447,1,0,0.0
U010448,3,0,0.0
U010449,1,0,0.0
U010450,2,0,0.0
U010451,2,0,0.0
U010452,3,0,0.0
U010453,4,0,0.0
U010454,1,0,0.0
U010455,2,0,0.0
U010456,2,0,0.0
U010457,2,0,0.0
U010458,1,0,0.0
U010459,4,1,3019.17
U010460,4,0,0.0
U010461,4,1,1705.47
U010462,1,0,0.0
U010463,1,0,0.0
U010464,4,1,2357.17
U010465,1,1,1976.25
U010466,3,0,0.0
U010467,3,0,0.0
U010468,3,1,3000.28
U010469,2,1,5221.88
U010470,1,1,5239.82
U010471,1,0,0.0
U010472,2,0,0.0
U010473,1,0,0.0
U010474,4,0,0.0
U010475,3,0,0.0
U010476,5,0,0.0
U010477,1,0,0.0
U010478,3,0,0.0
U010479,2,0,0.0
U010480,1,1,4807.3
U010481,4,1,2101.2
U010482,5,0,0.0
U010483,2,1,3573.92
U010484,3,0,0.0
U010485,2,0,0.0
U010486,2,0,0.0
U010487,5,0,0.0
U010488,1,0,0.0
U010489,2,1,2546.36
U010490,2,0,0.0
U010491,2,1,3346.49
U010492,2,1,2556.49
U010493,2,0,0.0
U010494,1,0,0.0
U010495,3,0,0.0
U010496,1,1,5198.53
U010497,2,0,0.0
U010498,1,0,0.0
U010499,2,0,0.0
U010500,4,0,0.0
U010501,1,0,0.0
U010502,1,0,0.0
U010503,2,0,0.0
U010504,2,0,0.0
U010505,3,0,0.0
U010506,1,0,0.0
U010507,4,0,0.0
U010508,2,0,0.0
U010509,3,1,2829.31
U010510,2,0,0.0
U010511,5,0,0.0
U010512,3,1,2521.35
U010513,4,0,0.0
U010514,2,0,0.0
U010515,4,1,3692.62
U010516,3,1,3639.93
U010517,3,0,0.0
U010518,4,0,0.0
U010519,3,0,0.0
U010520,1,0,0.0
U010521,2,0,0.0
U010522,5,1,4372.88
U010523,4,0,0.0
U010524,1,0,0.0
U010525,4,0,0.0
U010526,1,0,0.0
U010527,2,0,0.0
U010528,3,0,0.0
U010529,1,0,0.0
U010530,1,0,0.0
U010531,1,0,0.0
U010532,3,1,2422.21
U010533,1,0,0.0
U010534,3,0,0.0
U010535,2,0,0.0
U010536,3,0,0.0
U010537,4,0,0.0
U010538,2,1,1812.39
U010539,3,1,3348.51
U010540,2,0,0.0
U010541,5,0,0.0
U010542,1,0,0.0
U010543,2,0,0.0
U010544,4,0,0.0
U010545,3,1,3146.3
U010546,3,0,0.0
U010547,3,1,2816.77
U010548,5,0,0.0
U010549,2,1,3702.27
U010550,1,0,0.0
U010551,5,0,0.0
U010552,1,0,0.0
U010553,2,0,0.0
U010554,1,0,0.0
U010555,5,0,0.0
U010556,1,0,0.0
U010557,1,0,0.0
U010558,1,0,0.0
U010559,2,0,0.0
U010560,2,1,2275.94
U010561,1,0,0.0
U010562,4,0,0.0
U010563,3,0,0.0
U010564,2,1,3346.77
U010565,1,0,0.0
U010566,4,0,0.0
U010567,1,1,2510.63
U010568,2,0,0.0
U010569,5,0,0.0
U010570,2,0,0.0
U010571,4,0,0.0
U010572,3,0,0.0
U010573,3,0,0.0
U010574,1,0,0.0
U010575,1,0,0.0
U010576,2,0,0.0
U010577,4,0,0.0
U010578,2,1,3162.65
U010579,2,0,0.0
U010580,2,0,0.0
U010581,1,0,0.0
U010582,1,0,0.0
U010583,2,0,0.0
U010584,1,0,0.0
U010585,3,0,0.0
U010586,3,1,3889.39
U010587,2,1,2462.11
U010588,4,0,0.0
U010589,2,1,1227.05
U010590,2,0,0.0
U010591,3,0,0.0
U010592,1,1,4105.11
U010593,1,0,0.0
U010594,5,0,0.0
U010595,1,0,0.0
U010596,4,0,0.0
U010597,2,0,0.0
U010598,1,0,0.0
U010599,1,0,0.0
U010600,1,0,0.0
U010601,1,0,0.0
U010602,1,0,0.0
U010603,2,0,0.0
U010604,4,0,0.0
U010605,5,1,7055.91
U010606,1,0,0.0
U010607,2,0,0.0
U010608,1,0,0.0
U010609,1,0,0.0
U010610,1,0,0.0
U010611,1,0,0.0
U010612,1,0,0.0
U010613,2,0,0.0
U010614,1,0,0.0
U010615,2,0,0.0
U010616,1,0,0.0
U010617,2,1,4506.08
U010618,1,0,0.0
U010619,4,0,0.0
U010620,4,0,0.0
U010621,1,0,0.0
U010622,2,0,0.0
U010623,2,0,0.0
U010624,1,0,0.0
U010625,1,0,0.0
U010626,4,1,5255.84
U010627,2,0,0.0
U010628,2,1,3997.39
U010629,2,0,0.0
U010630,3,0,0.0
U010631,1,0,0.0
U010632,1,0,0.0
U010633,1,0,0.0
U010634,2,0,0.0
U010635,3,1,4300.73
U010636,4,1,2673.81
U010637,4,0,0.0
U010638,3,0,0.0
U010639,1,0,0.0
U010640,4,1,6043.84
U010641,2,0,0.0
U010642,1,0,0.0
U010643,2,0,0.0
U010644,1,0,0.0
U010645,5,1,2386.77
U010646,2,0,0.0
U010647,1,0,0.0
U010648,5,1,3254.2
U010649,3,0,0.0
U010650,4,0,0.0
U010651,3,0,0.0
U010652,1,1,3139.46
U010653,2,0,0.0
U010654,2,0,0.0
U010655,2,0,0.0
U010656,2,1,4504.99
U010657,2,0,0.0
U010658,2,0,0.0
U010659,2,1,1774.53
U010660,1,0,0.0
U010661,1,0,0.0
U010662,2,0,0.0
U010663,5,0,0.0
U010664,5,0,0.0
U010665,2,0,0.0
U010666,1,0,0.0
U010667,4,0,0.0
U010668,2,0,0.0
U010669,1,0,0.0
U010670,3,0,0.0
U010671,1,0,0.0
U010672,1,0,0.0
U010673,3,0,0.0
U010674,1,0,0.0
U010675,3,0,0.0
U010676,1,0,0.0
U010677,2,0,0.0
U010678,3,0,0.0
U010679,2,0,0.0
U010680,1,0,0.0
U010681,3,0,0.0
U010682,5,1,4990.95
U010683,5,0,0.0
U010684,1,0,0.0
U010685,2,0,0.0
U010686,1,0,0.0
U010687,2,1,2109.63
U010688,2,0,0.0
U010689,3,0,0.0
U010690,2,0,0.0
U010691,4,0,0.0
U010692,1,0,0.0
U010693,1,0,0.0
U010694,1,0,0.0
U010695,4,1,3802.35
U010696,3,0,0.0
U010697,1,0,0.0
U010698,1,0,0.0
U010699,2,0,0.0
U010700,3,0,0.0
U010701,3,1,2493.81
U010702,2,0,0.0
U010703,3,0,0.0
U010704,2,1,4290.47
U010705,5,1,3340.61
U010706,3,0,0.0
U010707,3,0,0.0
U010708,1,0,0.0
U010709,1,1,1905.53
U010710,1,0,0.0
U010711,2,0,0.0
U010712,2,0,0.0
U010713,3,0,0.0
U010714,5,0,0.0
U010715,1,0,0.0
U010716,1,0,0.0
U010717,3,1,3550.43
U010718,2,1,3012.95
U010719,5,0,0.0
U010720,5,0,0.0
U010721,1,0,0.0
U010722,5,0,0.0
U010723,3,0,0.0
U010724,4,0,0.0
U010725,2,1,2812.74
U010726,5,1,2304.34
U010727,5,1,2217.24
U010728,1,0,0.0
U010729,3,0,0.0
U010730,2,0,0.0
U010731,1,1,3830.42
U010732,2,0,0.0
U010733,5,0,0.0
U010734,1,1,3158.85
U010735,5,0,0.0
U010736,2,0,0.0
U010737,5,1,3335.24
U010738,3,0,0.0
U010739,3,0,0.0
U010740,2,0,0.0
U010741,2,0,0.0
U010742,2,0,0.0
U010743,3,0,0.0
U010744,3,0,0.0
U010745,3,0,0.0
U010746,1,0,0.0
U010747,3,0,0.0
U010748,1,0,0.0
U010749,2,1,2746.77
U010750,2,0,0.0
U010751,2,0,0.0
U010752,2,1,4636.29
U010753,1,0,0.0
U010754,2,0,0.0
U010755,3,0,0.0
U010756,4,0,0.0
U010757,5,0,0.0
U010758,5,0,0.0
U010759,1,1,3022.41
U010760,5,1,2930.55
U010761,4,0,0.0
U010762,2,0,0.0
U010763,2,0,0.0
U010764,1,0,0.0
U010765,2,0,0.0
U010766,2,0,0.0
U010767,2,0,0.0
U010768,1,0,0.0
U010769,3,1,1780.32
U010770,2,0,0.0
U010771,1,0,0.0
U010772,2,0,0.0
U010773,4,0,0.0
U010774,1,0,0.0
U010775,2,0,0.0
U010776,3,0,0.0
U010777,4,0,0.0
U010778,1,0,0.0
U010779,1,0,0.0
U010780,4,0,0.0
U010781,2,0,0.0
U010782,2,0,0.0
U010783,5,0,0.0
U010784,2,0,0.0
U010785,2,0,0.0
U010786,3,1,1949.41
U010787,3,1,1492.68
U010788,2,0,0.0
U010789,1,1,1347.86
U010790,2,0,0.0
U010791,2,1,3271.84
U010792,1,0,0.0
U010793,1,1,5041.28
U010794,1,0,0.0
U010795,4,0,0.0
U010796,1,0,0.0
U010797,2,0,0.0
U010798,4,0,0.0
U010799,1,0,0.0
U010800,2,0,0.0
U010801,4,0,0.0
U010802,3,1,1772.12
U010803,5,0,0.0
U010804,2,0,0.0
U010805,2,0,0.0
U010806,2,0,0.0
U010807,5,0,0.0
U010808,2,0,0.0
U010809,5,1,3995.78
U010810,2,0,0.0
U010811,1,0,0.0
U010812,2,0,0.0
U010813,3,1,3676.16
U010814,1,0,0.0
U010815,2,0,0.0
U010816,1,0,0.0
U010817,1,0,0.0
U010818,2,0,0.0
U010819,1,0,0.0
U010820,3,0,0.0
U010821,2,0,0.0
U010822,1,0,0.0
U010823,1,0,0.0
U010824,2,0,0.0
U010825,1,0,0.0
U010826,2,0,0.0
U010827,5,1,2648.53
U010828,2,0,0.0
U010829,1,0,0.0
U010830,2,0,0.0
U010831,3,0,0.0
U010832,1,0,0.0
U010833,1,1,4513.18
U010834,3,0,0.0
U010835,5,1,2050.44
U010836,1,0,0.0
U010837,2,1,3167.83
U010838,3,0,0.0
U010839,3,0,0.0
U010840,1,0,0.0
U010841,1,0,0.0
U010842,2,0,0.0
U010843,3,0,0.0
U010844,3,0,0.0
U010845,1,0,0.0
U010846,2,0,0.0
U010847,2,1,5698.5
U010848,2,0,0.0
U010849,1,0,0.0
U010850,1,0,0.0
U010851,2,0,0.0
U010852,4,1,3140.99
U010853,3,0,0.0
U010854,2,0,0.0
U010855,2,0,0.0
U010856,4,0,0.0
U010857,1,0,0.0
U010858,1,0,0.0
U010859,1,1,2644.6
U010860,4,1,1857.94
U010861,5,0,0.0
U010862,3,0,0.0
U010863,1,0,0.0
U010864,4,1,1451.24
U010865,3,0,0.0
U010866,2,0,0.0
U010867,4,0,0.0
U010868,3,1,2564.89
U010869,1,0,0.0
U010870,3,1,1629.03
U010871,2,0,0.0
U010872,2,0,0.0
U010873,2,1,4202.8
U010874,1,0,0.0
U010875,2,0,0.0
U010876,5,0,0.0
U010877,3,1,4698.69
U010878,1,0,0.0
U010879,2,0,0.0
U010880,3,1,4816.08
U010881,2,0,0.0
U010882,2,1,3020.3
U010883,3,0,0.0
U010884,1,0,0.0
U010885,4,0,0.0
U010886,1,0,0.0
U010887,5,1,2140.44
U010888,2,0,0.0
U010889,2,0,0.0
U010890,1,0,0.0
U010891,1,0,0.0
U010892,1,0,0.0
U010893,3,0,0.0
U010894,1,0,0.0
U010895,2,0,0.0
U010896,3,1,3748.54
U010897,2,0,0.0
U010898,2,0,0.0
U010899,1,1,2888.94
U010900,3,0,0.0
U010901,1,0,0.0
U010902,3,0,0.0
U010903,2,0,0.0
U010904,1,0,0.0
U010905,2,0,0.0
U010906,2,0,0.0
U010907,4,0,0.0
U010908,2,1,2886.17
U010909,2,0,0.0
U010910,4,0,0.0
U010911,1,0,0.0
U010912,2,0,0.0
U010913,3,0,0.0
U010914,4,0,0.0
U010915,4,1,2607.83
U010916,2,0,0.0
U010917,3,0,0.0
U010918,4,0,0.0
U010919,1,0,0.0
U010920,1,0,0.0
U010921,1,1,4601.97
U010922,1,1,3094.32
U010923,3,1,2239.65
U010924,2,0,0.0
U010925,3,0,0.0
U010926,1,0,0.0
U010927,1,0,0.0
U010928,2,0,0.0
U010929,2,0,0.0
U010930,3,0,0.0
U010931,2,0,0.0
U010932,1,0,0.0
U010933,1,0,0.0
U010934,4,0,0.0
U010935,1,0,0.0
U010936,4,0,0.0
U010937,4,0,0.0
U010938,3,0,0.0
U010939,4,1,4457.47
U010940,1,1,1800.72
U010941,4,1,2384.48
U010942,1,0,0.0
U010943,1,0,0.0
U010944,1,0,0.0
U010945,1,0,0.0
U010946,3,0,0.0
U010947,3,1,4694.62
U010948,1,0,0.0
U010949,2,0,0.0
U010950,4,1,4633.38
U010951,2,0,0.0
U010952,2,1,3223.77
U010953,3,0,0.0
U010954,2,1,2107.46
U010955,2,0,0.0
U010956,1,0,0.0
U010957,5,0,0.0
U010958,1,0,0.0
U010959,4,0,0.0
U010960,3,0,0.0
U010961,1,0,0.0
U010962,1,0,0.0
U010963,1,1,4102.61
U010964,3,0,0.0
U010965,1,0,0.0
U010966,1,0,0.0
U010967,2,0,0.0
U010968,4,0,0.0
U010969,2,0,0.0
U010970,3,1,3054.71
U010971,4,0,0.0
U010972,3,0,0.0
U010973,3,0,0.0
U010974,2,0,0.0
U010975,1,0,0.0
U010976,3,0,0.0
U010977,1,0,0.0
U010978,1,0,0.0
U010979,4,0,0.0
U010980,2,1,5156.01
U010981,1,0,0.0
U010982,3,1,2572.18
U010983,2,0,0.0
U010984,1,0,0.0
U010985,2,0,0.0
U010986,3,0,0.0
U010987,1,0,0.0
U010988,1,0,0.0
U010989,2,0,0.0
U010990,1,1,3800.36
U010991,5,1,3548.53
U010992,3,0,0.0
U010993,4,0,0.0
U010994,1,0,0.0
U010995,1,0,0.0
U010996,3,1,1558.14
U010997,2,1,2804.88
U010998,1,0,0.0
U010999,1,0,0.0
U011000,2,0,0.0
U011001,3,0,0.0
U011002,2,0,0.0
U011003,1,0,0.0
U011004,1,0,0.0
U011005,1,0,0.0
U011006,4,0,0.0
U011007,2,0,0.0
U011008,1,1,2171.03
U011009,4,0,0.0
U011010,1,0,0.0
U011011,1,0,0.0
U011012,1,0,0.0
U011013,2,0,0.0
U011014,1,0,0.0
U011015,3,0,0.0
U011016,2,0,0.0
U011017,3,0,0.0
U011018,3,0,0.0
U011019,3,0,0.0
U011020,4,1,1924.5
U011021,3,0,0.0
U011022,2,0,0.0
U011023,2,0,0.0
U011024,4,1,2423.31
U011025,3,0,0.0
U011026,4,0,0.0
U011027,2,0,0.0
U011028,4,1,2668.05
U011029,1,0,0.0
U011030,1,1,4315.26
U011031,2,0,0.0
U011032,1,0,0.0
U011033,1,0,0.0
U011034,4,1,2806.79
U011035,1,0,0.0
U011036,2,0,0.0
U011037,1,0,0.0
U011038,3,0,0.0
U011039,4,1,1765.55
U011040,1,0,0.0
U011041,2,0,0.0
U011042,4,1,3593.26
U011043,1,0,0.0
U011044,2,0,0.0
U011045,1,0,0.0
U011046,2,1,2676.38
U011047,1,0,0.0
U011048,1,1,2473.91
U011049,1,0,0.0
U011050,4,1,3321.44
U011051,3,0,0.0
U011052,4,1,3211.41
U011053,2,0,0.0
U011054,3,0,0.0
U011055,1,0,0.0
U011056,3,0,0.0
U011057,2,0,0.0
U011058,1,0,0.0
U011059,2,0,0.0
U011060,2,0,0.0
U011061,1,0,0.0
U011062,2,0,0.0
U011063,3,0,0.0
U011064,5,0,0.0
U011065,2,0,0.0
U011066,1,0,0.0
U011067,1,0,0.0
U011068,2,0,0.0
U011069,1,0,0.0
U011070,2,0,0.0
U011071,5,0,0.0
U011072,5,0,0.0
U011073,1,0,0.0
U011074,4,0,0.0
U011075,3,0,0.0
U011076,2,0,0.0
U011077,2,0,0.0
U011078,1,0,0.0
U011079,2,0,0.0
U011080,3,0,0.0
U011081,2,0,0.0
U011082,1,0,0.0
U011083,5,0,0.0
U011084,1,0,0.0
U011085,3,1,3451.85
U011086,5,0,0.0
U011087,4,0,0.0
U011088,3,0,0.0
U011089,3,0,0.0
U011090,2,0,0.0
U011091,3,1,3264.37
U011092,1,0,0.0
U011093,1,0,0.0
U011094,4,1,9271.87
U011095,3,0,0.0
U011096,1,0,0.0
U011097,3,0,0.0
U011098,2,0,0.0
U011099,4,1,2984.39
U011100,4,1,2998.94
U011101,1,0,0.0
U011102,4,0,0.0
U011103,2,0,0.0
U011104,4,0,0.0
U011105,3,0,0.0
U011106,4,1,2086.64
U011107,5,1,2395.16
U011108,5,1,1882.62
U011109,4,0,0.0
U011110,1,0,0.0
U011111,4,0,0.0
U011112,1,1,7390.21
U011113,4,0,0.0
U011114,1,0,0.0
U011115,1,0,0.0
U011116,1,1,1887.36
U011117,2,0,0.0
U011118,2,0,0.0
U011119,3,0,0.0
U011120,1,0,0.0
U011121,2,1,3727.38
U011122,3,0,0.0
U011123,1,0,0.0
U011124,1,0,0.0
U011125,2,1,1496.91
U011126,2,0,0.0
U011127,3,0,0.0
U011128,1,0,0.0
U011129,2,0,0.0
U011130,4,0,0.0
U011131,2,0,0.0
U011132,3,0,0.0
U011133,1,0,0.0
U011134,1,1,4680.32
U011135,1,0,0.0
U011136,5,0,0.0
U011137,3,1,2648.38
U011138,1,0,0.0
U011139,1,0,0.0
U011140,1,0,0.0
U011141,5,0,0.0
U011142,3,0,0.0
U011143,2,0,0.0
U011144,5,1,3256.97
U011145,4,1,3137.94
U011146,2,0,0.0
U011147,2,0,0.0
U011148,1,0,0.0
U011149,5,0,0.0
U011150,3,1,3587.55
U011151,2,0,0.0
U011152,1,0,0.0
U011153,1,0,0.0
U011154,3,0,0.0
U011155,2,1,2382.98
U011156,1,0,0.0
U011157,1,1,1613.29
U011158,4,0,0.0
U011159,3,1,3593.51
U011160,2,0,0.0
U011161,1,0,0.0
U011162,3,1,2245.79
U011163,3,0,0.0
U011164,3,0,0.0
U011165,3,0,0.0
U011166,3,0,0.0
U011167,1,0,0.0
U011168,3,0,0.0
U011169,3,0,0.0
U011170,2,0,0.0
U011171,3,0,0.0
U011172,1,0,0.0
U011173,2,0,0.0
U011174,3,0,0.0
U011175,3,0,0.0
U011176,5,1,1855.81
U011177,4,1,3689.93
U011178,2,0,0.0
U011179,5,0,0.0
U011180,5,0,0.0
U011181,3,1,2487.2
U011182,2,0,0.0
U011183,1,0,0.0
U011184,3,0,0.0
U011185,3,0,0.0
U011186,2,0,0.0
U011187,2,0,0.0
U011188,3,0,0.0
U011189,2,0,0.0
U011190,3,1,3076.36
U011191,3,0,0.0
U011192,3,1,2019.78
U011193,2,0,0.0
U011194,2,0,0.0
U011195,5,1,2441.46
U011196,1,0,0.0
U011197,3,0,0.0
U011198,4,0,0.0
U011199,3,0,0.0
U011200,2,0,0.0
U011201,1,1,1626.54
U011202,3,1,2511.98
U011203,3,1,3813.72
U011204,2,0,0.0
U011205,1,0,0.0
U011206,2,1,4301.63
U011207,2,0,0.0
U011208,3,0,0.0
U011209,1,0,0.0
U011210,2,0,0.0
U011211,4,0,0.0
U011212,4,0,0.0
U011213,4,0,0.0
U011214,2,0,0.0
U011215,2,0,0.0
U011216,3,1,2699.85
U011217,1,0,0.0
U011218,5,1,1553.94
U011219,3,0,0.0
U011220,1,0,0.0
U011221,1,0,0.0
U011222,3,1,3227.42
U011223,3,0,0.0
U011224,1,0,0.0
U011225,1,0,0.0
U011226,1,0,0.0
U011227,1,0,0.0
U011228,2,0,0.0
U011229,2,0,0.0
U011230,2,0,0.0
U011231,2,0,0.0
U011232,1,0,0.0
U011233,4,0,0.0
U011234,1,0,0.0
U011235,1,0,0.0
U011236,1,0,0.0
U011237,1,0,0.0
U011238,2,1,3060.24
U011239,3,1,3079.41
U011240,1,0,0.0
U011241,3,0,0.0
U011242,3,0,0.0
U011243,3,0,0.0
U011244,2,0,0.0
U011245,3,0,0.0
U011246,4,1,1359.43
U011247,1,0,0.0
U011248,3,0,0.0
U011249,2,0,0.0
U011250,3,0,0.0
U011251,5,1,5304.16
U011252,4,0,0.0
U011253,3,0,0.0
U011254,4,0,0.0
U011255,1,0,0.0
U011256,5,1,2201.48
U011257,2,1,2040.81
U011258,3,0,0.0
U011259,1,0,0.0
U011260,3,0,0.0
U011261,3,1,3053.4
U011262,3,1,4295.01
U011263,2,0,0.0
U011264,1,0,0.0
U011265,5,1,2869.93
U011266,2,0,0.0
U011267,1,0,0.0
U011268,1,0,0.0
U011269,3,0,0.0
U011270,4,1,3660.38
U011271,4,1,1996.4
U011272,1,0,0.0
U011273,4,0,0.0
U011274,5,1,4560.48
U011275,5,0,0.0
U011276,4,0,0.0
U011277,1,0,0.0
U011278,5,0,0.0
U011279,3,0,0.0
U011280,3,0,0.0
U011281,3,1,1938.89
U011282,2,0,0.0
U011283,4,0,0.0
U011284,3,0,0.0
U011285,2,0,0.0
U011286,5,1,3510.73
U011287,4,0,0.0
U011288,4,0,0.0
U011289,2,0,0.0
U011290,1,0,0.0
U011291,1,0,0.0
U011292,1,0,0.0
U011293,3,0,0.0
U011294,3,0,0.0
U011295,3,0,0.0
U011296,5,0,0.0
U011297,2,0,0.0
U011298,3,1,3765.04
U011299,3,0,0.0
U011300,2,0,0.0
U011301,2,0,0.0
U011302,2,0,0.0
U011303,2,0,0.0
U011304,4,0,0.0
U011305,1,0,0.0
U011306,1,0,0.0
U011307,5,0,0.0
U011308,4,0,0.0
U011309,2,0,0.0
U011310,1,0,0.0
U011311,1,0,0.0
U011312,4,0,0.0
U011313,2,0,0.0
U011314,1,0,0.0
U011315,1,0,0.0
U011316,1,0,0.0
U011317,3,1,2476.41
U011318,1,0,0.0
U011319,1,0,0.0
U011320,1,0,0.0
U011321,2,0,0.0
U011322,2,0,0.0
U011323,2,0,0.0
U011324,1,0,0.0
U011325,4,0,0.0
U011326,2,0,0.0
U011327,4,0,0.0
U011328,5,1,3262.93
U011329,4,0,0.0
U011330,5,1,3259.33
U011331,1,0,0.0
U011332,2,0,0.0
U011333,2,0,0.0
U011334,4,0,0.0
U011335,4,1,2995.05
U011336,4,0,0.0
U011337,3,0,0.0
U011338,4,1,1514.12
U011339,2,0,0.0
U011340,2,0,0.0
U011341,1,0,0.0
U011342,3,0,0.0
U011343,1,0,0.0
U011344,2,1,3569.55
U011345,1,0,0.0
U011346,1,1,4191.13
U011347,4,0,0.0
U011348,1,0,0.0
U011349,1,0,0.0
U011350,4,1,2600.07
U011351,1,0,0.0
U011352,2,0,0.0
U011353,2,0,0.0
U011354,4,1,3790.45
U011355,2,0,0.0
U011356,1,0,0.0
U011357,1,0,0.0
U011358,1,0,0.0
U011359,3,0,0.0
U011360,3,0,0.0
U011361,1,0,0.0
U011362,2,0,0.0
U011363,1,0,0.0
U011364,5,1,3399.47
U011365,3,1,2943.42
U011366,2,0,0.0
U011367,2,0,0.0
U011368,1,0,0.0
U011369,1,0,0.0
U011370,3,0,0.0
U011371,1,0,0.0
U011372,5,0,0.0
U011373,1,0,0.0
U011374,2,0,0.0
U011375,2,0,0.0
U011376,1,0,0.0
U011377,2,0,0.0
U011378,4,1,3491.87
U011379,1,0,0.0
U011380,1,0,0.0
U011381,3,0,0.0
U011382,3,0,0.0
U011383,2,0,0.0
U011384,2,0,0.0
U011385,4,0,0.0
U011386,4,0,0.0
U011387,1,0,0.0
U011388,2,0,0.0
U011389,2,0,0.0
U011390,1,0,0.0
U011391,2,0,0.0
U011392,1,0,0.0
U011393,3,0,0.0
U011394,2,0,0.0
U011395,4,0,0.0
U011396,3,0,0.0
U011397,3,0,0.0
U011398,2,0,0.0
U011399,1,0,0.0
U011400,2,0,0.0
U011401,1,0,0.0
U011402,2,0,0.0
U011403,3,0,0.0
U011404,4,1,1852.03
U011405,5,0,0.0
U011406,3,0,0.0
U011407,1,0,0.0
U011408,2,0,0.0
U011409,2,0,0.0
U011410,3,0,0.0
U011411,2,0,0.0
U011412,1,0,0.0
U011413,1,0,0.0
U011414,1,1,3303.11
U011415,4,0,0.0
U011416,2,0,0.0
U011417,1,0,0.0
U011418,1,0,0.0
U011419,3,0,0.0
U011420,3,0,0.0
U011421,5,0,0.0
U011422,3,1,2995.41
U011423,1,0,0.0
U011424,4,0,0.0
U011425,3,0,0.0
U011426,5,1,1801.57
U011427,1,0,0.0
U011428,3,0,0.0
U011429,1,1,2396.97
U011430,2,0,0.0
U011431,1,0,0.0
U011432,1,1,5429.94
U011433,1,0,0.0
U011434,1,0,0.0
U011435,3,1,1673.65
U011436,5,1,2275.01
U011437,5,0,0.0
U011438,2,0,0.0
U011439,2,0,0.0
U011440,1,0,0.0
U011441,3,0,0.0
U011442,2,0,0.0
U011443,3,0,0.0
U011444,1,0,0.0
U011445,4,1,4950.93
U011446,1,0,0.0
U011447,5,1,2508.03
U011448,1,0,0.0
U011449,4,0,0.0
U011450,2,0,0.0
U011451,3,0,0.0
U011452,2,1,2043.68
U011453,2,0,0.0
U011454,4,0,0.0
U011455,1,1,4740.32
U011456,4,1,3272.4
U011457,1,1,2314.73
U011458,4,1,3310.3
U011459,2,0,0.0
U011460,5,1,4726.2
U011461,2,0,0.0
U011462,4,0,0.0
U011463,2,0,0.0
U011464,2,0,0.0
U011465,2,0,0.0
U011466,1,0,0.0
U011467,2,0,0.0
U011468,4,1,1566.92
U011469,1,0,0.0
U011470,3,1,2912.31
U011471,1,0,0.0
U011472,2,0,0.0
U011473,2,0,0.0
U011474,2,0,0.0
U011475,5,0,0.0
U011476,1,0,0.0
U011477,1,0,0.0
U011478,1,0,0.0
U011479,4,0,0.0
U011480,3,0,0.0
U011481,1,0,0.0
U011482,1,0,0.0
U011483,2,0,0.0
U011484,1,0,0.0
U011485,2,1,2859.93
U011486,5,0,0.0
U011487,2,0,0.0
U011488,5,1,3176.06
U011489,1,0,0.0
U011490,4,1,3745.26
U011491,5,0,0.0
U011492,1,0,0.0
U011493,4,1,2351.72
U011494,1,0,0.0
U011495,3,0,0.0
U011496,3,0,0.0
U011497,5,0,0.0
U011498,1,1,1917.55
U011499,1,0,0.0
U011500,3,1,2890.37
U011501,3,1,8043.43
U011502,1,0,0.0
U011503,3,0,0.0
U011504,2,1,3471.93
U011505,3,0,0.0
U011506,3,0,0.0
U011507,3,0,0.0
U011508,3,0,0.0
U011509,2,0,0.0
U011510,2,1,3989.44
U011511,5,1,4069.68
U011512,1,0,0.0
U011513,1,0,0.0
U011514,2,0,0.0
U011515,5,0,0.0
U011516,1,0,0.0
U011517,3,0,0.0
U011518,1,1,2971.61
U011519,4,1,3380.11
U011520,2,0,0.0
U011521,1,0,0.0
U011522,4,0,0.0
U011523,4,0,0.0
U011524,3,0,0.0
U011525,3,0,0.0
U011526,1,0,0.0
U011527,1,0,0.0
U011528,2,1,3096.11
U011529,2,0,0.0
U011530,3,0,0.0
U011531,3,0,0.0
U011532,1,1,3545.39
U011533,4,1,5041.07
U011534,2,0,0.0
U011535,2,0,0.0
U011536,4,0,0.0
U011537,1,1,2591.15
U011538,3,0,0.0
U011539,1,0,0.0
U011540,3,0,0.0
U011541,2,0,0.0
U011542,3,0,0.0
U011543,2,0,0.0
U011544,2,0,0.0
U011545,2,0,0.0
U011546,4,1,4237.02
U011547,4,0,0.0
U011548,3,0,0.0
U011549,3,0,0.0
U011550,1,0,0.0
U011551,3,1,10744.92
U011552,2,0,0.0
U011553,1,0,0.0
U011554,1,0,0.0
U011555,2,0,0.0
U011556,2,0,0.0
U011557,1,0,0.0
U011558,2,0,0.0
U011559,1,0,0.0
U011560,5,1,3567.55
U011561,3,0,0.0
U011562,1,0,0.0
U011563,2,0,0.0
U011564,1,0,0.0
U011565,3,0,0.0
U011566,3,0,0.0
U011567,4,0,0.0
U011568,1,0,0.0
U011569,3,0,0.0
U011570,2,1,3801.51
U011571,1,0,0.0
U011572,4,0,0.0
U011573,1,0,0.0
U011574,2,0,0.0
U011575,1,0,0.0
U011576,1,0,0.0
U011577,2,1,2883.77
U011578,1,1,2583.09
U011579,1,0,0.0
U011580,2,0,0.0
U011581,4,0,0.0
U011582,1,0,0.0
U011583,5,0,0.0
U011584,5,0,0.0
U011585,4,0,0.0
U011586,1,0,0.0
U011587,2,0,0.0
U011588,2,0,0.0
U011589,2,0,0.0
U011590,1,0,0.0
U011591,2,1,5584.66
U011592,2,1,2446.37
U011593,1,0,0.0
U011594,2,0,0.0
U011595,4,1,2760.68
U011596,2,0,0.0
U011597,4,0,0.0
U011598,3,1,1915.39
U011599,3,1,2559.66
U011600,2,0,0.0
U011601,1,1,1885.94
U011602,2,1,3088.06
U011603,1,1,2539.73
U011604,1,0,0.0
U011605,2,0,0.0
U011606,2,0,0.0
U011607,2,0,0.0
U011608,2,0,0.0
U011609,2,0,0.0
U011610,2,0,0.0
U011611,4,0,0.0
U011612,3,0,0.0
U011613,1,0,0.0
U011614,2,0,0.0
U011615,5,0,0.0
U011616,2,0,0.0
U011617,4,0,0.0
U011618,2,1,3596.62
U011619,1,0,0.0
U011620,1,0,0.0
U011621,2,0,0.0
U011622,3,0,0.0
U011623,2,0,0.0
U011624,3,0,0.0
U011625,1,0,0.0
U011626,2,0,0.0
U011627,2,1,4864.02
U011628,2,0,0.0
U011629,2,1,1786.29
U011630,3,0,0.0
U011631,2,0,0.0
U011632,5,0,0.0
U011633,1,0,0.0
U011634,1,0,0.0
U011635,1,0,0.0
U011636,1,0,0.0
U011637,1,1,2529.54
U011638,3,0,0.0
U011639,1,0,0.0
U011640,3,0,0.0
U011641,1,0,0.0
U011642,3,0,0.0
U011643,3,1,3915.34
U011644,3,0,0.0
U011645,3,0,0.0
U011646,3,0,0.0
U011647,4,0,0.0
U011648,2,0,0.0
U011649,2,0,0.0
U011650,4,0,0.0
U011651,2,0,0.0
U011652,3,1,4193.23
U011653,2,0,0.0
U011654,4,0,0.0
U011655,2,0,0.0
U011656,1,0,0.0
U011657,3,0,0.0
U011658,1,0,0.0
U011659,4,0,0.0
U011660,4,1,2056.06
U011661,2,0,0.0
U011662,3,0,0.0
U011663,1,0,0.0
U011664,2,1,1616.58
U011665,2,0,0.0
U011666,5,0,0.0
U011667,5,1,2642.17
U011668,2,1,5933.49
U011669,5,0,0.0
U011670,1,0,0.0
U011671,3,0,0.0
U011672,1,0,0.0
U011673,1,0,0.0
U011674,2,0,0.0
U011675,2,0,0.0
U011676,3,0,0.0
U011677,2,0,0.0
U011678,2,0,0.0
U011679,2,0,0.0
U011680,3,0,0.0
U011681,3,0,0.0
U011682,1,0,0.0
U011683,4,1,2295.23
U011684,2,0,0.0
U011685,4,1,4754.44
U011686,3,0,0.0
U011687,1,0,0.0
U011688,5,1,2675.9
U011689,1,0,0.0
U011690,4,0,0.0
U011691,2,0,0.0
U011692,5,1,2843.71
U011693,4,1,2738.02
U011694,1,0,0.0
U011695,3,0,0.0
U011696,1,0,0.0
U011697,1,1,2972.57
U011698,1,0,0.0
U011699,1,0,0.0
U011700,4,1,2835.71
U011701,2,0,0.0
U011702,1,1,3759.99
U011703,1,0,0.0
U011704,3,0,0.0
U011705,3,0,0.0
U011706,2,0,0.0
U011707,2,0,0.0
U011708,1,0,0.0
U011709,2,1,3021.76
U011710,4,0,0.0
U011711,1,0,0.0
U011712,2,0,0.0
U011713,2,0,0.0
U011714,1,0,0.0
U011715,2,0,0.0
U011716,4,0,0.0
U011717,2,1,1931.11
U011718,4,0,0.0
U011719,2,0,0.0
U011720,2,0,0.0
U011721,4,0,0.0
U011722,4,0,0.0
U011723,5,1,1979.75
U011724,1,0,0.0
U011725,2,0,0.0
U011726,2,0,0.0
U011727,1,0,0.0
U011728,4,1,4326.74
U011729,1,0,0.0
U011730,2,0,0.0
U011731,4,1,3389.34
U011732,2,0,0.0
U011733,1,0,0.0
U011734,3,0,0.0
U011735,4,1,1143.77
U011736,3,0,0.0
U011737,3,1,1440.02
U011738,4,0,0.0
U011739,3,0,0.0
U011740,1,0,0.0
U011741,4,1,2724.33
U011742,4,1,3651.84
U011743,3,0,0.0
U011744,1,0,0.0
U011745,2,0,0.0
U011746,1,0,0.0
U011747,1,0,0.0
U011748,4,0,0.0
U011749,1,0,0.0
U011750,2,0,0.0
U011751,4,1,1672.39
U011752,2,0,0.0
U011753,1,0,0.0
U011754,4,1,978.7
U011755,2,0,0.0
U011756,4,0,0.0
U011757,1,0,0.0
U011758,3,0,0.0
U011759,4,1,3499.83
U011760,3,0,0.0
U011761,3,0,0.0
U011762,2,0,0.0
U011763,2,0,0.0
U011764,5,0,0.0
U011765,1,0,0.0
U011766,2,0,0.0
U011767,1,0,0.0
U011768,1,0,0.0
U011769,3,1,2685.85
U011770,3,0,0.0
U011771,2,0,0.0
U011772,3,0,0.0
U011773,4,0,0.0
U011774,4,0,0.0
U011775,1,0,0.0
U011776,4,0,0.0
U011777,3,0,0.0
U011778,1,0,0.0
U011779,5,1,4406.9
U011780,4,1,2659.58
U011781,3,0,0.0
U011782,5,0,0.0
U011783,1,0,0.0
U011784,1,0,0.0
U011785,3,0,0.0
U011786,1,0,0.0
U011787,1,0,0.0
U011788,3,0,0.0
U011789,2,0,0.0
U011790,4,0,0.0
U011791,3,0,0.0
U011792,1,0,0.0
U011793,3,0,0.0
U011794,2,0,0.0
U011795,1,0,0.0
U011796,3,1,3055.96
U011797,1,0,0.0
U011798,5,0,0.0
U011799,3,0,0.0
U011800,1,0,0.0
U011801,1,0,0.0
U011802,2,0,0.0
U011803,3,0,0.0
U011804,4,0,0.0
U011805,1,0,0.0
U011806,4,0,0.0
U011807,5,0,0.0
U011808,2,0,0.0
U011809,2,1,6373.42
U011810,1,0,0.0
U011811,1,0,0.0
U011812,2,0,0.0
U011813,2,0,0.0
U011814,1,0,0.0
U011815,2,0,0.0
U011816,2,0,0.0
U011817,4,1,2096.03
U011818,1,0,0.0
U011819,5,0,0.0
U011820,4,0,0.0
U011821,1,0,0.0
U011822,2,0,0.0
U011823,3,0,0.0
U011824,2,1,3920.29
U011825,1,0,0.0
U011826,2,0,0.0
U011827,3,1,4419.93
U011828,1,0,0.0
U011829,1,0,0.0
U011830,1,0,0.0
U011831,3,0,0.0
U011832,2,0,0.0
U011833,1,1,4199.94
U011834,1,0,0.0
U011835,2,0,0.0
U011836,2,0,0.0
U011837,3,1,3982.02
U011838,1,0,0.0
U011839,2,0,0.0
U011840,1,0,0.0
U011841,4,0,0.0
U011842,1,1,5995.68
U011843,2,0,0.0
U011844,1,0,0.0
U011845,3,1,6238.52
U011846,2,0,0.0
U011847,3,0,0.0
U011848,1,0,0.0
U011849,1,0,0.0
U011850,2,0,0.0
U011851,4,0,0.0
U011852,2,0,0.0
U011853,2,0,0.0
U011854,2,0,0.0
U011855,5,1,3634.2
U011856,2,0,0.0
U011857,1,0,0.0
U011858,4,1,1807.46
U011859,2,0,0.0
U011860,3,0,0.0
U011861,4,0,0.0
U011862,3,0,0.0
U011863,2,0,0.0
U011864,4,0,0.0
U011865,3,0,0.0
U011866,4,0,0.0
U011867,2,0,0.0
U011868,2,0,0.0
U011869,3,0,0.0
U011870,3,1,2922.61
U011871,1,0,0.0
U011872,1,0,0.0
U011873,1,0,0.0
U011874,1,1,3874.25
U011875,1,0,0.0
U011876,1,0,0.0
U011877,1,0,0.0
U011878,1,0,0.0
U011879,2,0,0.0
U011880,4,0,0.0
U011881,1,0,0.0
U011882,5,0,0.0
U011883,1,0,0.0
U011884,4,1,2314.92
U011885,4,0,0.0
U011886,2,0,0.0
U011887,2,0,0.0
U011888,3,1,4730.7
U011889,1,0,0.0
U011890,2,0,0.0
U011891,3,1,2694.08
U011892,1,0,0.0
U011893,1,1,2810.29
U011894,1,0,0.0
U011895,3,1,1751.96
U011896,4,1,2743.4
U011897,2,0,0.0
U011898,2,0,0.0
U011899,5,1,2037.52
U011900,2,0,0.0
U011901,3,0,0.0
U011902,4,1,2109.06
U011903,5,1,2550.43
U011904,5,0,0.0
U011905,2,0,0.0
U011906,1,0,0.0
U011907,2,0,0.0
U011908,1,1,5248.58
U011909,5,0,0.0
U011910,2,1,5097.94
U011911,1,0,0.0
U011912,4,1,3034.23
U011913,4,0,0.0
U011914,3,0,0.0
U011915,1,0,0.0
U011916,2,0,0.0
U011917,3,0,0.0
U011918,2,0,0.0
U011919,1,0,0.0
U011920,4,0,0.0
U011921,3,1,2991.36
U011922,1,0,0.0
U011923,2,0,0.0
U011924,2,0,0.0
U011925,3,0,0.0
U011926,2,0,0.0
U011927,5,0,0.0
U011928,1,0,0.0
U011929,2,0,0.0
U011930,2,0,0.0
U011931,3,0,0.0
U011932,4,0,0.0
U011933,2,0,0.0
U011934,1,0,0.0
U011935,3,0,0.0
U011936,2,0,0.0
U011937,1,0,0.0
U011938,3,0,0.0
U011939,2,0,0.0
U011940,1,0,0.0
U011941,2,0,0.0
U011942,2,0,0.0
U011943,2,0,0.0
U011944,3,0,0.0
U011945,2,1,1630.94
U011946,2,0,0.0
U011947,3,1,4378.59
U011948,2,0,0.0
U011949,1,0,0.0
U011950,3,0,0.0
U011951,1,0,0.0
U011952,1,0,0.0
U011953,1,0,0.0
U011954,4,0,0.0
U011955,1,0,0.0
U011956,4,1,1417.59
U011957,1,0,0.0
U011958,2,0,0.0
U011959,4,1,2153.17
U011960,2,0,0.0
U011961,1,0,0.0
U011962,2,0,0.0
U011963,2,0,0.0
U011964,2,0,0.0
U011965,4,0,0.0
U011966,2,0,0.0
U011967,1,0,0.0
U011968,5,1,2352.93
U011969,5,0,0.0
U011970,1,0,0.0
U011971,2,0,0.0
U011972,3,0,0.0
U011973,2,1,3204.13
U011974,2,0,0.0
U011975,4,0,0.0
U011976,1,0,0.0
U011977,1,0,0.0
U011978,3,0,0.0
U011979,3,0,0.0
U011980,1,0,0.0
U011981,1,0,0.0
U011982,5,0,0.0
U011983,2,0,0.0
U011984,3,0,0.0
U011985,1,0,0.0
U011986,2,0,0.0
U011987,3,0,0.0
U011988,1,0,0.0
U011989,4,0,0.0
U011990,2,0,0.0
U011991,2,0,0.0
U011992,2,0,0.0
U011993,1,0,0.0
U011994,4,0,0.0
U011995,1,0,0.0
U011996,4,0,0.0
U011997,4,0,0.0
U011998,3,1,3722.04
U011999,2,0,0.0
U012000,1,0,0.0
U012001,4,0,0.0
U012002,1,0,0.0
U012003,2,0,0.0
U012004,3,1,5636.22
U012005,1,0,0.0
U012006,2,0,0.0
U012007,2,1,7270.52
U012008,2,0,0.0
U012009,1,0,0.0
U012010,4,1,2199.67
U012011,2,0,0.0
U012012,2,0,0.0
U012013,1,1,3878.37
U012014,1,0,0.0
U012015,1,0,0.0
U012016,3,0,0.0
U012017,1,0,0.0
U012018,1,0,0.0
U012019,3,1,3611.51
U012020,4,1,3242.11
U012021,2,0,0.0
U012022,2,0,0.0
U012023,3,0,0.0
U012024,5,1,2352.27
U012025,3,0,0.0
U012026,2,0,0.0
U012027,4,0,0.0
U012028,2,0,0.0
U012029,3,0,0.0
U012030,2,0,0.0
U012031,3,0,0.0
U012032,1,0,0.0
U012033,2,0,0.0
U012034,2,0,0.0
U012035,3,0,0.0
U012036,4,0,0.0
U012037,3,0,0.0
U012038,2,0,0.0
U012039,2,1,3205.53
U012040,4,0,0.0
U012041,3,0,0.0
U012042,3,0,0.0
U012043,3,0,0.0
U012044,1,0,0.0
U012045,5,1,6137.18
U012046,1,0,0.0
U012047,2,0,0.0
U012048,3,0,0.0
U012049,4,0,0.0
U012050,2,0,0.0
U012051,2,0,0.0
U012052,3,0,0.0
U012053,4,0,0.0
U012054,2,0,0.0
U012055,1,0,0.0
U012056,2,0,0.0
U012057,1,0,0.0
U012058,1,0,0.0
U012059,2,0,0.0
U012060,5,1,2384.53
U012061,3,1,1641.93
U012062,2,1,3449.23
U012063,2,0,0.0
U012064,2,0,0.0
U012065,1,0,0.0
U012066,3,0,0.0
U012067,2,0,0.0
U012068,4,0,0.0
U012069,4,0,0.0
U012070,2,0,0.0
U012071,1,0,0.0
U012072,2,1,5071.21
U012073,2,0,0.0
U012074,5,1,3141.65
U012075,5,0,0.0
U012076,5,0,0.0
U012077,2,0,0.0
U012078,2,0,0.0
U012079,3,0,0.0
U012080,1,0,0.0
U012081,2,0,0.0
U012082,1,0,0.0
U012083,2,0,0.0
U012084,3,1,4968.03
U012085,3,0,0.0
U012086,3,1,2106.65
U012087,1,0,0.0
U012088,4,1,3367.23
U012089,2,0,0.0
U012090,2,0,0.0
U012091,3,0,0.0
U012092,1,0,0.0
U012093,2,0,0.0
U012094,2,0,0.0
U012095,1,0,0.0
U012096,2,1,2388.28
U012097,3,0,0.0
U012098,3,0,0.0
U012099,1,0,0.0
U012100,4,0,0.0
U012101,4,0,0.0
U012102,1,0,0.0
U012103,2,0,0.0
U012104,2,0,0.0
U012105,2,0,0.0
U012106,1,0,0.0
U012107,2,1,2643.95
U012108,1,0,0.0
U012109,3,0,0.0
U012110,4,1,3234.17
U012111,5,0,0.0
U012112,1,0,0.0
U012113,1,0,0.0
U012114,5,1,5823.8
U012115,1,0,0.0
U012116,3,0,0.0
U012117,2,0,0.0
U012118,1,0,0.0
U012119,2,0,0.0
U012120,1,1,2897.76
U012121,2,0,0.0
U012122,1,0,0.0
U012123,4,0,0.0
U012124,1,0,0.0
U012125,5,0,0.0
U012126,3,0,0.0
U012127,4,0,0.0
U012128,4,0,0.0
U012129,3,0,0.0
U012130,2,0,0.0
U012131,3,0,0.0
U012132,1,0,0.0
U012133,4,1,3425.15
U012134,1,0,0.0
U012135,2,0,0.0
U012136,4,1,2554.21
U012137,1,0,0.0
U012138,1,0,0.0
U012139,2,0,0.0
U012140,1,0,0.0
U012141,4,0,0.0
U012142,3,1,2756.96
U012143,2,0,0.0
U012144,2,0,0.0
U012145,1,0,0.0
U012146,1,0,0.0
U012147,3,0,0.0
U012148,2,0,0.0
U012149,3,0,0.0
U012150,5,1,2802.11
U012151,3,0,0.0
U012152,3,0,0.0
U012153,2,0,0.0
U012154,1,0,0.0
U012155,1,0,0.0
U012156,2,0,0.0
U012157,4,0,0.0
U012158,2,0,0.0
U012159,2,0,0.0
U012160,3,0,0.0
U012161,2,1,1719.43
U012162,3,0,0.0
U012163,2,1,2632.87
U012164,3,0,0.0
U012165,2,0,0.0
U012166,4,1,4081.06
U012167,2,0,0.0
U012168,1,0,0.0
U012169,1,0,0.0
U012170,2,0,0.0
U012171,1,0,0.0
U012172,3,1,3235.29
U012173,2,0,0.0
U012174,3,0,0.0
U012175,2,0,0.0
U012176,4,0,0.0
U012177,3,0,0.0
U012178,4,0,0.0
U012179,2,0,0.0
U012180,4,0,0.0
U012181,2,0,0.0
U012182,1,0,0.0
U012183,2,0,0.0
U012184,2,0,0.0
U012185,2,0,0.0
U012186,1,0,0.0
U012187,5,0,0.0
U012188,1,0,0.0
U012189,5,0,0.0
U012190,2,0,0.0
U012191,4,0,0.0
U012192,2,0,0.0
U012193,3,0,0.0
U012194,1,0,0.0
U012195,1,0,0.0
U012196,1,0,0.0
U012197,3,1,2863.27
U012198,1,0,0.0
U012199,1,0,0.0
U012200,5,1,1667.04
U012201,1,0,0.0
U012202,2,0,0.0
U012203,1,0,0.0
U012204,3,0,0.0
U012205,1,0,0.0
U012206,1,0,0.0
U012207,3,0,0.0
U012208,2,0,0.0
U012209,2,1,2326.87
U012210,1,0,0.0
U012211,2,0,0.0
U012212,2,0,0.0
U012213,2,0,0.0
U012214,4,0,0.0
U012215,3,0,0.0
U012216,1,0,0.0
U012217,2,0,0.0
U012218,3,0,0.0
U012219,2,0,0.0
U012220,1,0,0.0
U012221,1,0,0.0
U012222,3,0,0.0
U012223,2,0,0.0
U012224,3,0,0.0
U012225,1,0,0.0
U012226,4,0,0.0
U012227,2,0,0.0
U012228,1,0,0.0
U012229,2,0,0.0
U012230,4,0,0.0
U012231,4,0,0.0
U012232,3,0,0.0
U012233,3,0,0.0
U012234,2,0,0.0
U012235,2,0,0.0
U012236,1,0,0.0
U012237,2,0,0.0
U012238,1,0,0.0
U012239,3,1,1620.14
U012240,1,0,0.0
U012241,1,0,0.0
U012242,1,0,0.0
U012243,1,0,0.0
U012244,1,0,0.0
U012245,1,0,0.0
U012246,1,0,0.0
U012247,1,1,4587.63
U012248,2,0,0.0
U012249,1,0,0.0
U012250,2,1,2007.27
U012251,4,0,0.0
U012252,5,1,3691.53
U012253,1,1,2767.49
U012254,1,0,0.0
U012255,3,0,0.0
U012256,2,0,0.0
U012257,2,0,0.0
U012258,1,0,0.0
U012259,2,0,0.0
U012260,3,0,0.0
U012261,5,0,0.0
U012262,2,0,0.0
U012263,2,0,0.0
U012264,1,0,0.0
U012265,1,0,0.0
U012266,1,0,0.0
U012267,2,0,0.0
U012268,1,0,0.0
U012269,1,0,0.0
U012270,3,0,0.0
U012271,3,0,0.0
U012272,4,0,0.0
U012273,2,0,0.0
U012274,3,0,0.0
U012275,1,0,0.0
U012276,2,0,0.0
U012277,2,0,0.0
U012278,1,1,4139.95
U012279,2,0,0.0
U012280,3,1,4831.18
U012281,1,0,0.0
U012282,4,1,2708.51
U012283,2,0,0.0
U012284,3,0,0.0
U012285,2,0,0.0
U012286,1,0,0.0
U012287,2,0,0.0
U012288,1,0,0.0
U012289,3,0,0.0
U012290,4,0,0.0
U012291,3,0,0.0
U012292,3,0,0.0
U012293,2,0,0.0
U012294,3,0,0.0
U012295,1,0,0.0
U012296,2,0,0.0
U012297,2,0,0.0
U012298,5,1,2968.23
U012299,3,0,0.0
U012300,3,0,0.0
U012301,4,0,0.0
U012302,2,0,0.0
U012303,4,1,3984.69
U012304,3,0,0.0
U012305,5,0,0.0
U012306,3,0,0.0
U012307,1,0,0.0
U012308,2,0,0.0
U012309,1,0,0.0
U012310,2,0,0.0
U012311,2,0,0.0
U012312,2,1,3549.97
U012313,5,0,0.0
U012314,3,1,2154.46
U012315,4,0,0.0
U012316,1,0,0.0
U012317,4,0,0.0
U012318,2,0,0.0
U012319,3,0,0.0
U012320,2,0,0.0
U012321,1,0,0.0
U012322,1,0,0.0
U012323,2,0,0.0
U012324,4,0,0.0
U012325,1,0,0.0
U012326,4,0,0.0
U012327,4,0,0.0
U012328,1,0,0.0
U012329,4,1,2117.3
U012330,2,0,0.0
U012331,3,0,0.0
U012332,1,0,0.0
U012333,2,0,0.0
U012334,2,0,0.0
U012335,1,1,1349.44
U012336,2,0,0.0
U012337,4,0,0.0
U012338,4,0,0.0
U012339,3,0,0.0
U012340,3,1,4655.36
U012341,2,0,0.0
U012342,4,1,3411.45
U012343,2,0,0.0
U012344,1,0,0.0
U012345,3,0,0.0
U012346,5,0,0.0
U012347,3,0,0.0
U012348,2,0,0.0
U012349,3,0,0.0
U012350,1,0,0.0
U012351,2,1,7244.83
U012352,2,0,0.0
U012353,3,0,0.0
U012354,1,0,0.0
U012355,2,0,0.0
U012356,2,0,0.0
U012357,2,0,0.0
U012358,1,0,0.0
U012359,4,1,6286.4
U012360,2,0,0.0
U012361,1,0,0.0
U012362,5,0,0.0
U012363,1,0,0.0
U012364,2,0,0.0
U012365,2,0,0.0
U012366,1,0,0.0
U012367,2,0,0.0
U012368,4,1,2953.32
U012369,2,0,0.0
U012370,1,0,0.0
U012371,2,0,0.0
U012372,2,0,0.0
U012373,2,0,0.0
U012374,2,0,0.0
U012375,4,0,0.0
U012376,1,0,0.0
U012377,5,0,0.0
U012378,2,0,0.0
U012379,3,0,0.0
U012380,4,0,0.0
U012381,2,0,0.0
U012382,2,0,0.0
U012383,2,1,4278.48
U012384,3,0,0.0
U012385,2,1,2231.12
U012386,5,0,0.0
U012387,2,0,0.0
U012388,2,0,0.0
U012389,3,0,0.0
U012390,3,1,3861.91
U012391,4,0,0.0
U012392,1,0,0.0
U012393,2,0,0.0
U012394,2,1,5141.31
U012395,3,0,0.0
U012396,5,0,0.0
U012397,5,0,0.0
U012398,4,1,1699.83
U012399,1,0,0.0
U012400,1,0,0.0
U012401,1,1,756.6
U012402,2,0,0.0
U012403,2,0,0.0
U012404,4,0,0.0
U012405,3,0,0.0
U012406,3,0,0.0
U012407,3,0,0.0
U012408,1,0,0.0
U012409,2,0,0.0
U012410,2,0,0.0
U012411,1,0,0.0
U012412,4,1,2354.12
U012413,2,0,0.0
U012414,5,0,0.0
U012415,1,1,1280.54
U012416,2,1,4439.58
U012417,2,0,0.0
U012418,2,0,0.0
U012419,5,1,1916.36
U012420,1,0,0.0
U012421,1,0,0.0
U012422,1,0,0.0
U012423,3,1,3168.48
U012424,1,0,0.0
U012425,1,0,0.0
U012426,3,0,0.0
U012427,2,0,0.0
U012428,4,1,1710.33
U012429,2,0,0.0
U012430,3,0,0.0
U012431,2,0,0.0
U012432,3,0,0.0
U012433,1,0,0.0
U012434,5,0,0.0
U012435,2,1,3462.98
U012436,4,0,0.0
U012437,2,0,0.0
U012438,1,0,0.0
U012439,4,1,3398.84
U012440,1,0,0.0
U012441,1,0,0.0
U012442,1,0,0.0
U012443,1,0,0.0
U012444,5,1,3742.26
U012445,3,1,2548.32
U012446,4,0,0.0
U012447,3,0,0.0
U012448,4,1,3562.5
U012449,2,0,0.0
U012450,1,0,0.0
U012451,3,0,0.0
U012452,2,1,5135.99
U012453,2,0,0.0
U012454,5,1,2035.39
U012455,1,0,0.0
U012456,1,0,0.0
U012457,3,0,0.0
U012458,2,0,0.0
U012459,2,0,0.0
U012460,2,0,0.0
U012461,4,0,0.0
U012462,5,0,0.0
U012463,4,0,0.0
U012464,2,0,0.0
U012465,3,0,0.0
U012466,2,0,0.0
U012467,1,0,0.0
U012468,2,0,0.0
U012469,1,1,1882.91
U012470,1,0,0.0
U012471,2,0,0.0
U012472,2,1,3547.94
U012473,2,0,0.0
U012474,1,1,5370.45
U012475,1,1,1820.48
U012476,1,0,0.0
U012477,1,0,0.0
U012478,1,0,0.0
U012479,2,0,0.0
U012480,1,0,0.0
U012481,2,1,4779.61
U012482,5,1,3217.1
U012483,5,1,2514.81
U012484,1,0,0.0
U012485,1,0,0.0
U012486,2,0,0.0
U012487,2,0,0.0
U012488,1,0,0.0
U012489,2,0,0.0
U012490,2,0,0.0
U012491,2,0,0.0
U012492,1,0,0.0
U012493,2,1,2260.33
U012494,4,1,4162.82
U012495,3,0,0.0
U012496,4,0,0.0
U012497,1,0,0.0
U012498,4,0,0.0
U012499,5,1,1850.1
U012500,5,1,4994.7
U012501,1,0,0.0
U012502,1,0,0.0
U012503,4,1,3046.94
U012504,2,0,0.0
U012505,5,1,3683.19
U012506,5,0,0.0
U012507,1,0,0.0
U012508,1,0,0.0
U012509,2,1,2385.35
U012510,3,0,0.0
U012511,1,0,0.0
U012512,1,0,0.0
U012513,3,0,0.0
U012514,4,0,0.0
U012515,1,0,0.0
U012516,4,0,0.0
U012517,2,0,0.0
U012518,1,0,0.0
U012519,1,0,0.0
U012520,2,0,0.0
U012521,1,0,0.0
U012522,1,0,0.0
U012523,3,1,3956.01
U012524,2,0,0.0
U012525,1,0,0.0
U012526,5,1,6057.64
U012527,1,0,0.0
U012528,1,0,0.0
U012529,1,0,0.0
U012530,1,0,0.0
U012531,2,1,2773.97
U012532,4,0,0.0
U012533,2,0,0.0
U012534,1,1,3934.12
U012535,1,0,0.0
U012536,1,0,0.0
U012537,2,1,5571.87
U012538,1,0,0.0
U012539,2,0,0.0
U012540,4,1,1984.41
U012541,4,0,0.0
U012542,2,1,4316.31
U012543,3,0,0.0
U012544,5,0,0.0
U012545,3,0,0.0
U012546,3,0,0.0
U012547,1,0,0.0
U012548,1,0,0.0
U012549,1,0,0.0
U012550,2,0,0.0
U012551,1,0,0.0
U012552,1,0,0.0
U012553,1,0,0.0
U012554,1,0,0.0
U012555,3,0,0.0
U012556,2,0,0.0
U012557,2,0,0.0
U012558,2,0,0.0
U012559,1,0,0.0
U012560,5,1,2002.94
U012561,3,0,0.0
U012562,4,1,3124.54
U012563,1,0,0.0
U012564,2,1,4200.99
U012565,1,0,0.0
U012566,5,0,0.0
U012567,4,0,0.0
U012568,1,0,0.0
U012569,2,0,0.0
U012570,1,0,0.0
U012571,1,0,0.0
U012572,2,0,0.0
U012573,3,0,0.0
U012574,2,0,0.0
U012575,2,0,0.0
U012576,1,0,0.0
U012577,3,0,0.0
U012578,1,0,0.0
U012579,2,0,0.0
U012580,4,0,0.0
U012581,5,1,4336.08
U012582,4,1,2615.54
U012583,2,1,3947.71
U012584,3,0,0.0
U012585,2,0,0.0
U012586,2,0,0.0
U012587,1,0,0.0
U012588,2,0,0.0
U012589,1,1,1604.01
U012590,4,1,2767.28
U012591,3,1,3583.0
U012592,3,1,3892.18
U012593,4,0,0.0
U012594,1,1,3731.25
U012595,4,0,0.0
U012596,3,0,0.0
U012597,1,0,0.0
U012598,3,0,0.0
U012599,1,0,0.0
U012600,2,1,2237.27
U012601,4,1,2233.28
U012602,2,0,0.0
U012603,5,0,0.0
U012604,5,0,0.0
U012605,3,1,3060.52
U012606,2,1,1267.47
U012607,3,0,0.0
U012608,2,0,0.0
U012609,1,0,0.0
U012610,3,0,0.0
U012611,2,0,0.0
U012612,2,0,0.0
U012613,2,0,0.0
U012614,5,1,2639.87
U012615,2,0,0.0
U012616,1,0,0.0
U012617,1,0,0.0
U012618,2,0,0.0
U012619,4,0,0.0
U012620,1,0,0.0
U012621,2,0,0.0
U012622,1,0,0.0
U012623,4,0,0.0
U012624,3,0,0.0
U012625,1,0,0.0
U012626,2,0,0.0
U012627,1,0,0.0
U012628,1,0,0.0
U012629,5,0,0.0
U012630,1,0,0.0
U012631,2,0,0.0
U012632,1,0,0.0
U012633,3,0,0.0
U012634,2,0,0.0
U012635,2,0,0.0
U012636,4,0,0.0
U012637,1,0,0.0
U012638,2,0,0.0
U012639,1,0,0.0
U012640,1,1,2059.57
U012641,1,0,0.0
U012642,5,1,3430.45
U012643,3,0,0.0
U012644,3,0,0.0
U012645,1,0,0.0
U012646,1,0,0.0
U012647,2,0,0.0
U012648,4,1,2881.74
U012649,1,0,0.0
U012650,4,1,4102.96
U012651,3,0,0.0
U012652,3,0,0.0
U012653,2,0,0.0
U012654,2,0,0.0
U012655,3,0,0.0
U012656,4,1,2129.55
U012657,1,0,0.0
U012658,1,0,0.0
U012659,2,0,0.0
U012660,4,0,0.0
U012661,1,0,0.0
U012662,2,0,0.0
U012663,1,0,0.0
U012664,1,0,0.0
U012665,1,0,0.0
U012666,1,0,0.0
U012667,2,0,0.0
U012668,3,0,0.0
U012669,3,0,0.0
U012670,3,0,0.0
U012671,3,0,0.0
U012672,3,0,0.0
U012673,5,0,0.0
U012674,2,0,0.0
U012675,2,0,0.0
U012676,1,0,0.0
U012677,5,0,0.0
U012678,4,0,0.0
U012679,4,1,1416.51
U012680,3,0,0.0
U012681,5,0,0.0
U012682,1,0,0.0
U012683,2,0,0.0
U012684,3,0,0.0
U012685,1,0,0.0
U012686,4,1,4257.09
U012687,5,1,5391.54
U012688,3,1,3578.51
U012689,2,0,0.0
U012690,2,0,0.0
U012691,1,0,0.0
U012692,3,0,0.0
U012693,1,0,0.0
U012694,2,0,0.0
U012695,1,1,3691.26
U012696,2,0,0.0
U012697,5,0,0.0
U012698,5,1,2197.73
U012699,2,0,0.0
U012700,2,0,0.0
U012701,2,0,0.0
U012702,1,0,0.0
U012703,4,0,0.0
U012704,1,0,0.0
U012705,3,0,0.0
U012706,2,0,0.0
U012707,2,0,0.0
U012708,4,0,0.0
U012709,1,0,0.0
U012710,2,0,0.0
U012711,1,0,0.0
U012712,2,1,1899.29
U012713,2,0,0.0
U012714,2,0,0.0
U012715,2,0,0.0
U012716,4,1,5044.69
U012717,4,0,0.0
U012718,4,0,0.0
U012719,2,0,0.0
U012720,3,0,0.0
U012721,3,0,0.0
U012722,1,0,0.0
U012723,2,0,0.0
U012724,4,0,0.0
U012725,3,0,0.0
U012726,1,0,0.0
U012727,2,0,0.0
U012728,1,0,0.0
U012729,2,0,0.0
U012730,1,0,0.0
U012731,3,0,0.0
U012732,2,0,0.0
U012733,1,0,0.0
U012734,2,1,3209.43
U012735,4,0,0.0
U012736,2,0,0.0
U012737,3,0,0.0
U012738,2,0,0.0
U012739,1,0,0.0
U012740,2,0,0.0
U012741,4,0,0.0
U012742,1,1,4270.27
U012743,1,0,0.0
U012744,2,0,0.0
U012745,1,0,0.0
U012746,5,0,0.0
U012747,2,1,3871.32
U012748,1,0,0.0
U012749,4,0,0.0
U012750,2,1,3440.69
U012751,2,0,0.0
U012752,4,0,0.0
U012753,3,0,0.0
U012754,2,0,0.0
U012755,1,0,0.0
U012756,1,0,0.0
U012757,4,0,0.0
U012758,3,1,2965.66
U012759,4,1,1229.26
U012760,4,0,0.0
U012761,3,1,2080.41
U012762,1,0,0.0
U012763,2,0,0.0
U012764,3,0,0.0
U012765,5,1,3201.03
U012766,1,0,0.0
U012767,2,0,0.0
U012768,5,0,0.0
U012769,1,0,0.0
U012770,1,0,0.0
U012771,4,0,0.0
U012772,2,0,0.0
U012773,1,0,0.0
U012774,3,0,0.0
U012775,1,0,0.0
U012776,1,0,0.0
U012777,4,0,0.0
U012778,1,0,0.0
U012779,1,0,0.0
U012780,2,0,0.0
U012781,2,0,0.0
U012782,1,0,0.0
U012783,1,0,0.0
U012784,1,0,0.0
U012785,3,0,0.0
U012786,5,0,0.0
U012787,4,1,2639.4
U012788,1,0,0.0
U012789,3,1,4138.35
U012790,1,0,0.0
U012791,1,0,0.0
U012792,2,1,5754.83
U012793,3,1,3846.5
U012794,1,0,0.0
U012795,1,0,0.0
U012796,3,0,0.0
U012797,1,0,0.0
U012798,1,0,0.0
U012799,3,0,0.0
U012800,1,0,0.0
U012801,3,0,0.0
U012802,3,1,1968.46
U012803,4,0,0.0
U012804,2,0,0.0
U012805,1,0,0.0
U012806,4,0,0.0
U012807,2,0,0.0
U012808,3,0,0.0
U012809,1,0,0.0
U012810,5,0,0.0
U012811,2,1,2180.88
U012812,2,0,0.0
U012813,2,0,0.0
U012814,1,0,0.0
U012815,1,0,0.0
U012816,4,0,0.0
U012817,2,0,0.0
U012818,4,1,2349.27
U012819,2,1,6349.68
U012820,1,0,0.0
U012821,3,0,0.0
U012822,2,0,0.0
U012823,4,0,0.0
U012824,4,0,0.0
U012825,3,1,6273.4
U012826,2,0,0.0
U012827,2,0,0.0
U012828,1,0,0.0
U012829,2,0,0.0
U012830,2,0,0.0
U012831,3,1,3660.39
U012832,4,1,4153.15
U012833,4,0,0.0
U012834,1,0,0.0
U012835,2,0,0.0
U012836,2,1,5608.53
U012837,1,1,3940.19
U012838,3,0,0.0
U012839,2,1,7650.19
U012840,1,0,0.0
U012841,2,0,0.0
U012842,2,1,2568.53
U012843,2,1,3315.18
U012844,5,1,4719.68
U012845,4,0,0.0
U012846,1,0,0.0
U012847,3,0,0.0
U012848,1,0,0.0
U012849,3,0,0.0
U012850,4,0,0.0
U012851,4,0,0.0
U012852,2,1,1140.15
U012853,2,0,0.0
U012854,1,0,0.0
U012855,5,0,0.0
U012856,2,0,0.0
U012857,1,0,0.0
U012858,2,1,2748.49
U012859,1,1,1157.31
U012860,2,1,1266.43
U012861,2,0,0.0
U012862,4,0,0.0
U012863,2,0,0.0
U012864,2,0,0.0
U012865,2,1,2752.78
U012866,2,1,2083.47
U012867,5,1,1769.81
U012868,4,0,0.0
U012869,1,1,3714.48
U012870,1,0,0.0
U012871,1,0,0.0
U012872,3,0,0.0
U012873,3,0,0.0
U012874,2,1,3268.24
U012875,1,1,2889.11
U012876,2,0,0.0
U012877,2,0,0.0
U012878,1,0,0.0
U012879,4,0,0.0
U012880,4,0,0.0
U012881,2,0,0.0
U012882,4,0,0.0
U012883,4,0,0.0
U012884,2,0,0.0
U012885,3,0,0.0
U012886,2,0,0.0
U012887,4,1,3202.0
U012888,1,0,0.0
U012889,2,1,2539.45
U012890,2,0,0.0
U012891,1,0,0.0
U012892,3,0,0.0
U012893,2,0,0.0
U012894,1,0,0.0
U012895,1,0,0.0
U012896,2,0,0.0
U012897,2,0,0.0
U012898,1,0,0.0
U012899,3,1,2295.86
U012900,2,0,0.0
U012901,3,0,0.0
U012902,2,0,0.0
U012903,2,0,0.0
U012904,2,0,0.0
U012905,1,0,0.0
U012906,3,0,0.0
U012907,1,0,0.0
U012908,1,0,0.0
U012909,2,0,0.0
U012910,1,0,0.0
U012911,1,0,0.0
U012912,2,0,0.0
U012913,3,0,0.0
U012914,1,0,0.0
U012915,3,0,0.0
U012916,3,0,0.0
U012917,2,0,0.0
U012918,3,0,0.0
U012919,2,0,0.0
U012920,2,1,1914.34
U012921,5,1,1657.06
U012922,2,0,0.0
U012923,5,1,3386.01
U012924,2,0,0.0
U012925,3,0,0.0
U012926,2,0,0.0
U012927,2,0,0.0
U012928,1,0,0.0
U012929,4,0,0.0
U012930,5,1,3341.65
U012931,2,0,0.0
U012932,1,0,0.0
U012933,1,0,0.0
U012934,1,0,0.0
U012935,2,0,0.0
U012936,2,0,0.0
U012937,1,0,0.0
U012938,3,0,0.0
U012939,3,0,0.0
U012940,3,0,0.0
U012941,3,0,0.0
U012942,1,0,0.0
U012943,5,0,0.0
U012944,1,0,0.0
U012945,5,0,0.0
U012946,1,0,0.0
U012947,4,0,0.0
U012948,2,0,0.0
U012949,2,0,0.0
U012950,1,1,2120.21
U012951,4,0,0.0
U012952,4,0,0.0
U012953,5,0,0.0
U012954,4,0,0.0
U012955,1,0,0.0
U012956,2,0,0.0
U012957,2,0,0.0
U012958,1,0,0.0
U012959,1,0,0.0
U012960,3,0,0.0
U012961,2,0,0.0
U012962,3,1,5306.49
U012963,2,0,0.0
U012964,1,0,0.0
U012965,4,0,0.0
U012966,1,0,0.0
U012967,3,0,0.0
U012968,2,0,0.0
U012969,2,0,0.0
U012970,2,0,0.0
U012971,2,0,0.0
U012972,2,0,0.0
U012973,2,0,0.0
U012974,1,1,2689.78
U012975,3,0,0.0
U012976,2,0,0.0
U012977,4,0,0.0
U012978,2,0,0.0
U012979,2,0,0.0
U012980,4,1,1909.62
U012981,3,1,3246.94
U012982,3,0,0.0
U012983,5,0,0.0
U012984,2,0,0.0
U012985,2,0,0.0
U012986,5,1,2054.13
U012987,2,0,0.0
U012988,1,1,2410.28
U012989,2,1,3056.96
U012990,1,0,0.0
U012991,2,0,0.0
U012992,2,1,3428.26
U012993,2,0,0.0
U012994,4,1,1325.27
U012995,1,0,0.0
U012996,1,1,2891.33
U012997,1,0,0.0
U012998,1,0,0.0
U012999,1,0,0.0
U013000,2,0,0.0
U013001,3,1,6499.37
U013002,2,0,0.0
U013003,4,1,2748.11
U013004,3,1,3111.22
U013005,2,1,1197.69
U013006,4,0,0.0
U013007,4,0,0.0
U013008,1,0,0.0
U013009,5,1,3501.07
U013010,3,0,0.0
U013011,1,0,0.0
U013012,4,1,3445.69
U013013,2,0,0.0
U013014,1,0,0.0
U013015,4,1,2699.79
U013016,5,0,0.0
U013017,2,0,0.0
U013018,3,0,0.0
U013019,2,0,0.0
U013020,5,0,0.0
U013021,1,0,0.0
U013022,1,0,0.0
U013023,3,0,0.0
U013024,3,0,0.0
U013025,1,0,0.0
U013026,2,1,2987.41
U013027,1,1,3024.49
U013028,1,0,0.0
U013029,1,0,0.0
U013030,5,1,1770.88
U013031,1,1,2551.26
U013032,2,0,0.0
U013033,2,0,0.0
U013034,5,0,0.0
U013035,1,0,0.0
U013036,3,0,0.0
U013037,1,0,0.0
U013038,5,0,0.0
U013039,5,1,3013.75
U013040,1,0,0.0
U013041,2,0,0.0
U013042,3,0,0.0
U013043,4,0,0.0
U013044,3,1,2460.1
U013045,4,1,7571.76
U013046,3,0,0.0
U013047,1,0,0.0
U013048,1,1,4708.11
U013049,1,0,0.0
U013050,4,0,0.0
U013051,1,0,0.0
U013052,1,0,0.0
U013053,1,0,0.0
U013054,1,0,0.0
U013055,5,0,0.0
U013056,2,0,0.0
U013057,5,0,0.0
U013058,3,1,3139.57
U013059,1,0,0.0
U013060,5,0,0.0
U013061,2,0,0.0
U013062,3,0,0.0
U013063,5,0,0.0
U013064,5,0,0.0
U013065,1,0,0.0
U013066,4,1,2482.23
U013067,1,0,0.0
U013068,2,0,0.0
U013069,2,1,4547.6
U013070,4,0,0.0
U013071,1,0,0.0
U013072,2,1,2120.78
U013073,3,0,0.0
U013074,3,0,0.0
U013075,2,0,0.0
U013076,4,0,0.0
U013077,3,0,0.0
U013078,2,0,0.0
U013079,2,0,0.0
U013080,1,0,0.0
U013081,3,0,0.0
U013082,2,0,0.0
U013083,1,1,4784.51
U013084,3,0,0.0
U013085,1,1,1261.63
U013086,2,0,0.0
U013087,2,0,0.0
U013088,5,1,2356.06
U013089,3,0,0.0
U013090,2,0,0.0
U013091,1,1,1532.17
U013092,3,1,4192.61
U013093,2,0,0.0
U013094,2,0,0.0
U013095,1,0,0.0
U013096,2,1,2260.03
U013097,1,0,0.0
U013098,3,0,0.0
U013099,2,0,0.0
U013100,5,1,3151.06
U013101,3,0,0.0
U013102,2,0,0.0
U013103,2,1,2104.06
U013104,2,0,0.0
U013105,1,0,0.0
U013106,5,1,2425.01
U013107,2,1,2056.52
U013108,1,0,0.0
U013109,1,0,0.0
U013110,2,1,3556.66
U013111,2,0,0.0
U013112,2,0,0.0
U013113,2,0,0.0
U013114,1,0,0.0
U013115,1,0,0.0
U013116,5,0,0.0
U013117,2,0,0.0
U013118,1,0,0.0
U013119,1,0,0.0
U013120,1,0,0.0
U013121,1,0,0.0
U013122,5,1,3676.09
U013123,5,1,5070.68
U013124,1,0,0.0
U013125,1,0,0.0
U013126,1,0,0.0
U013127,1,1,3186.74
U013128,4,1,4616.43
U013129,2,0,0.0
U013130,1,0,0.0
U013131,4,0,0.0
U013132,5,1,2793.15
U013133,3,0,0.0
U013134,3,1,5602.15
U013135,1,0,0.0
U013136,4,0,0.0
U013137,1,0,0.0
U013138,1,0,0.0
U013139,1,0,0.0
U013140,1,0,0.0
U013141,3,0,0.0
U013142,3,0,0.0
U013143,1,0,0.0
U013144,2,0,0.0
U013145,1,0,0.0
U013146,2,0,0.0
U013147,4,0,0.0
U013148,2,1,4301.27
U013149,1,0,0.0
U013150,1,0,0.0
U013151,3,0,0.0
U013152,3,0,0.0
U013153,3,0,0.0
U013154,2,0,0.0
U013155,2,0,0.0
U013156,3,1,5145.46
U013157,3,0,0.0
U013158,2,0,0.0
U013159,3,0,0.0
U013160,2,0,0.0
U013161,3,0,0.0
U013162,2,0,0.0
U013163,1,1,4050.84
U013164,2,0,0.0
U013165,3,0,0.0
U013166,2,0,0.0
U013167,4,1,2742.2
U013168,4,1,1918.8
U013169,1,0,0.0
U013170,2,0,0.0
U013171,4,1,4991.37
U013172,5,0,0.0
U013173,1,0,0.0
U013174,2,0,0.0
U013175,1,0,0.0
U013176,3,0,0.0
U013177,2,0,0.0
U013178,3,1,5842.2
U013179,3,0,0.0
U013180,5,0,0.0
U013181,3,0,0.0
U013182,1,0,0.0
U013183,2,1,6414.95
U013184,3,0,0.0
U013185,1,0,0.0
U013186,1,0,0.0
U013187,2,0,0.0
U013188,3,0,0.0
U013189,1,0,0.0
U013190,3,0,0.0
U013191,2,0,0.0
U013192,2,0,0.0
U013193,1,0,0.0
U013194,2,0,0.0
U013195,1,0,0.0
U013196,4,1,3356.2
U013197,1,0,0.0
U013198,1,0,0.0
U013199,3,0,0.0
U013200,4,0,0.0
U013201,2,0,0.0
U013202,1,0,0.0
U013203,4,1,2664.93
U013204,2,0,0.0
U013205,2,1,4069.83
U013206,3,0,0.0
U013207,5,0,0.0
U013208,3,0,0.0
U013209,4,0,0.0
U013210,1,0,0.0
U013211,5,0,0.0
U013212,5,1,3667.46
U013213,1,0,0.0
U013214,3,0,0.0
U013215,4,0,0.0
U013216,4,0,0.0
U013217,2,0,0.0
U013218,2,1,2796.71
U013219,3,0,0.0
U013220,2,0,0.0
U013221,1,0,0.0
U013222,1,0,0.0
U013223,1,0,0.0
U013224,3,0,0.0
U013225,1,0,0.0
U013226,1,0,0.0
U013227,4,0,0.0
U013228,1,0,0.0
U013229,4,0,0.0
U013230,3,0,0.0
U013231,2,0,0.0
U013232,2,1,4833.46
U013233,1,0,0.0
U013234,2,0,0.0
U013235,2,1,3199.31
U013236,2,0,0.0
U013237,2,0,0.0
U013238,2,0,0.0
U013239,2,1,3184.93
U013240,1,0,0.0
U013241,4,1,2572.32
U013242,1,0,0.0
U013243,1,0,0.0
U013244,2,0,0.0
U013245,4,0,0.0
U013246,1,1,1975.98
U013247,2,0,0.0
U013248,2,0,0.0
U013249,3,1,2786.63
U013250,1,0,0.0
U013251,2,0,0.0
U013252,1,0,0.0
U013253,2,1,3716.49
U013254,1,0,0.0
U013255,2,0,0.0
U013256,4,0,0.0
U013257,3,0,0.0
U013258,3,0,0.0
U013259,4,1,3221.56
U013260,2,0,0.0
U013261,3,0,0.0
U013262,4,0,0.0
U013263,1,0,0.0
U013264,1,1,2753.79
U013265,3,0,0.0
U013266,2,0,0.0
U013267,3,0,0.0
U013268,3,0,0.0
U013269,5,0,0.0
U013270,2,0,0.0
U013271,1,0,0.0
U013272,3,0,0.0
U013273,4,0,0.0
U013274,4,1,3302.17
U013275,2,0,0.0
U013276,1,0,0.0
U013277,3,1,3576.64
U013278,1,0,0.0
U013279,2,0,0.0
U013280,1,0,0.0
U013281,2,0,0.0
U013282,1,0,0.0
U013283,2,0,0.0
U013284,4,0,0.0
U013285,1,0,0.0
U013286,1,0,0.0
U013287,1,0,0.0
U013288,3,1,2159.75
U013289,5,0,0.0
U013290,5,0,0.0
U013291,1,0,0.0
U013292,3,0,0.0
U013293,1,0,0.0
U013294,4,0,0.0
U013295,5,0,0.0
U013296,5,0,0.0
U013297,3,0,0.0
U013298,3,0,0.0
U013299,3,0,0.0
U013300,2,0,0.0
U013301,1,0,0.0
U013302,2,0,0.0
U013303,3,0,0.0
U013304,1,0,0.0
U013305,1,0,0.0
U013306,1,0,0.0
U013307,3,0,0.0
U013308,2,0,0.0
U013309,4,1,3070.3
U013310,1,0,0.0
U013311,1,0,0.0
U013312,1,0,0.0
U013313,5,0,0.0
U013314,1,0,0.0
U013315,1,0,0.0
U013316,3,1,2226.3
U013317,2,0,0.0
U013318,4,0,0.0
U013319,1,0,0.0
U013320,2,1,1673.22
U013321,1,0,0.0
U013322,4,0,0.0
U013323,4,0,0.0
U013324,3,0,0.0
U013325,4,1,2270.92
U013326,1,0,0.0
U013327,3,1,2899.4
U013328,2,0,0.0
U013329,2,0,0.0
U013330,1,0,0.0
U013331,2,0,0.0
U013332,3,0,0.0
U013333,1,0,0.0
U013334,5,0,0.0
U013335,2,0,0.0
U013336,1,0,0.0
U013337,2,0,0.0
U013338,4,1,1399.56
U013339,2,0,0.0
U013340,4,1,5225.76
U013341,2,0,0.0
U013342,2,0,0.0
U013343,3,0,0.0
U013344,2,0,0.0
U013345,2,1,7484.16
U013346,1,0,0.0
U013347,5,1,2242.87
U013348,2,0,0.0
U013349,2,0,0.0
U013350,1,0,0.0
U013351,3,0,0.0
U013352,4,0,0.0
U013353,2,0,0.0
U013354,2,0,0.0
U013355,5,0,0.0
U013356,2,0,0.0
U013357,1,0,0.0
U013358,5,1,2100.21
U013359,1,0,0.0
U013360,1,0,0.0
U013361,4,0,0.0
U013362,2,0,0.0
U013363,3,1,5291.69
U013364,4,0,0.0
U013365,4,0,0.0
U013366,1,0,0.0
U013367,2,0,0.0
U013368,3,0,0.0
U013369,2,0,0.0
U013370,3,0,0.0
U013371,4,0,0.0
U013372,1,0,0.0
U013373,1,0,0.0
U013374,2,0,0.0
U013375,1,0,0.0
U013376,2,0,0.0
U013377,2,0,0.0
U013378,5,0,0.0
U013379,3,0,0.0
U013380,5,1,3726.45
U013381,4,0,0.0
U013382,1,0,0.0
U013383,5,1,3232.78
U013384,2,0,0.0
U013385,2,0,0.0
U013386,3,0,0.0
U013387,3,0,0.0
U013388,3,0,0.0
U013389,3,0,0.0
U013390,4,1,3802.05
U013391,3,1,1252.7
U013392,4,0,0.0
U013393,2,0,0.0
U013394,1,0,0.0
U013395,2,0,0.0
U013396,1,0,0.0
U013397,1,0,0.0
U013398,2,0,0.0
U013399,4,0,0.0
U013400,3,0,0.0
U013401,3,0,0.0
U013402,3,0,0.0
U013403,2,0,0.0
U013404,2,0,0.0
U013405,1,0,0.0
U013406,1,0,0.0
U013407,2,0,0.0
U013408,3,0,0.0
U013409,2,0,0.0
U013410,2,1,1219.87
U013411,1,0,0.0
U013412,4,1,5295.51
U013413,4,1,1817.98
U013414,4,0,0.0
U013415,2,0,0.0
U013416,3,0,0.0
U013417,3,1,3886.77
U013418,3,0,0.0
U013419,1,0,0.0
U013420,1,0,0.0
U013421,1,0,0.0
U013422,2,0,0.0
U013423,2,1,1799.71
U013424,1,0,0.0
U013425,1,0,0.0
U013426,4,0,0.0
U013427,5,0,0.0
U013428,1,0,0.0
U013429,5,1,3163.2
U013430,2,0,0.0
U013431,4,0,0.0
U013432,1,0,0.0
U013433,1,0,0.0
U013434,2,0,0.0
U013435,1,0,0.0
U013436,3,1,2310.83
U013437,5,0,0.0
U013438,2,0,0.0
U013439,1,0,0.0
U013440,1,0,0.0
U013441,2,0,0.0
U013442,2,0,0.0
U013443,3,0,0.0
U013444,3,0,0.0
U013445,3,1,3020.74
U013446,4,1,4610.79
U013447,1,0,0.0
U013448,1,0,0.0
U013449,4,0,0.0
U013450,2,0,0.0
U013451,1,0,0.0
U013452,1,1,4522.95
U013453,1,0,0.0
U013454,2,0,0.0
U013455,3,1,1820.06
U013456,4,0,0.0
U013457,2,0,0.0
U013458,1,0,0.0
U013459,2,0,0.0
U013460,2,0,0.0
U013461,1,0,0.0
U013462,5,1,2630.43
U013463,4,0,0.0
U013464,1,1,2210.8
U013465,1,0,0.0
U013466,2,1,4313.08
U013467,2,0,0.0
U013468,3,1,4358.46
U013469,4,0,0.0
U013470,3,0,0.0
U013471,1,0,0.0
U013472,2,0,0.0
U013473,1,0,0.0
U013474,2,0,0.0
U013475,1,0,0.0
U013476,1,0,0.0
U013477,3,0,0.0
U013478,3,1,2047.64
U013479,1,0,0.0
U013480,1,0,0.0
U013481,1,0,0.0
U013482,3,0,0.0
U013483,1,0,0.0
U013484,1,0,0.0
U013485,2,0,0.0
U013486,1,0,0.0
U013487,1,0,0.0
U013488,1,0,0.0
U013489,5,0,0.0
U013490,2,0,0.0
U013491,3,0,0.0
U013492,2,0,0.0
U013493,2,0,0.0
U013494,1,0,0.0
U013495,2,0,0.0
U013496,3,0,0.0
U013497,3,0,0.0
U013498,2,0,0.0
U013499,5,0,0.0
U013500,1,0,0.0
U013501,2,0,0.0
U013502,1,0,0.0
U013503,3,0,0.0
U013504,3,1,2161.14
U013505,4,0,0.0
U013506,1,0,0.0
U013507,4,1,3412.94
U013508,2,0,0.0
U013509,1,0,0.0
U013510,2,0,0.0
U013511,2,0,0.0
U013512,4,1,3494.35
U013513,3,0,0.0
U013514,1,0,0.0
U013515,3,1,5193.38
U013516,1,0,0.0
U013517,2,0,0.0
U013518,3,0,0.0
U013519,2,0,0.0
U013520,5,1,1595.75
U013521,1,0,0.0
U013522,1,0,0.0
U013523,3,0,0.0
U013524,2,0,0.0
U013525,1,0,0.0
U013526,1,0,0.0
U013527,3,0,0.0
U013528,2,1,6109.06
U013529,3,1,2793.43
U013530,1,0,0.0
U013531,1,0,0.0
U013532,4,1,2135.39
U013533,2,0,0.0
U013534,2,0,0.0
U013535,2,0,0.0
U013536,2,0,0.0
U013537,4,0,0.0
U013538,1,0,0.0
U013539,5,0,0.0
U013540,1,0,0.0
U013541,3,0,0.0
U013542,1,0,0.0
U013543,1,0,0.0
U013544,1,0,0.0
U013545,1,0,0.0
U013546,5,1,4322.42
U013547,2,0,0.0
U013548,2,0,0.0
U013549,1,0,0.0
U013550,1,0,0.0
U013551,3,0,0.0
U013552,3,0,0.0
U013553,2,0,0.0
U013554,1,0,0.0
U013555,2,0,0.0
U013556,1,0,0.0
U013557,5,1,2722.43
U013558,1,0,0.0
U013559,3,1,1725.88
U013560,3,0,0.0
U013561,2,0,0.0
U013562,1,0,0.0
U013563,2,0,0.0
U013564,3,0,0.0
U013565,1,0,0.0
U013566,3,0,0.0
U013567,1,0,0.0
U013568,1,0,0.0
U013569,1,0,0.0
U013570,1,0,0.0
U013571,3,0,0.0
U013572,2,0,0.0
U013573,5,0,0.0
U013574,2,0,0.0
U013575,2,0,0.0
U013576,4,0,0.0
U013577,2,1,2414.64
U013578,3,0,0.0
U013579,2,0,0.0
U013580,1,0,0.0
U013581,2,0,0.0
U013582,1,0,0.0
U013583,3,0,0.0
U013584,3,1,4499.45
U013585,3,0,0.0
U013586,2,0,0.0
U013587,5,0,0.0
U013588,3,0,0.0
U013589,1,0,0.0
U013590,1,0,0.0
U013591,1,0,0.0
U013592,1,0,0.0
U013593,2,1,3485.8
U013594,2,0,0.0
U013595,2,0,0.0
U013596,2,0,0.0
U013597,2,0,0.0
U013598,2,0,0.0
U013599,2,0,0.0
U013600,2,0,0.0
U013601,3,1,5332.81
U013602,3,1,3947.23
U013603,1,0,0.0
U013604,5,1,3880.54
U013605,1,0,0.0
U013606,1,0,0.0
U013607,4,0,0.0
U013608,1,0,0.0
U013609,4,0,0.0
U013610,1,0,0.0
U013611,1,0,0.0
U013612,2,0,0.0
U013613,1,0,0.0
U013614,2,0,0.0
U013615,4,1,2950.33
U013616,3,1,3284.89
U013617,2,0,0.0
U013618,2,0,0.0
U013619,2,0,0.0
U013620,2,0,0.0
U013621,3,0,0.0
U013622,1,1,2293.39
U013623,2,0,0.0
U013624,5,1,1884.05
U013625,1,0,0.0
U013626,3,0,0.0
U013627,2,0,0.0
U013628,1,0,0.0
U013629,3,0,0.0
U013630,3,0,0.0
U013631,3,0,0.0
U013632,2,0,0.0
U013633,1,0,0.0
U013634,1,0,0.0
U013635,1,0,0.0
U013636,1,0,0.0
U013637,2,0,0.0
U013638,4,0,0.0
U013639,2,0,0.0
U013640,2,1,2408.4
U013641,2,0,0.0
U013642,2,0,0.0
U013643,2,0,0.0
U013644,2,0,0.0
U013645,2,0,0.0
U013646,4,1,3318.21
U013647,2,0,0.0
U013648,1,0,0.0
U013649,2,0,0.0
U013650,1,0,0.0
U013651,3,0,0.0
U013652,5,1,5052.47
U013653,1,0,0.0
U013654,3,0,0.0
U013655,3,0,0.0
U013656,2,0,0.0
U013657,1,0,0.0
U013658,4,0,0.0
U013659,1,0,0.0
U013660,1,0,0.0
U013661,2,0,0.0
U013662,3,0,0.0
U013663,5,0,0.0
U013664,5,1,3065.35
U013665,5,1,2646.91
U013666,4,1,2602.61
U013667,2,0,0.0
U013668,3,0,0.0
U013669,3,0,0.0
U013670,5,0,0.0
U013671,1,0,0.0
U013672,2,0,0.0
U013673,1,0,0.0
U013674,2,0,0.0
U013675,1,0,0.0
U013676,4,1,6947.93
U013677,3,0,0.0
U013678,1,0,0.0
U013679,3,0,0.0
U013680,5,1,1207.47
U013681,1,0,0.0
U013682,2,0,0.0
U013683,2,0,0.0
U013684,1,0,0.0
U013685,2,0,0.0
U013686,3,0,0.0
U013687,1,0,0.0
U013688,2,0,0.0
U013689,1,0,0.0
U013690,1,0,0.0
U013691,2,0,0.0
U013692,4,1,3304.21
U013693,2,0,0.0
U013694,2,0,0.0
U013695,1,0,0.0
U013696,1,0,0.0
U013697,3,0,0.0
U013698,2,0,0.0
U013699,1,0,0.0
U013700,1,0,0.0
U013701,1,1,3082.74
U013702,4,0,0.0
U013703,1,0,0.0
U013704,4,1,2932.63
U013705,3,0,0.0
U013706,1,0,0.0
U013707,3,1,6051.46
U013708,2,0,0.0
U013709,2,1,3116.0
U013710,5,0,0.0
U013711,1,0,0.0
U013712,1,0,0.0
U013713,2,1,2718.46
U013714,3,1,4561.19
U013715,3,1,2413.1
U013716,2,0,0.0
U013717,2,0,0.0
U013718,2,0,0.0
U013719,3,0,0.0
U013720,1,0,0.0
U013721,2,0,0.0
U013722,2,0,0.0
U013723,2,1,3792.05
U013724,4,0,0.0
U013725,2,0,0.0
U013726,5,1,2344.85
U013727,2,0,0.0
U013728,1,0,0.0
U013729,1,0,0.0
U013730,1,0,0.0
U013731,1,0,0.0
U013732,2,0,0.0
U013733,4,1,2853.2
U013734,2,0,0.0
U013735,2,0,0.0
U013736,4,0,0.0
U013737,1,0,0.0
U013738,1,0,0.0
U013739,3,0,0.0
U013740,2,0,0.0
U013741,2,1,1858.92
U013742,4,0,0.0
U013743,1,0,0.0
U013744,2,0,0.0
U013745,3,1,6059.22
U013746,3,0,0.0
U013747,5,0,0.0
U013748,3,1,4869.99
U013749,2,0,0.0
U013750,1,0,0.0
U013751,3,0,0.0
U013752,3,0,0.0
U013753,2,1,2451.84
U013754,2,0,0.0
U013755,2,0,0.0
U013756,3,0,0.0
U013757,3,0,0.0
U013758,5,1,4962.55
U013759,2,1,2769.01
U013760,3,0,0.0
U013761,2,0,0.0
U013762,4,1,2848.9
U013763,3,0,0.0
U013764,1,0,0.0
U013765,4,0,0.0
U013766,1,0,0.0
U013767,3,1,1367.1
U013768,2,0,0.0
U013769,1,0,0.0
U013770,4,0,0.0
U013771,3,0,0.0
U013772,4,0,0.0
U013773,2,0,0.0
U013774,5,0,0.0
U013775,1,0,0.0
U013776,2,0,0.0
U013777,3,0,0.0
U013778,4,1,2781.24
U013779,1,0,0.0
U013780,3,0,0.0
U013781,1,0,0.0
U013782,2,0,0.0
U013783,1,0,0.0
U013784,5,0,0.0
U013785,2,0,0.0
U013786,2,0,0.0
U013787,3,0,0.0
U013788,3,1,2855.86
U013789,2,0,0.0
U013790,2,0,0.0
U013791,4,1,2760.34
U013792,1,0,0.0
U013793,3,0,0.0
U013794,1,1,2823.42
U013795,5,1,2345.52
U013796,2,1,2615.53
U013797,3,1,3403.75
U013798,3,1,3398.24
U013799,3,0,0.0
U013800,4,0,0.0
U013801,1,0,0.0
U013802,4,0,0.0
U013803,3,0,0.0
U013804,1,0,0.0
U013805,2,0,0.0
U013806,1,0,0.0
U013807,1,0,0.0
U013808,1,0,0.0
U013809,1,1,3186.54
U013810,1,1,2895.94
U013811,4,0,0.0
U013812,2,1,4409.58
U013813,1,1,3152.87
U013814,5,1,3507.39
U013815,2,0,0.0
U013816,4,0,0.0
U013817,1,1,3959.08
U013818,1,0,0.0
U013819,2,0,0.0
U013820,2,1,1471.86
U013821,5,0,0.0
U013822,1,0,0.0
U013823,2,0,0.0
U013824,2,0,0.0
U013825,2,0,0.0
U013826,1,0,0.0
U013827,2,0,0.0
U013828,4,0,0.0
U013829,4,0,0.0
U013830,5,0,0.0
U013831,2,0,0.0
U013832,4,0,0.0
U013833,2,1,4491.61
U013834,3,0,0.0
U013835,1,1,2811.77
U013836,2,0,0.0
U013837,3,0,0.0
U013838,3,0,0.0
U013839,2,0,0.0
U013840,2,0,0.0
U013841,3,1,3689.07
U013842,2,0,0.0
U013843,3,0,0.0
U013844,1,0,0.0
U013845,5,0,0.0
U013846,1,0,0.0
U013847,2,0,0.0
U013848,2,0,0.0
U013849,2,0,0.0
U013850,1,0,0.0
U013851,5,0,0.0
U013852,2,1,1835.3
U013853,5,1,2873.38
U013854,3,0,0.0
U013855,1,0,0.0
U013856,1,0,0.0
U013857,2,1,2128.22
U013858,1,0,0.0
U013859,4,0,0.0
U013860,3,0,0.0
U013861,2,1,5539.75
U013862,4,0,0.0
U013863,1,0,0.0
U013864,2,1,1935.17
U013865,3,0,0.0
U013866,3,0,0.0
U013867,4,0,0.0
U013868,5,0,0.0
U013869,1,0,0.0
U013870,1,0,0.0
U013871,5,0,0.0
U013872,2,0,0.0
U013873,3,0,0.0
U013874,1,0,0.0
U013875,1,0,0.0
U013876,3,0,0.0
U013877,4,0,0.0
U013878,1,0,0.0
U013879,2,1,5985.45
U013880,3,0,0.0
U013881,1,0,0.0
U013882,2,0,0.0
U013883,4,0,0.0
U013884,1,0,0.0
U013885,3,0,0.0
U013886,1,0,0.0
U013887,3,0,0.0
U013888,2,0,0.0
U013889,2,1,2164.01
U013890,2,0,0.0
U013891,4,0,0.0
U013892,2,0,0.0
U013893,3,1,1699.44
U013894,1,0,0.0
U013895,5,0,0.0
U013896,1,0,0.0
U013897,3,0,0.0
U013898,1,0,0.0
U013899,2,0,0.0
U013900,1,0,0.0
U013901,1,0,0.0
U013902,3,0,0.0
U013903,4,0,0.0
U013904,1,0,0.0
U013905,1,0,0.0
U013906,2,0,0.0
U013907,1,1,2019.33
U013908,3,0,0.0
U013909,2,0,0.0
U013910,2,0,0.0
U013911,1,0,0.0
U013912,3,0,0.0
U013913,3,0,0.0
U013914,4,0,0.0
U013915,2,0,0.0
U013916,4,0,0.0
U013917,2,0,0.0
U013918,3,0,0.0
U013919,2,0,0.0
U013920,1,0,0.0
U013921,1,0,0.0
U013922,3,0,0.0
U013923,1,0,0.0
U013924,4,0,0.0
U013925,2,0,0.0
U013926,3,1,1956.15
U013927,3,0,0.0
U013928,5,0,0.0
U013929,2,0,0.0
U013930,3,1,2794.08
U013931,4,1,3049.99
U013932,2,1,5439.58
U013933,1,0,0.0
U013934,2,0,0.0
U013935,1,0,0.0
U013936,1,1,2853.3
U013937,2,0,0.0
U013938,1,0,0.0
U013939,5,1,3144.66
U013940,3,1,4377.79
U013941,1,0,0.0
U013942,5,1,3576.33
U013943,3,0,0.0
U013944,1,0,0.0
U013945,4,0,0.0
U013946,1,0,0.0
U013947,2,0,0.0
U013948,1,0,0.0
U013949,2,1,4781.28
U013950,1,1,2199.7
U013951,5,1,5043.49
U013952,3,0,0.0
U013953,2,0,0.0
U013954,3,1,2666.01
U013955,5,0,0.0
U013956,1,0,0.0
U013957,2,0,0.0
U013958,1,0,0.0
U013959,3,0,0.0
U013960,3,1,2539.09
U013961,5,0,0.0
U013962,3,1,4391.93
U013963,2,1,3939.03
U013964,3,1,6741.85
U013965,1,0,0.0
U013966,1,0,0.0
U013967,5,0,0.0
U013968,1,0,0.0
U013969,3,0,0.0
U013970,1,0,0.0
U013971,4,1,3420.25
U013972,2,0,0.0
U013973,3,1,2674.68
U013974,2,0,0.0
U013975,2,0,0.0
U013976,2,1,3700.77
U013977,2,0,0.0
U013978,5,0,0.0
U013979,4,1,3218.58
U013980,2,0,0.0
U013981,3,0,0.0
U013982,4,0,0.0
U013983,1,0,0.0
U013984,2,0,0.0
U013985,1,0,0.0
U013986,3,0,0.0
U013987,5,0,0.0
U013988,4,1,6200.93
U013989,1,0,0.0
U013990,3,1,2221.3
U013991,2,1,2900.43
U013992,3,1,1515.55
U013993,3,0,0.0
U013994,3,0,0.0
U013995,5,0,0.0
U013996,1,0,0.0
U013997,3,0,0.0
U013998,3,1,5034.87
U013999,2,0,0.0
U014000,4,1,4304.28
U014001,1,0,0.0
U014002,3,0,0.0
U014003,5,0,0.0
U014004,1,0,0.0
U014005,4,0,0.0
U014006,4,1,5148.16
U014007,3,0,0.0
U014008,4,0,0.0
U014009,5,1,3496.04
U014010,3,1,2575.82
U014011,2,0,0.0
U014012,3,0,0.0
U014013,1,0,0.0
U014014,1,0,0.0
U014015,2,0,0.0
U014016,3,0,0.0
U014017,2,0,0.0
U014018,1,0,0.0
U014019,1,0,0.0
U014020,2,1,2439.88
U014021,5,0,0.0
U014022,4,1,3629.83
U014023,3,0,0.0
U014024,3,0,0.0
U014025,3,0,0.0
U014026,2,0,0.0
U014027,2,1,1764.96
U014028,2,1,2030.05
U014029,2,0,0.0
U014030,2,0,0.0
U014031,3,1,1728.49
U014032,4,1,1903.14
U014033,2,0,0.0
U014034,4,1,1597.68
U014035,1,0,0.0
U014036,4,1,2777.59
U014037,2,0,0.0
U014038,1,0,0.0
U014039,2,0,0.0
U014040,2,1,4400.5
U014041,2,1,1742.17
U014042,1,0,0.0
U014043,1,0,0.0
U014044,3,1,2412.0
U014045,1,1,2014.99
U014046,1,0,0.0
U014047,3,0,0.0
U014048,2,1,4466.41
U014049,1,0,0.0
U014050,4,0,0.0
U014051,3,0,0.0
U014052,1,0,0.0
U014053,1,0,0.0
U014054,1,0,0.0
U014055,4,0,0.0
U014056,3,0,0.0
U014057,1,0,0.0
U014058,2,0,0.0
U014059,2,0,0.0
U014060,1,0,0.0
U014061,3,0,0.0
U014062,5,0,0.0
U014063,5,1,1918.88
U014064,1,0,0.0
U014065,2,0,0.0
U014066,3,0,0.0
U014067,3,0,0.0
U014068,5,0,0.0
U014069,1,0,0.0
U014070,3,0,0.0
U014071,2,0,0.0
U014072,1,0,0.0
U014073,4,0,0.0
U014074,1,0,0.0
U014075,1,0,0.0
U014076,2,0,0.0
U014077,1,0,0.0
U014078,1,0,0.0
U014079,2,0,0.0
U014080,4,0,0.0
U014081,4,1,2178.65
U014082,1,0,0.0
U014083,1,0,0.0
U014084,5,1,1490.42
U014085,3,0,0.0
U014086,5,0,0.0
U014087,4,0,0.0
U014088,1,0,0.0
U014089,1,0,0.0
U014090,2,0,0.0
U014091,2,0,0.0
U014092,3,1,2485.31
U014093,1,0,0.0
U014094,4,1,3165.58
U014095,2,0,0.0
U014096,3,0,0.0
U014097,2,1,4340.23
U014098,2,1,4566.93
U014099,3,0,0.0
U014100,2,0,0.0
U014101,3,0,0.0
U014102,2,0,0.0
U014103,2,0,0.0
U014104,1,0,0.0
U014105,1,0,0.0
U014106,2,0,0.0
U014107,4,0,0.0
U014108,1,0,0.0
U014109,2,0,0.0
U014110,4,0,0.0
U014111,4,0,0.0
U014112,2,0,0.0
U014113,4,0,0.0
U014114,2,0,0.0
U014115,1,0,0.0
U014116,1,0,0.0
U014117,5,0,0.0
U014118,3,0,0.0
U014119,1,0,0.0
U014120,2,1,3005.39
U014121,3,0,0.0
U014122,1,0,0.0
U014123,2,0,0.0
U014124,5,1,1737.33
U014125,3,0,0.0
U014126,2,1,5756.66
U014127,1,0,0.0
U014128,3,0,0.0
U014129,4,0,0.0
U014130,1,0,0.0
U014131,1,0,0.0
U014132,4,0,0.0
U014133,3,0,0.0
U014134,1,0,0.0
U014135,2,1,5528.39
U014136,2,0,0.0
U014137,3,1,3200.56
U014138,1,0,0.0
U014139,2,0,0.0
U014140,3,0,0.0
U014141,3,0,0.0
U014142,5,0,0.0
U014143,1,0,0.0
U014144,2,0,0.0
U014145,2,0,0.0
U014146,1,0,0.0
U014147,1,0,0.0
U014148,5,0,0.0
U014149,5,0,0.0
U014150,4,1,1871.53
U014151,2,0,0.0
U014152,2,0,0.0
U014153,4,1,2636.82
U014154,3,1,2499.48
U014155,2,1,4437.64
U014156,1,0,0.0
U014157,2,0,0.0
U014158,4,0,0.0
U014159,3,0,0.0
U014160,1,0,0.0
U014161,2,1,3653.3
U014162,2,0,0.0
U014163,1,0,0.0
U014164,3,0,0.0
U014165,4,0,0.0
U014166,2,0,0.0
U014167,3,0,0.0
U014168,2,0,0.0
U014169,2,0,0.0
U014170,2,1,6586.71
U014171,4,0,0.0
U014172,5,0,0.0
U014173,4,0,0.0
U014174,1,0,0.0
U014175,4,0,0.0
U014176,3,0,0.0
U014177,1,0,0.0
U014178,1,0,0.0
U014179,2,0,0.0
U014180,2,0,0.0
U014181,1,0,0.0
U014182,4,0,0.0
U014183,1,0,0.0
U014184,1,0,0.0
U014185,1,0,0.0
U014186,2,0,0.0
U014187,1,0,0.0
U014188,4,1,2492.94
U014189,1,0,0.0
U014190,3,0,0.0
U014191,1,0,0.0
U014192,1,0,0.0
U014193,1,0,0.0
U014194,1,0,0.0
U014195,4,0,0.0
U014196,4,0,0.0
U014197,1,0,0.0
U014198,2,0,0.0
U014199,1,0,0.0
U014200,2,0,0.0
U014201,3,0,0.0
U014202,1,0,0.0
U014203,2,0,0.0
U014204,2,0,0.0
U014205,2,0,0.0
U014206,2,1,2984.17
U014207,2,0,0.0
U014208,4,0,0.0
U014209,3,0,0.0
U014210,1,0,0.0
U014211,4,0,0.0
U014212,4,0,0.0
U014213,1,0,0.0
U014214,5,0,0.0
U014215,5,1,2512.03
U014216,5,0,0.0
U014217,4,0,0.0
U014218,1,0,0.0
U014219,1,0,0.0
U014220,2,0,0.0
U014221,4,0,0.0
U014222,2,0,0.0
U014223,2,0,0.0
U014224,1,0,0.0
U014225,4,0,0.0
U014226,3,1,3511.33
U014227,5,0,0.0
U014228,5,0,0.0
U014229,1,0,0.0
U014230,4,0,0.0
U014231,3,0,0.0
U014232,1,0,0.0
U014233,2,0,0.0
U014234,3,0,0.0
U014235,2,0,0.0
U014236,4,1,4237.68
U014237,1,0,0.0
U014238,3,0,0.0
U014239,4,0,0.0
U014240,2,0,0.0
U014241,2,1,2318.7
U014242,3,0,0.0
U014243,1,0,0.0
U014244,2,1,2731.75
U014245,1,0,0.0
U014246,3,0,0.0
U014247,1,0,0.0
U014248,2,0,0.0
U014249,1,1,2095.98
U014250,2,1,2740.63
U014251,2,0,0.0
U014252,1,0,0.0
U014253,3,0,0.0
U014254,2,1,4368.67
U014255,3,0,0.0
U014256,1,0,0.0
U014257,2,1,2278.92
U014258,1,0,0.0
U014259,1,0,0.0
U014260,4,1,2229.5
U014261,5,0,0.0
U014262,4,0,0.0
U014263,3,0,0.0
U014264,1,0,0.0
U014265,3,0,0.0
U014266,1,0,0.0
U014267,1,0,0.0
U014268,1,0,0.0
U014269,2,0,0.0
U014270,1,0,0.0
U014271,2,0,0.0
U014272,2,1,3795.66
U014273,5,0,0.0
U014274,1,0,0.0
U014275,2,0,0.0
U014276,3,0,0.0
U014277,1,0,0.0
U014278,2,0,0.0
U014279,4,0,0.0
U014280,1,1,5429.99
U014281,4,1,2458.22
U014282,2,0,0.0
U014283,3,1,2018.17
U014284,4,1,3388.78
U014285,2,0,0.0
U014286,3,0,0.0
U014287,1,1,1881.11
U014288,1,0,0.0
U014289,1,0,0.0
U014290,2,0,0.0
U014291,2,0,0.0
U014292,2,0,0.0
U014293,3,0,0.0
U014294,4,0,0.0
U014295,3,0,0.0
U014296,3,0,0.0
U014297,3,0,0.0
U014298,3,0,0.0
U014299,1,0,0.0
U014300,4,1,3197.82
U014301,5,0,0.0
U014302,1,0,0.0
U014303,1,0,0.0
U014304,1,0,0.0
U014305,3,1,5824.93
U014306,5,1,3684.03
U014307,4,0,0.0
U014308,3,0,0.0
U014309,1,0,0.0
U014310,1,0,0.0
U014311,1,0,0.0
U014312,3,0,0.0
U014313,1,0,0.0
U014314,2,1,5658.31
U014315,1,0,0.0
U014316,2,0,0.0
U014317,4,1,3212.96
U014318,2,1,3572.83
U014319,1,0,0.0
U014320,2,0,0.0
U014321,2,0,0.0
U014322,1,0,0.0
U014323,3,0,0.0
U014324,1,0,0.0
U014325,1,0,0.0
U014326,3,1,2059.3
U014327,1,0,0.0
U014328,2,0,0.0
U014329,5,1,7639.71
U014330,3,0,0.0
U014331,3,0,0.0
U014332,2,0,0.0
U014333,5,0,0.0
U014334,2,0,0.0
U014335,2,0,0.0
U014336,3,0,0.0
U014337,3,0,0.0
U014338,1,0,0.0
U014339,5,1,1934.18
U014340,3,0,0.0
U014341,1,0,0.0
U014342,1,0,0.0
U014343,2,1,1971.58
U014344,3,0,0.0
U014345,3,0,0.0
U014346,2,0,0.0
U014347,2,0,0.0
U014348,2,0,0.0
U014349,1,0,0.0
U014350,2,0,0.0
U014351,5,0,0.0
U014352,5,0,0.0
U014353,3,0,0.0
U014354,1,0,0.0
U014355,1,0,0.0
U014356,2,0,0.0
U014357,1,0,0.0
U014358,1,0,0.0
U014359,1,0,0.0
U014360,1,0,0.0
U014361,1,0,0.0
U014362,2,1,1430.36
U014363,5,0,0.0
U014364,2,0,0.0
U014365,1,0,0.0
U014366,1,0,0.0
U014367,2,0,0.0
U014368,3,0,0.0
U014369,2,0,0.0
U014370,2,0,0.0
U014371,4,0,0.0
U014372,3,0,0.0
U014373,2,0,0.0
U014374,3,0,0.0
U014375,2,0,0.0
U014376,2,0,0.0
U014377,4,0,0.0
U014378,2,0,0.0
U014379,3,0,0.0
U014380,1,1,3000.44
U014381,2,0,0.0
U014382,3,0,0.0
U014383,5,0,0.0
U014384,1,0,0.0
U014385,3,0,0.0
U014386,5,1,2195.28
U014387,1,0,0.0
U014388,4,0,0.0
U014389,1,0,0.0
U014390,2,0,0.0
U014391,3,0,0.0
U014392,1,0,0.0
U014393,2,0,0.0
U014394,2,0,0.0
U014395,3,0,0.0
U014396,1,1,4223.58
U014397,3,1,5159.24
U014398,3,0,0.0
U014399,5,1,2797.09
U014400,5,0,0.0
U014401,1,0,0.0
U014402,4,1,2308.04
U014403,4,0,0.0
U014404,1,0,0.0
U014405,1,1,2745.74
U014406,2,0,0.0
U014407,1,0,0.0
U014408,3,0,0.0
U014409,2,0,0.0
U014410,2,0,0.0
U014411,1,0,0.0
U014412,4,0,0.0
U014413,1,0,0.0
U014414,2,0,0.0
U014415,1,0,0.0
U014416,4,0,0.0
U014417,3,0,0.0
U014418,1,0,0.0
U014419,4,0,0.0
U014420,1,0,0.0
U014421,4,0,0.0
U014422,2,0,0.0
U014423,2,0,0.0
U014424,1,0,0.0
U014425,4,0,0.0
U014426,1,0,0.0
U014427,3,1,3855.69
U014428,3,0,0.0
U014429,1,0,0.0
U014430,2,1,2639.37
U014431,3,0,0.0
U014432,2,0,0.0
U014433,3,1,4881.51
U014434,3,1,4047.11
U014435,1,0,0.0
U014436,3,0,0.0
U014437,2,0,0.0
U014438,2,0,0.0
U014439,4,0,0.0
U014440,3,0,0.0
U014441,1,0,0.0
U014442,1,0,0.0
U014443,1,0,0.0
U014444,2,0,0.0
U014445,2,0,0.0
U014446,2,0,0.0
U014447,5,1,2222.37
U014448,2,0,0.0
U014449,2,0,0.0
U014450,1,0,0.0
U014451,1,0,0.0
U014452,2,0,0.0
U014453,2,0,0.0
U014454,2,0,0.0
U014455,2,0,0.0
U014456,3,0,0.0
U014457,2,0,0.0
U014458,2,0,0.0
U014459,4,0,0.0
U014460,3,0,0.0
U014461,2,0,0.0
U014462,2,0,0.0
U014463,1,0,0.0
U014464,4,0,0.0
U014465,1,0,0.0
U014466,1,0,0.0
U014467,2,1,2890.98
U014468,5,0,0.0
U014469,1,0,0.0
U014470,1,0,0.0
U014471,2,0,0.0
U014472,4,0,0.0
U014473,2,0,0.0
U014474,2,0,0.0
U014475,5,0,0.0
U014476,2,0,0.0
U014477,2,0,0.0
U014478,2,0,0.0
U014479,1,0,0.0
U014480,1,0,0.0
U014481,2,0,0.0
U014482,1,1,2557.61
U014483,1,0,0.0
U014484,2,0,0.0
U014485,1,0,0.0
U014486,4,1,2700.92
U014487,3,0,0.0
U014488,4,0,0.0
U014489,5,1,6374.75
U014490,2,0,0.0
U014491,1,0,0.0
U014492,2,1,2973.04
U014493,1,0,0.0
U014494,3,1,4186.98
U014495,4,0,0.0
U014496,2,0,0.0
U014497,1,0,0.0
U014498,3,1,3009.46
U014499,2,0,0.0
U014500,1,0,0.0
U014501,5,1,3885.5
U014502,2,0,0.0
U014503,3,0,0.0
U014504,3,0,0.0
U014505,3,1,4291.27
U014506,1,1,1955.61
U014507,5,0,0.0
U014508,2,0,0.0
U014509,3,1,5284.6
U014510,5,1,2546.73
U014511,5,0,0.0
U014512,2,0,0.0
U014513,1,0,0.0
U014514,1,1,1744.56
U014515,1,0,0.0
U014516,2,0,0.0
U014517,5,0,0.0
U014518,2,0,0.0
U014519,1,0,0.0
U014520,2,1,5079.22
U014521,1,0,0.0
U014522,1,0,0.0
U014523,3,0,0.0
U014524,2,0,0.0
U014525,1,0,0.0
U014526,2,0,0.0
U014527,2,0,0.0
U014528,1,0,0.0
U014529,1,0,0.0
U014530,2,0,0.0
U014531,1,0,0.0
U014532,5,1,2089.36
U014533,5,0,0.0
U014534,4,0,0.0
U014535,3,0,0.0
U014536,1,0,0.0
U014537,2,1,2459.06
U014538,2,0,0.0
U014539,3,0,0.0
U014540,2,1,2450.59
U014541,1,0,0.0
U014542,5,0,0.0
U014543,2,0,0.0
U014544,2,0,0.0
U014545,3,0,0.0
U014546,3,0,0.0
U014547,4,0,0.0
U014548,1,0,0.0
U014549,3,1,2886.95
U014550,1,0,0.0
U014551,5,1,1897.61
U014552,1,0,0.0
U014553,1,0,0.0
U014554,1,0,0.0
U014555,3,1,1787.49
U014556,2,0,0.0
U014557,2,0,0.0
U014558,3,1,7403.07
U014559,5,0,0.0
U014560,1,0,0.0
U014561,3,0,0.0
U014562,1,0,0.0
U014563,3,0,0.0
U014564,3,1,978.83
U014565,3,0,0.0
U014566,2,0,0.0
U014567,1,0,0.0
U014568,3,0,0.0
U014569,3,0,0.0
U014570,2,1,4384.63
U014571,2,0,0.0
U014572,2,0,0.0
U014573,1,1,5112.67
U014574,1,0,0.0
U014575,2,1,2158.72
U014576,4,0,0.0
U014577,2,0,0.0
U014578,3,0,0.0
U014579,2,0,0.0
U014580,3,1,4719.11
U014581,2,0,0.0
U014582,5,1,5005.32
U014583,4,1,2548.29
U014584,1,0,0.0
U014585,1,0,0.0
U014586,2,1,3612.83
U014587,2,0,0.0
U014588,2,0,0.0
U014589,1,0,0.0
U014590,5,0,0.0
U014591,2,1,3501.62
U014592,2,0,0.0
U014593,3,0,0.0
U014594,2,0,0.0
U014595,1,1,3473.2
U014596,1,0,0.0
U014597,2,0,0.0
U014598,2,0,0.0
U014599,2,0,0.0
U014600,2,0,0.0
U014601,4,0,0.0
U014602,5,1,1544.54
U014603,5,0,0.0
U014604,1,0,0.0
U014605,4,1,2663.22
U014606,4,0,0.0
U014607,4,0,0.0
U014608,1,0,0.0
U014609,2,0,0.0
U014610,1,0,0.0
U014611,2,1,3517.62
U014612,3,0,0.0
U014613,2,0,0.0
U014614,2,0,0.0
U014615,3,0,0.0
U014616,2,0,0.0
U014617,1,1,3462.82
U014618,1,0,0.0
U014619,1,0,0.0
U014620,3,1,2620.97
U014621,1,0,0.0
U014622,1,0,0.0
U014623,5,0,0.0
U014624,4,0,0.0
U014625,1,0,0.0
U014626,1,0,0.0
U014627,3,0,0.0
U014628,3,0,0.0
U014629,2,0,0.0
U014630,1,0,0.0
U014631,3,0,0.0
U014632,2,0,0.0
U014633,1,0,0.0
U014634,4,0,0.0
U014635,3,1,4292.66
U014636,1,0,0.0
U014637,1,0,0.0
U014638,1,0,0.0
U014639,4,0,0.0
U014640,5,0,0.0
U014641,1,0,0.0
U014642,3,0,0.0
U014643,1,0,0.0
U014644,1,0,0.0
U014645,4,0,0.0
U014646,2,1,4436.99
U014647,1,0,0.0
U014648,1,0,0.0
U014649,2,0,0.0
U014650,2,0,0.0
U014651,5,1,1838.08
U014652,2,0,0.0
U014653,3,0,0.0
U014654,2,0,0.0
U014655,3,0,0.0
U014656,5,0,0.0
U014657,3,1,2007.14
U014658,2,0,0.0
U014659,4,0,0.0
U014660,1,0,0.0
U014661,4,0,0.0
U014662,1,0,0.0
U014663,2,0,0.0
U014664,4,1,4970.22
U014665,1,0,0.0
U014666,1,0,0.0
U014667,3,0,0.0
U014668,4,0,0.0
U014669,3,0,0.0
U014670,4,0,0.0
U014671,3,1,3329.98
U014672,4,0,0.0
U014673,3,0,0.0
U014674,5,0,0.0
U014675,2,0,0.0
U014676,2,0,0.0
U014677,3,0,0.0
U014678,1,0,0.0
U014679,3,0,0.0
U014680,2,0,0.0
U014681,2,0,0.0
U014682,2,0,0.0
U014683,2,0,0.0
U014684,2,0,0.0
U014685,2,0,0.0
U014686,2,0,0.0
U014687,5,0,0.0
U014688,4,0,0.0
U014689,2,0,0.0
U014690,2,0,0.0
U014691,3,1,2600.2
U014692,3,0,0.0
U014693,1,0,0.0
U014694,4,0,0.0
U014695,1,0,0.0
U014696,3,0,0.0
U014697,2,0,0.0
U014698,4,1,2966.81
U014699,3,0,0.0
U014700,2,0,0.0
U014701,1,0,0.0
U014702,1,0,0.0
U014703,4,0,0.0
U014704,2,0,0.0
U014705,2,0,0.0
U014706,3,0,0.0
U014707,2,0,0.0
U014708,5,0,0.0
U014709,1,0,0.0
U014710,3,0,0.0
U014711,1,0,0.0
U014712,3,0,0.0
U014713,2,0,0.0
U014714,3,0,0.0
U014715,3,0,0.0
U014716,2,0,0.0
U014717,5,0,0.0
U014718,5,1,1581.96
U014719,3,0,0.0
U014720,1,0,0.0
U014721,2,0,0.0
U014722,5,0,0.0
U014723,2,0,0.0
U014724,3,0,0.0
U014725,1,0,0.0
U014726,1,1,3190.69
U014727,1,0,0.0
U014728,1,0,0.0
U014729,1,0,0.0
U014730,4,0,0.0
U014731,3,1,2001.98
U014732,3,1,2057.68
U014733,1,0,0.0
U014734,1,0,0.0
U014735,1,0,0.0
U014736,1,0,0.0
U014737,2,0,0.0
U014738,2,0,0.0
U014739,3,0,0.0
U014740,1,0,0.0
U014741,2,0,0.0
U014742,2,0,0.0
U014743,1,0,0.0
U014744,1,0,0.0
U014745,5,0,0.0
U014746,2,1,4231.29
U014747,1,0,0.0
U014748,3,0,0.0
U014749,3,0,0.0
U014750,2,1,4723.99
U014751,1,0,0.0
U014752,5,0,0.0
U014753,3,0,0.0
U014754,1,0,0.0
U014755,4,0,0.0
U014756,1,0,0.0
U014757,4,0,0.0
U014758,2,0,0.0
U014759,3,0,0.0
U014760,3,0,0.0
U014761,4,0,0.0
U014762,2,0,0.0
U014763,2,0,0.0
U014764,2,0,0.0
U014765,1,0,0.0
U014766,4,0,0.0
U014767,1,0,0.0
U014768,3,0,0.0
U014769,3,0,0.0
U014770,2,0,0.0
U014771,4,0,0.0
U014772,2,0,0.0
U014773,2,0,0.0
U014774,1,1,6059.1
U014775,1,0,0.0
U014776,5,1,2082.22
U014777,3,0,0.0
U014778,4,1,4079.03
U014779,1,0,0.0
U014780,5,0,0.0
U014781,5,0,0.0
U014782,1,0,0.0
U014783,2,0,0.0
U014784,1,0,0.0
U014785,1,0,0.0
U014786,3,0,0.0
U014787,1,0,0.0
U014788,5,0,0.0
U014789,1,0,0.0
U014790,2,0,0.0
U014791,2,1,4974.17
U014792,1,1,2932.72
U014793,3,0,0.0
U014794,2,0,0.0
U014795,4,0,0.0
U014796,2,0,0.0
U014797,2,0,0.0
U014798,2,0,0.0
U014799,1,0,0.0
U014800,3,1,4000.64
U014801,3,1,2177.84
U014802,1,0,0.0
U014803,2,0,0.0
U014804,5,0,0.0
U014805,2,0,0.0
U014806,1,0,0.0
U014807,4,0,0.0
U014808,2,0,0.0
U014809,3,0,0.0
U014810,4,1,3610.16
U014811,1,0,0.0
U014812,3,0,0.0
U014813,4,1,2250.96
U014814,2,0,0.0
U014815,1,0,0.0
U014816,2,1,3687.05
U014817,3,0,0.0
U014818,1,0,0.0
U014819,2,0,0.0
U014820,3,0,0.0
U014821,1,0,0.0
U014822,1,0,0.0
U014823,3,0,0.0
U014824,3,1,4424.46
U014825,1,0,0.0
U014826,3,0,0.0
U014827,3,0,0.0
U014828,1,1,3486.7
U014829,2,0,0.0
U014830,1,0,0.0
U014831,3,0,0.0
U014832,4,0,0.0
U014833,2,0,0.0
U014834,3,0,0.0
U014835,2,0,0.0
U014836,1,1,1399.45
U014837,2,0,0.0
U014838,1,1,2796.58
U014839,3,0,0.0
U014840,1,0,0.0
U014841,4,0,0.0
U014842,3,0,0.0
U014843,4,1,2478.51
U014844,3,1,4313.09
U014845,4,1,2735.79
U014846,2,1,1836.62
U014847,3,0,0.0
U014848,2,0,0.0
U014849,1,0,0.0
U014850,1,0,0.0
U014851,3,0,0.0
U014852,2,0,0.0
U014853,1,0,0.0
U014854,2,1,2183.22
U014855,2,0,0.0
U014856,2,0,0.0
U014857,2,0,0.0
U014858,5,0,0.0
U014859,3,0,0.0
U014860,4,0,0.0
U014861,2,0,0.0
U014862,2,0,0.0
U014863,1,0,0.0
U014864,1,0,0.0
U014865,2,1,5496.28
U014866,2,0,0.0
U014867,1,0,0.0
U014868,2,0,0.0
U014869,1,0,0.0
U014870,1,1,3235.97
U014871,3,0,0.0
U014872,4,0,0.0
U014873,3,0,0.0
U014874,2,1,2762.36
U014875,1,0,0.0
U014876,2,0,0.0
U014877,1,0,0.0
U014878,3,0,0.0
U014879,2,0,0.0
U014880,4,0,0.0
U014881,2,0,0.0
U014882,2,0,0.0
U014883,2,0,0.0
U014884,1,0,0.0
U014885,3,0,0.0
U014886,5,0,0.0
U014887,2,0,0.0
U014888,3,1,3224.05
U014889,3,0,0.0
U014890,3,0,0.0
U014891,4,0,0.0
U014892,3,1,5318.47
U014893,2,0,0.0
U014894,1,0,0.0
U014895,2,0,0.0
U014896,2,0,0.0
U014897,1,0,0.0
U014898,2,0,0.0
U014899,1,0,0.0
U014900,4,0,0.0
U014901,2,0,0.0
U014902,2,0,0.0
U014903,2,0,0.0
U014904,1,0,0.0
U014905,3,1,2294.49
U014906,1,0,0.0
U014907,3,0,0.0
U014908,5,1,3560.05
U014909,2,0,0.0
U014910,2,1,2562.95
U014911,3,1,3259.13
U014912,2,0,0.0
U014913,2,0,0.0
U014914,4,0,0.0
U014915,2,0,0.0
U014916,1,0,0.0
U014917,1,0,0.0
U014918,5,0,0.0
U014919,2,0,0.0
U014920,3,0,0.0
U014921,2,0,0.0
U014922,3,0,0.0
U014923,2,0,0.0
U014924,2,0,0.0
U014925,2,1,4141.86
U014926,3,0,0.0
U014927,5,1,2548.42
U014928,2,0,0.0
U014929,4,0,0.0
U014930,1,0,0.0
U014931,1,0,0.0
U014932,2,0,0.0
U014933,1,0,0.0
U014934,5,0,0.0
U014935,3,1,2889.07
U014936,1,0,0.0
U014937,4,0,0.0
U014938,2,0,0.0
U014939,3,0,0.0
U014940,3,0,0.0
U014941,1,0,0.0
U014942,2,0,0.0
U014943,3,0,0.0
U014944,2,0,0.0
U014945,2,1,1918.5
U014946,2,0,0.0
U014947,2,0,0.0
U014948,2,1,3460.15
U014949,2,1,1500.3
U014950,2,1,1666.31
U014951,4,0,0.0
U014952,1,0,0.0
U014953,1,0,0.0
U014954,1,0,0.0
U014955,3,0,0.0
U014956,2,0,0.0
U014957,2,0,0.0
U014958,2,0,0.0
U014959,3,1,5231.47
U014960,1,0,0.0
U014961,3,1,2667.65
U014962,1,0,0.0
U014963,3,0,0.0
U014964,2,0,0.0
U014965,1,0,0.0
U014966,2,0,0.0
U014967,1,0,0.0
U014968,3,0,0.0
U014969,1,0,0.0
U014970,2,0,0.0
U014971,4,0,0.0
U014972,1,0,0.0
U014973,4,0,0.0
U014974,2,0,0.0
U014975,2,0,0.0
U014976,2,0,0.0
U014977,5,0,0.0
U014978,2,0,0.0
U014979,1,0,0.0
U014980,2,0,0.0
U014981,1,1,2494.41
U014982,4,0,0.0
U014983,1,0,0.0
U014984,2,0,0.0
U014985,2,0,0.0
U014986,2,0,0.0
U014987,5,0,0.0
U014988,2,0,0.0
U014989,1,0,0.0
U014990,2,0,0.0
U014991,3,0,0.0
U014992,2,0,0.0
U014993,3,0,0.0
U014994,4,0,0.0
U014995,3,0,0.0
U014996,3,0,0.0
U014997,5,0,0.0
U014998,2,0,0.0
U014999,2,0,0.0
U015000,3,0,0.0
U015001,2,0,0.0
U015002,2,0,0.0
U015003,1,0,0.0
U015004,1,0,0.0
U015005,5,0,0.0
U015006,5,0,0.0
U015007,5,1,2997.32
U015008,1,0,0.0
U015009,2,0,0.0
U015010,2,0,0.0
U015011,1,0,0.0
U015012,4,1,2583.36
U015013,2,0,0.0
U015014,1,0,0.0
U015015,1,0,0.0
U015016,5,1,1544.64
U015017,1,0,0.0
U015018,2,0,0.0
U015019,3,0,0.0
U015020,4,0,0.0
U015021,5,0,0.0
U015022,1,0,0.0
U015023,5,1,4836.4
U015024,4,0,0.0
U015025,5,0,0.0
U015026,1,0,0.0
U015027,4,0,0.0
U015028,3,0,0.0
U015029,2,0,0.0
U015030,3,1,1698.86
U015031,5,1,2521.32
U015032,4,0,0.0
U015033,2,0,0.0
U015034,1,0,0.0
U015035,2,0,0.0
U015036,2,0,0.0
U015037,4,0,0.0
U015038,1,0,0.0
U015039,2,1,2961.72
U015040,2,0,0.0
U015041,1,0,0.0
U015042,2,1,1507.91
U015043,2,0,0.0
U015044,2,0,0.0
U015045,2,0,0.0
U015046,3,0,0.0
U015047,4,0,0.0
U015048,3,0,0.0
U015049,3,1,2115.3
U015050,1,0,0.0
U015051,1,0,0.0
U015052,2,0,0.0
U015053,3,1,1882.33
U015054,3,0,0.0
U015055,1,0,0.0
U015056,5,0,0.0
U015057,5,0,0.0
U015058,3,0,0.0
U015059,4,0,0.0
U015060,1,0,0.0
U015061,2,1,3506.92
U015062,2,1,3448.49
U015063,2,0,0.0
U015064,4,1,2629.35
U015065,4,0,0.0
U015066,1,0,0.0
U015067,2,0,0.0
U015068,3,0,0.0
U015069,2,0,0.0
U015070,2,0,0.0
U015071,1,0,0.0
U015072,4,0,0.0
U015073,3,0,0.0
U015074,4,0,0.0
U015075,2,1,3806.25
U015076,1,0,0.0
U015077,5,1,2048.81
U015078,1,0,0.0
U015079,3,0,0.0
U015080,3,0,0.0
U015081,3,0,0.0
U015082,1,0,0.0
U015083,5,0,0.0
U015084,5,1,5029.98
U015085,3,0,0.0
U015086,1,0,0.0
U015087,2,0,0.0
U015088,3,0,0.0
U015089,3,0,0.0
U015090,5,1,2221.34
U015091,5,0,0.0
U015092,3,1,1983.74
U015093,1,0,0.0
U015094,1,0,0.0
U015095,2,0,0.0
U015096,3,0,0.0
U015097,4,0,0.0
U015098,1,0,0.0
U015099,2,1,4056.78
U015100,4,0,0.0
U015101,1,0,0.0
U015102,2,1,6150.36
U015103,5,1,1555.75
U015104,1,0,0.0
U015105,2,0,0.0
U015106,1,0,0.0
U015107,2,0,0.0
U015108,2,0,0.0
U015109,4,0,0.0
U015110,5,1,4809.79
U015111,2,0,0.0
U015112,1,0,0.0
U015113,3,1,2337.04
U015114,4,0,0.0
U015115,2,1,7162.81
U015116,1,0,0.0
U015117,1,0,0.0
U015118,2,0,0.0
U015119,1,0,0.0
U015120,3,0,0.0
U015121,3,0,0.0
U015122,1,0,0.0
U015123,3,0,0.0
U015124,1,0,0.0
U015125,4,1,2993.13
U015126,2,0,0.0
U015127,1,0,0.0
U015128,1,0,0.0
U015129,2,0,0.0
U015130,2,0,0.0
U015131,3,1,1553.61
U015132,2,1,2051.03
U015133,2,0,0.0
U015134,2,0,0.0
U015135,1,0,0.0
U015136,3,0,0.0
U015137,1,0,0.0
U015138,4,0,0.0
U015139,5,0,0.0
U015140,4,1,1599.14
U015141,4,0,0.0
U015142,1,0,0.0
U015143,2,0,0.0
U015144,1,0,0.0
U015145,1,0,0.0
U015146,2,0,0.0
U015147,3,1,4304.74
U015148,1,0,0.0
U015149,2,0,0.0
U015150,1,0,0.0
U015151,5,0,0.0
U015152,3,0,0.0
U015153,1,0,0.0
U015154,1,1,3845.3
U015155,2,0,0.0
U015156,3,0,0.0
U015157,4,0,0.0
U015158,4,1,2640.3
U015159,4,0,0.0
U015160,2,0,0.0
U015161,3,0,0.0
U015162,2,0,0.0
U015163,2,0,0.0
U015164,3,0,0.0
U015165,1,1,2155.23
U015166,3,0,0.0
U015167,2,0,0.0
U015168,1,0,0.0
U015169,2,0,0.0
U015170,1,0,0.0
U015171,2,0,0.0
U015172,2,0,0.0
U015173,2,0,0.0
U015174,1,0,0.0
U015175,2,0,0.0
U015176,2,0,0.0
U015177,5,0,0.0
U015178,1,0,0.0
U015179,3,0,0.0
U015180,3,1,1971.59
U015181,4,1,2581.45
U015182,1,0,0.0
U015183,1,0,0.0
U015184,2,0,0.0
U015185,2,0,0.0
U015186,2,1,5273.09
U015187,1,0,0.0
U015188,2,0,0.0
U015189,4,0,0.0
U015190,1,0,0.0
U015191,5,1,3207.99
U015192,1,0,0.0
U015193,2,0,0.0
U015194,2,0,0.0
U015195,2,0,0.0
U015196,4,0,0.0
U015197,1,0,0.0
U015198,2,0,0.0
U015199,3,0,0.0
U015200,4,0,0.0
U015201,1,0,0.0
U015202,4,0,0.0
U015203,3,1,1728.41
U015204,1,0,0.0
U015205,2,0,0.0
U015206,3,0,0.0
U015207,2,0,0.0
U015208,3,1,1751.21
U015209,2,0,0.0
U015210,1,0,0.0
U015211,1,0,0.0
U015212,2,0,0.0
U015213,3,0,0.0
U015214,2,0,0.0
U015215,3,0,0.0
U015216,1,0,0.0
U015217,3,0,0.0
U015218,4,1,4508.01
U015219,4,0,0.0
U015220,4,0,0.0
U015221,1,0,0.0
U015222,1,0,0.0
U015223,4,1,2602.92
U015224,1,0,0.0
U015225,3,0,0.0
U015226,3,0,0.0
U015227,4,1,5660.94
U015228,5,0,0.0
U015229,1,0,0.0
U015230,1,0,0.0
U015231,1,0,0.0
U015232,4,0,0.0
U015233,1,0,0.0
U015234,3,0,0.0
U015235,2,0,0.0
U015236,2,0,0.0
U015237,2,0,0.0
U015238,2,0,0.0
U015239,3,0,0.0
U015240,2,0,0.0
U015241,5,0,0.0
U015242,3,0,0.0
U015243,1,0,0.0
U015244,1,0,0.0
U015245,2,0,0.0
U015246,2,0,0.0
U015247,1,0,0.0
U015248,1,0,0.0
U015249,1,0,0.0
U015250,1,0,0.0
U015251,2,0,0.0
U015252,3,0,0.0
U015253,1,0,0.0
U015254,3,1,3369.89
U015255,1,0,0.0
U015256,2,0,0.0
U015257,2,0,0.0
U015258,2,0,0.0
U015259,3,0,0.0
U015260,4,0,0.0
U015261,4,0,0.0
U015262,3,0,0.0
U015263,4,0,0.0
U015264,4,0,0.0
U015265,4,1,3690.07
U015266,1,0,0.0
U015267,2,0,0.0
U015268,1,0,0.0
U015269,2,0,0.0
U015270,5,0,0.0
U015271,2,0,0.0
U015272,4,0,0.0
U015273,2,0,0.0
U015274,1,0,0.0
U015275,3,0,0.0
U015276,2,0,0.0
U015277,5,0,0.0
U015278,1,0,0.0
U015279,1,0,0.0
U015280,2,0,0.0
U015281,4,0,0.0
U015282,2,0,0.0
U015283,4,0,0.0
U015284,3,0,0.0
U015285,2,1,2846.95
U015286,1,0,0.0
U015287,1,0,0.0
U015288,2,1,2326.8
U015289,1,0,0.0
U015290,5,0,0.0
U015291,1,0,0.0
U015292,1,0,0.0
U015293,1,0,0.0
U015294,1,0,0.0
U015295,1,0,0.0
U015296,1,0,0.0
U015297,2,1,2276.14
U015298,1,0,0.0
U015299,3,1,4092.24
U015300,2,0,0.0
U015301,1,0,0.0
U015302,3,0,0.0
U015303,1,0,0.0
U015304,3,0,0.0
U015305,2,0,0.0
U015306,2,0,0.0
U015307,1,0,0.0
U015308,2,0,0.0
U015309,2,0,0.0
U015310,2,0,0.0
U015311,1,1,1747.56
U015312,2,1,3004.86
U015313,5,0,0.0
U015314,1,0,0.0
U015315,4,0,0.0
U015316,2,0,0.0
U015317,2,1,3019.73
U015318,2,0,0.0
U015319,2,0,0.0
U015320,4,0,0.0
U015321,1,0,0.0
U015322,1,0,0.0
U015323,2,0,0.0
U015324,2,1,3031.65
U015325,2,0,0.0
U015326,1,0,0.0
U015327,3,0,0.0
U015328,1,0,0.0
U015329,3,1,2422.14
U015330,4,0,0.0
U015331,4,0,0.0
U015332,2,0,0.0
U015333,1,0,0.0
U015334,2,1,2882.54
U015335,2,0,0.0
U015336,2,0,0.0
U015337,2,0,0.0
U015338,1,0,0.0
U015339,1,0,0.0
U015340,2,0,0.0
U015341,2,0,0.0
U015342,1,0,0.0
U015343,2,0,0.0
U015344,1,0,0.0
U015345,3,1,6945.49
U015346,2,0,0.0
U015347,3,0,0.0
U015348,1,0,0.0
U015349,1,0,0.0
U015350,2,0,0.0
U015351,1,0,0.0
U015352,1,0,0.0
U015353,1,0,0.0
U015354,2,1,3421.57
U015355,1,0,0.0
U015356,3,0,0.0
U015357,4,1,4710.84
U015358,2,0,0.0
U015359,2,0,0.0
U015360,2,0,0.0
U015361,2,0,0.0
U015362,5,1,2603.55
U015363,3,0,0.0
U015364,2,0,0.0
U015365,1,1,3407.62
U015366,3,0,0.0
U015367,1,0,0.0
U015368,1,0,0.0
U015369,1,0,0.0
U015370,1,0,0.0
U015371,2,1,2293.91
U015372,1,0,0.0
U015373,5,1,3854.14
U015374,3,0,0.0
U015375,3,1,3088.84
U015376,2,0,0.0
U015377,2,0,0.0
U015378,2,0,0.0
U015379,2,0,0.0
U015380,2,1,3006.16
U015381,3,0,0.0
U015382,3,0,0.0
U015383,1,0,0.0
U015384,1,0,0.0
U015385,2,0,0.0
U015386,3,0,0.0
U015387,2,0,0.0
U015388,2,0,0.0
U015389,3,0,0.0
U015390,1,0,0.0
U015391,2,0,0.0
U015392,5,1,3464.73
U015393,4,0,0.0
U015394,4,1,2826.77
U015395,1,0,0.0
U015396,2,0,0.0
U015397,3,0,0.0
U015398,3,1,4547.6
U015399,3,0,0.0
U015400,2,0,0.0
U015401,3,0,0.0
U015402,2,0,0.0
U015403,3,0,0.0
U015404,3,0,0.0
U015405,3,0,0.0
U015406,2,0,0.0
U015407,1,0,0.0
U015408,2,1,5791.1
U015409,1,0,0.0
U015410,1,0,0.0
U015411,2,0,0.0
U015412,4,0,0.0
U015413,1,0,0.0
U015414,1,0,0.0
U015415,4,0,0.0
U015416,2,0,0.0
U015417,2,0,0.0
U015418,2,0,0.0
U015419,2,0,0.0
U015420,5,1,1659.05
U015421,1,1,2788.22
U015422,1,0,0.0
U015423,2,0,0.0
U015424,2,0,0.0
U015425,4,0,0.0
U015426,2,0,0.0
U015427,2,0,0.0
U015428,4,0,0.0
U015429,1,0,0.0
U015430,4,1,2228.66
U015431,4,0,0.0
U015432,3,0,0.0
U015433,3,0,0.0
U015434,3,1,4205.75
U015435,1,0,0.0
U015436,1,0,0.0
U015437,1,0,0.0
U015438,1,0,0.0
U015439,5,1,2819.74
U015440,4,0,0.0
U015441,1,0,0.0
U015442,1,0,0.0
U015443,1,0,0.0
U015444,4,0,0.0
U015445,4,0,0.0
U015446,5,1,1302.74
U015447,1,1,2710.25
U015448,4,0,0.0
U015449,3,0,0.0
U015450,3,0,0.0
U015451,2,1,4167.97
U015452,1,1,3907.42
U015453,3,0,0.0
U015454,2,0,0.0
U015455,2,0,0.0
U015456,4,0,0.0
U015457,4,1,2098.61
U015458,1,0,0.0
U015459,2,0,0.0
U015460,1,1,2912.31
U015461,1,0,0.0
U015462,1,0,0.0
U015463,2,0,0.0
U015464,3,1,2699.79
U015465,2,1,7096.87
U015466,3,0,0.0
U015467,3,0,0.0
U015468,5,1,3170.85
U015469,1,0,0.0
U015470,3,0,0.0
U015471,2,0,0.0
U015472,1,0,0.0
U015473,3,1,2403.79
U015474,2,0,0.0
U015475,2,0,0.0
U015476,3,0,0.0
U015477,2,0,0.0
U015478,5,0,0.0
U015479,2,0,0.0
U015480,2,1,2705.87
U015481,1,0,0.0
U015482,4,0,0.0
U015483,2,1,3228.08
U015484,4,0,0.0
U015485,1,0,0.0
U015486,2,0,0.0
U015487,1,0,0.0
U015488,3,0,0.0
U015489,4,1,3552.73
U015490,1,0,0.0
U015491,1,0,0.0
U015492,1,0,0.0
U015493,2,0,0.0
U015494,1,0,0.0
U015495,1,0,0.0
U015496,2,0,0.0
U015497,2,0,0.0
U015498,3,0,0.0
U015499,5,0,0.0
U015500,4,0,0.0
U015501,2,1,2057.78
U015502,3,0,0.0
U015503,1,0,0.0
U015504,4,0,0.0
U015505,1,0,0.0
U015506,2,1,1924.13
U015507,2,0,0.0
U015508,4,1,4532.4
U015509,1,0,0.0
U015510,1,0,0.0
U015511,1,0,0.0
U015512,1,0,0.0
U015513,1,0,0.0
U015514,4,1,3832.78
U015515,2,0,0.0
U015516,1,0,0.0
U015517,2,1,6401.86
U015518,1,0,0.0
U015519,1,0,0.0
U015520,2,0,0.0
U015521,1,0,0.0
U015522,1,0,0.0
U015523,1,0,0.0
U015524,2,0,0.0
U015525,1,0,0.0
U015526,3,0,0.0
U015527,2,0,0.0
U015528,4,0,0.0
U015529,2,0,0.0
U015530,1,0,0.0
U015531,3,1,3424.7
U015532,3,0,0.0
U015533,3,0,0.0
U015534,2,1,3885.1
U015535,2,0,0.0
U015536,2,0,0.0
U015537,2,0,0.0
U015538,1,0,0.0
U015539,1,1,4350.83
U015540,3,1,7336.21
U015541,1,0,0.0
U015542,1,0,0.0
U015543,2,0,0.0
U015544,4,0,0.0
U015545,3,1,2682.14
U015546,1,0,0.0
U015547,2,0,0.0
U015548,3,0,0.0
U015549,4,0,0.0
U015550,1,0,0.0
U015551,1,0,0.0
U015552,1,0,0.0
U015553,2,0,0.0
U015554,1,0,0.0
U015555,3,0,0.0
U015556,2,0,0.0
U015557,3,0,0.0
U015558,3,0,0.0
U015559,3,0,0.0
U015560,2,0,0.0
U015561,2,0,0.0
U015562,3,0,0.0
U015563,1,0,0.0
U015564,5,1,2584.71
U015565,4,1,2879.14
U015566,2,0,0.0
U015567,2,0,0.0
U015568,4,0,0.0
U015569,1,0,0.0
U015570,1,1,1301.42
U015571,1,0,0.0
U015572,1,0,0.0
U015573,3,0,0.0
U015574,2,0,0.0
U015575,2,0,0.0
U015576,2,0,0.0
U015577,4,0,0.0
U015578,2,0,0.0
U015579,2,0,0.0
U015580,3,0,0.0
U015581,1,0,0.0
U015582,1,0,0.0
U015583,3,0,0.0
U015584,2,0,0.0
U015585,5,0,0.0
U015586,4,0,0.0
U015587,3,1,5606.63
U015588,1,0,0.0
U015589,1,0,0.0
U015590,5,0,0.0
U015591,2,0,0.0
U015592,1,0,0.0
U015593,2,0,0.0
U015594,3,0,0.0
U015595,2,0,0.0
U015596,2,0,0.0
U015597,1,0,0.0
U015598,1,0,0.0
U015599,1,0,0.0
U015600,1,0,0.0
U015601,3,0,0.0
U015602,3,0,0.0
U015603,2,0,0.0
U015604,1,0,0.0
U015605,4,1,5131.95
U015606,4,0,0.0
U015607,1,0,0.0
U015608,2,0,0.0
U015609,5,0,0.0
U015610,2,0,0.0
U015611,1,0,0.0
U015612,3,0,0.0
U015613,1,0,0.0
U015614,2,0,0.0
U015615,2,0,0.0
U015616,5,0,0.0
U015617,1,1,4107.61
U015618,2,0,0.0
U015619,2,0,0.0
U015620,2,0,0.0
U015621,1,0,0.0
U015622,5,0,0.0
U015623,1,0,0.0
U015624,4,1,2254.12
U015625,4,0,0.0
U015626,1,0,0.0
U015627,4,1,2284.69
U015628,2,0,0.0
U015629,4,0,0.0
U015630,2,0,0.0
U015631,3,1,4872.21
U015632,1,0,0.0
U015633,3,0,0.0
U015634,5,1,2835.89
U015635,3,0,0.0
U015636,3,0,0.0
U015637,1,0,0.0
U015638,1,0,0.0
U015639,2,0,0.0
U015640,1,0,0.0
U015641,2,0,0.0
U015642,1,0,0.0
U015643,2,1,1357.71
U015644,1,0,0.0
U015645,4,0,0.0
U015646,5,1,1904.62
U015647,2,0,0.0
U015648,1,1,975.76
U015649,3,0,0.0
U015650,3,0,0.0
U015651,2,0,0.0
U015652,3,0,0.0
U015653,3,0,0.0
U015654,3,0,0.0
U015655,1,0,0.0
U015656,2,0,0.0
U015657,2,0,0.0
U015658,2,0,0.0
U015659,2,0,0.0
U015660,2,0,0.0
U015661,2,0,0.0
U015662,2,0,0.0
U015663,2,0,0.0
U015664,4,0,0.0
U015665,5,0,0.0
U015666,1,0,0.0
U015667,2,0,0.0
U015668,2,0,0.0
U015669,1,0,0.0
U015670,4,0,0.0
U015671,2,0,0.0
U015672,2,0,0.0
U015673,5,0,0.0
U015674,1,0,0.0
U015675,4,1,5256.01
U015676,5,1,3058.71
U015677,3,0,0.0
U015678,2,0,0.0
U015679,2,0,0.0
U015680,1,0,0.0
U015681,2,0,0.0
U015682,4,0,0.0
U015683,5,0,0.0
U015684,3,0,0.0
U015685,1,0,0.0
U015686,1,1,2231.37
U015687,4,0,0.0
U015688,2,0,0.0
U015689,4,0,0.0
U015690,2,1,3040.77
U015691,3,0,0.0
U015692,5,0,0.0
U015693,2,0,0.0
U015694,4,1,2914.19
U015695,5,0,0.0
U015696,4,1,3378.83
U015697,4,0,0.0
U015698,2,0,0.0
U015699,2,0,0.0
U015700,2,1,1911.17
U015701,1,0,0.0
U015702,2,0,0.0
U015703,2,0,0.0
U015704,3,0,0.0
U015705,4,0,0.0
U015706,3,1,4287.17
U015707,4,0,0.0
U015708,1,0,0.0
U015709,2,0,0.0
U015710,2,0,0.0
U015711,5,0,0.0
U015712,2,0,0.0
U015713,1,0,0.0
U015714,2,1,2025.07
U015715,3,0,0.0
U015716,2,0,0.0
U015717,2,0,0.0
U015718,3,0,0.0
U015719,1,0,0.0
U015720,3,0,0.0
U015721,3,1,2876.3
U015722,2,0,0.0
U015723,3,0,0.0
U015724,4,0,0.0
U015725,2,0,0.0
U015726,1,0,0.0
U015727,5,0,0.0
U015728,1,1,4181.19
U015729,2,0,0.0
U015730,2,0,0.0
U015731,2,0,0.0
U015732,1,0,0.0
U015733,1,0,0.0
U015734,4,0,0.0
U015735,2,0,0.0
U015736,4,0,0.0
U015737,4,0,0.0
U015738,2,0,0.0
U015739,4,0,0.0
U015740,3,0,0.0
U015741,3,0,0.0
U015742,2,0,0.0
U015743,1,1,4934.68
U015744,1,0,0.0
U015745,4,0,0.0
U015746,2,0,0.0
U015747,3,0,0.0
U015748,2,0,0.0
U015749,2,0,0.0
U015750,5,0,0.0
U015751,4,0,0.0
U015752,3,1,5651.97
U015753,1,0,0.0
U015754,1,0,0.0
U015755,4,0,0.0
U015756,3,1,2435.14
U015757,4,1,4990.49
U015758,3,0,0.0
U015759,2,0,0.0
U015760,2,0,0.0
U015761,1,0,0.0
U015762,5,0,0.0
U015763,1,0,0.0
U015764,2,0,0.0
U015765,2,0,0.0
U015766,1,0,0.0
U015767,2,0,0.0
U015768,1,0,0.0
U015769,1,0,0.0
U015770,1,0,0.0
U015771,4,1,3443.47
U015772,5,0,0.0
U015773,1,0,0.0
U015774,2,1,1934.81
U015775,2,0,0.0
U015776,1,0,0.0
U015777,1,0,0.0
U015778,3,0,0.0
U015779,2,0,0.0
U015780,1,0,0.0
U015781,4,1,3089.65
U015782,4,0,0.0
U015783,1,0,0.0
U015784,2,0,0.0
U015785,2,0,0.0
U015786,2,0,0.0
U015787,3,0,0.0
U015788,2,0,0.0
U015789,1,1,4174.47
U015790,1,0,0.0
U015791,1,0,0.0
U015792,1,0,0.0
U015793,3,0,0.0
U015794,1,0,0.0
U015795,2,0,0.0
U015796,1,1,2600.65
U015797,3,0,0.0
U015798,3,0,0.0
U015799,1,0,0.0
U015800,1,0,0.0
U015801,2,0,0.0
U015802,2,0,0.0
U015803,4,0,0.0
U015804,4,0,0.0
U015805,3,1,1451.31
U015806,1,0,0.0
U015807,3,1,4694.39
U015808,1,0,0.0
U015809,4,0,0.0
U015810,2,1,2493.28
U015811,5,0,0.0
U015812,2,0,0.0
U015813,5,1,4223.39
U015814,3,0,0.0
U015815,5,0,0.0
U015816,1,0,0.0
U015817,2,0,0.0
U015818,1,0,0.0
U015819,4,1,1858.51
U015820,1,0,0.0
U015821,1,0,0.0
U015822,1,0,0.0
U015823,2,0,0.0
U015824,2,0,0.0
U015825,1,0,0.0
U015826,4,0,0.0
U015827,3,0,0.0
U015828,2,1,1964.51
U015829,1,0,0.0
U015830,3,1,2695.17
U015831,2,0,0.0
U015832,1,0,0.0
U015833,1,1,3207.2
U015834,3,0,0.0
U015835,1,0,0.0
U015836,1,0,0.0
U015837,1,0,0.0
U015838,4,0,0.0
U015839,3,0,0.0
U015840,2,0,0.0
U015841,1,0,0.0
U015842,5,1,1750.85
U015843,2,0,0.0
U015844,3,0,0.0
U015845,5,0,0.0
U015846,1,0,0.0
U015847,2,0,0.0
U015848,2,1,1788.77
U015849,5,0,0.0
U015850,3,1,1805.64
U015851,1,0,0.0
U015852,2,0,0.0
U015853,2,0,0.0
U015854,1,0,0.0
U015855,1,0,0.0
U015856,1,0,0.0
U015857,2,0,0.0
U015858,1,0,0.0
U015859,3,0,0.0
U015860,1,0,0.0
U015861,1,0,0.0
U015862,5,1,3886.02
U015863,1,0,0.0
U015864,4,0,0.0
U015865,5,0,0.0
U015866,5,0,0.0
U015867,1,0,0.0
U015868,5,1,6606.35
U015869,1,0,0.0
U015870,1,0,0.0
U015871,4,0,0.0
U015872,3,0,0.0
U015873,5,1,2262.62
U015874,3,1,3657.74
U015875,2,0,0.0
U015876,2,0,0.0
U015877,2,0,0.0
U015878,2,0,0.0
U015879,1,0,0.0
U015880,1,0,0.0
U015881,3,0,0.0
U015882,4,0,0.0
U015883,5,0,0.0
U015884,1,0,0.0
U015885,2,0,0.0
U015886,1,0,0.0
U015887,4,0,0.0
U015888,2,0,0.0
U015889,1,1,2176.35
U015890,2,0,0.0
U015891,1,0,0.0
U015892,2,0,0.0
U015893,2,1,2756.66
U015894,1,0,0.0
U015895,1,0,0.0
U015896,1,0,0.0
U015897,5,0,0.0
U015898,2,0,0.0
U015899,2,0,0.0
U015900,4,1,4849.54
U015901,5,1,1807.78
U015902,5,1,2500.08
U015903,4,0,0.0
U015904,5,1,5865.89
U015905,1,0,0.0
U015906,4,0,0.0
U015907,2,0,0.0
U015908,4,0,0.0
U015909,2,0,0.0
U015910,5,0,0.0
U015911,4,1,5737.42
U015912,3,1,4324.28
U015913,1,0,0.0
U015914,1,0,0.0
U015915,1,0,0.0
U015916,2,0,0.0
U015917,1,1,2655.0
U015918,4,0,0.0
U015919,2,1,4381.52
U015920,5,0,0.0
U015921,1,0,0.0
U015922,2,0,0.0
U015923,1,0,0.0
U015924,1,0,0.0
U015925,3,0,0.0
U015926,4,1,2711.22
U015927,3,0,0.0
U015928,2,0,0.0
U015929,3,0,0.0
U015930,1,0,0.0
U015931,2,1,5555.73
U015932,3,0,0.0
U015933,4,1,3316.03
U015934,3,0,0.0
U015935,2,0,0.0
U015936,1,0,0.0
U015937,3,0,0.0
U015938,2,0,0.0
U015939,2,0,0.0
U015940,1,0,0.0
U015941,3,0,0.0
U015942,2,0,0.0
U015943,2,0,0.0
U015944,1,0,0.0
U015945,3,0,0.0
U015946,2,0,0.0
U015947,2,0,0.0
U015948,2,0,0.0
U015949,4,1,1776.26
U015950,1,0,0.0
U015951,2,0,0.0
U015952,2,0,0.0
U015953,1,0,0.0
U015954,2,0,0.0
U015955,3,0,0.0
U015956,4,0,0.0
U015957,3,0,0.0
U015958,3,0,0.0
U015959,2,0,0.0
U015960,4,0,0.0
U015961,2,0,0.0
U015962,1,0,0.0
U015963,2,0,0.0
U015964,2,0,0.0
U015965,3,1,3444.72
U015966,3,0,0.0
U015967,1,0,0.0
U015968,2,0,0.0
U015969,2,0,0.0
U015970,2,0,0.0
U015971,1,0,0.0
U015972,1,0,0.0
U015973,2,0,0.0
U015974,1,0,0.0
U015975,1,1,4242.07
U015976,1,0,0.0
U015977,2,0,0.0
U015978,2,0,0.0
U015979,4,0,0.0
U015980,3,0,0.0
U015981,2,0,0.0
U015982,5,0,0.0
U015983,2,0,0.0
U015984,1,0,0.0
U015985,2,0,0.0
U015986,4,0,0.0
U015987,4,0,0.0
U015988,5,1,1606.1
U015989,2,0,0.0
U015990,5,0,0.0
U015991,2,0,0.0
U015992,3,0,0.0
U015993,2,1,2510.32
U015994,3,0,0.0
U015995,2,0,0.0
U015996,2,0,0.0
U015997,2,0,0.0
U015998,3,0,0.0
U015999,1,0,0.0
U016000,2,0,0.0
U016001,1,0,0.0
U016002,4,0,0.0
U016003,1,0,0.0
U016004,1,0,0.0
U016005,2,0,0.0
U016006,1,0,0.0
U016007,4,1,2361.75
U016008,3,0,0.0
U016009,2,0,0.0
U016010,2,0,0.0
U016011,3,1,2331.38
U016012,1,0,0.0
U016013,2,1,4852.23
U016014,2,0,0.0
U016015,4,1,4205.27
U016016,1,0,0.0
U016017,1,0,0.0
U016018,2,0,0.0
U016019,4,0,0.0
U016020,3,0,0.0
U016021,5,1,2532.21
U016022,2,0,0.0
U016023,2,0,0.0
U016024,5,1,2000.62
U016025,1,0,0.0
U016026,3,0,0.0
U016027,2,1,3304.27
U016028,2,0,0.0
U016029,1,0,0.0
U016030,2,1,2729.39
U016031,3,0,0.0
U016032,1,0,0.0
U016033,3,0,0.0
U016034,2,0,0.0
U016035,2,0,0.0
U016036,4,0,0.0
U016037,4,0,0.0
U016038,4,1,2092.03
U016039,4,0,0.0
U016040,2,0,0.0
U016041,4,0,0.0
U016042,3,1,2279.7
U016043,5,0,0.0
U016044,3,0,0.0
U016045,1,0,0.0
U016046,1,0,0.0
U016047,3,0,0.0
U016048,4,1,3584.35
U016049,3,1,2217.98
U016050,1,0,0.0
U016051,1,0,0.0
U016052,1,0,0.0
U016053,4,0,0.0
U016054,2,0,0.0
U016055,1,0,0.0
U016056,1,0,0.0
U016057,2,1,2234.4
U016058,2,0,0.0
U016059,5,0,0.0
U016060,2,0,0.0
U016061,5,1,3290.71
U016062,2,0,0.0
U016063,2,0,0.0
U016064,2,0,0.0
U016065,2,0,0.0
U016066,1,0,0.0
U016067,3,1,3740.95
U016068,3,0,0.0
U016069,2,0,0.0
U016070,2,0,0.0
U016071,1,0,0.0
U016072,2,0,0.0
U016073,2,1,4117.27
U016074,2,0,0.0
U016075,2,0,0.0
U016076,2,0,0.0
U016077,3,1,3107.08
U016078,4,1,2457.11
U016079,5,0,0.0
U016080,2,0,0.0
U016081,2,1,4392.55
U016082,2,0,0.0
U016083,4,1,2506.43
U016084,3,1,4167.16
U016085,2,1,4871.15
U016086,4,0,0.0
U016087,1,0,0.0
U016088,1,0,0.0
U016089,3,0,0.0
U016090,1,0,0.0
U016091,2,0,0.0
U016092,2,0,0.0
U016093,3,0,0.0
U016094,2,0,0.0
U016095,4,1,3930.05
U016096,4,0,0.0
U016097,3,0,0.0
U016098,3,0,0.0
U016099,5,0,0.0
U016100,2,0,0.0
U016101,3,0,0.0
U016102,4,0,0.0
U016103,3,0,0.0
U016104,3,0,0.0
U016105,1,0,0.0
U016106,3,0,0.0
U016107,2,0,0.0
U016108,2,0,0.0
U016109,3,0,0.0
U016110,2,1,3140.57
U016111,3,0,0.0
U016112,2,1,2670.22
U016113,3,0,0.0
U016114,2,1,2666.67
U016115,2,0,0.0
U016116,1,1,3489.43
U016117,2,1,1740.7
U016118,1,0,0.0
U016119,3,1,1882.69
U016120,2,0,0.0
U016121,3,0,0.0
U016122,3,0,0.0
U016123,3,0,0.0
U016124,2,0,0.0
U016125,1,0,0.0
U016126,3,0,0.0
U016127,2,1,4636.65
U016128,4,0,0.0
U016129,1,0,0.0
U016130,1,0,0.0
U016131,1,0,0.0
U016132,2,1,2112.02
U016133,3,0,0.0
U016134,2,0,0.0
U016135,1,0,0.0
U016136,3,1,4216.63
U016137,5,0,0.0
U016138,3,1,3355.92
U016139,1,0,0.0
U016140,4,0,0.0
U016141,1,1,2430.46
U016142,4,0,0.0
U016143,2,0,0.0
U016144,4,0,0.0
U016145,2,0,0.0
U016146,3,0,0.0
U016147,1,0,0.0
U016148,1,0,0.0
U016149,2,0,0.0
U016150,1,0,0.0
U016151,2,0,0.0
U016152,2,1,5980.98
U016153,2,0,0.0
U016154,2,0,0.0
U016155,1,0,0.0
U016156,1,1,2189.28
U016157,1,0,0.0
U016158,1,0,0.0
U016159,1,0,0.0
U016160,1,0,0.0
U016161,2,0,0.0
U016162,4,1,2298.7
U016163,1,0,0.0
U016164,1,0,0.0
U016165,2,0,0.0
U016166,1,1,1979.93
U016167,3,1,2967.68
U016168,2,0,0.0
U016169,2,0,0.0
U016170,2,0,0.0
U016171,3,0,0.0
U016172,1,0,0.0
U016173,3,0,0.0
U016174,4,0,0.0
U016175,2,0,0.0
U016176,1,0,0.0
U016177,2,1,3476.16
U016178,2,0,0.0
U016179,1,0,0.0
U016180,4,0,0.0
U016181,5,1,2972.94
U016182,1,0,0.0
U016183,2,0,0.0
U016184,3,0,0.0
U016185,2,0,0.0
U016186,1,0,0.0
U016187,3,0,0.0
U016188,2,0,0.0
U016189,2,0,0.0
U016190,2,0,0.0
U016191,3,0,0.0
U016192,4,0,0.0
U016193,2,0,0.0
U016194,1,0,0.0
U016195,1,0,0.0
U016196,2,0,0.0
U016197,1,0,0.0
U016198,3,1,2474.23
U016199,5,0,0.0
U016200,1,0,0.0
U016201,2,0,0.0
U016202,4,0,0.0
U016203,3,0,0.0
U016204,4,0,0.0
U016205,1,0,0.0
U016206,4,0,0.0
U016207,1,0,0.0
U016208,4,0,0.0
U016209,1,0,0.0
U016210,1,0,0.0
U016211,3,0,0.0
U016212,3,1,2207.53
U016213,1,0,0.0
U016214,3,1,3376.34
U016215,2,0,0.0
U016216,1,0,0.0
U016217,1,0,0.0
U016218,3,1,3502.61
U016219,2,1,2636.04
U016220,1,0,0.0
U016221,3,0,0.0
U016222,4,0,0.0
U016223,3,1,3595.32
U016224,2,0,0.0
U016225,3,0,0.0
U016226,5,0,0.0
U016227,2,0,0.0
U016228,2,1,4409.74
U016229,4,0,0.0
U016230,3,0,0.0
U016231,2,0,0.0
U016232,2,0,0.0
U016233,3,0,0.0
U016234,2,0,0.0
U016235,4,1,3760.91
U016236,1,0,0.0
U016237,2,0,0.0
U016238,4,1,3346.04
U016239,3,1,4696.53
U016240,1,0,0.0
U016241,2,0,0.0
U016242,3,0,0.0
U016243,1,0,0.0
U016244,2,0,0.0
U016245,2,0,0.0
U016246,1,0,0.0
U016247,1,0,0.0
U016248,2,0,0.0
U016249,2,0,0.0
U016250,4,1,3315.47
U016251,3,0,0.0
U016252,3,1,3742.35
U016253,5,0,0.0
U016254,3,0,0.0
U016255,1,0,0.0
U016256,2,0,0.0
U016257,2,0,0.0
U016258,3,0,0.0
U016259,3,0,0.0
U016260,1,0,0.0
U016261,3,0,0.0
U016262,3,1,2359.46
U016263,4,0,0.0
U016264,1,0,0.0
U016265,1,0,0.0
U016266,1,0,0.0
U016267,1,0,0.0
U016268,2,0,0.0
U016269,3,1,2440.15
U016270,2,0,0.0
U016271,1,0,0.0
U016272,1,0,0.0
U016273,1,0,0.0
U016274,2,0,0.0
U016275,2,0,0.0
U016276,3,0,0.0
U016277,2,0,0.0
U016278,2,0,0.0
U016279,4,0,0.0
U016280,2,0,0.0
U016281,3,0,0.0
U016282,1,0,0.0
U016283,5,1,2113.19
U016284,3,0,0.0
U016285,2,0,0.0
U016286,2,0,0.0
U016287,4,1,2669.56
U016288,2,1,1836.89
U016289,2,0,0.0
U016290,5,0,0.0
U016291,1,0,0.0
U016292,1,0,0.0
U016293,2,0,0.0
U016294,4,0,0.0
U016295,3,0,0.0
U016296,2,0,0.0
U016297,1,0,0.0
U016298,5,1,2817.52
U016299,2,1,2206.9
U016300,5,1,4101.33
U016301,2,1,2047.84
U016302,5,0,0.0
U016303,4,0,0.0
U016304,1,0,0.0
U016305,4,0,0.0
U016306,3,0,0.0
U016307,3,0,0.0
U016308,2,0,0.0
U016309,3,0,0.0
U016310,3,0,0.0
U016311,1,0,0.0
U016312,4,1,3751.64
U016313,1,0,0.0
U016314,4,0,0.0
U016315,4,0,0.0
U016316,2,1,4285.77
U016317,1,0,0.0
U016318,1,0,0.0
U016319,1,0,0.0
U016320,2,0,0.0
U016321,2,0,0.0
U016322,1,0,0.0
U016323,2,0,0.0
U016324,5,0,0.0
U016325,1,0,0.0
U016326,1,0,0.0
U016327,3,1,5043.49
U016328,1,0,0.0
U016329,1,0,0.0
U016330,5,0,0.0
U016331,2,0,0.0
U016332,3,1,2834.32
U016333,2,0,0.0
U016334,3,1,2140.36
U016335,3,0,0.0
U016336,3,0,0.0
U016337,2,0,0.0
U016338,2,1,2460.85
U016339,1,0,0.0
U016340,2,0,0.0
U016341,4,0,0.0
U016342,2,0,0.0
U016343,1,0,0.0
U016344,1,0,0.0
U016345,4,0,0.0
U016346,1,0,0.0
U016347,1,0,0.0
U016348,1,0,0.0
U016349,1,0,0.0
U016350,5,0,0.0
U016351,1,0,0.0
U016352,1,0,0.0
U016353,5,0,0.0
U016354,1,0,0.0
U016355,5,1,3404.19
U016356,2,0,0.0
U016357,2,0,0.0
U016358,2,0,0.0
U016359,2,0,0.0
U016360,2,0,0.0
U016361,1,0,0.0
U016362,3,1,1589.18
U016363,3,1,2930.9
U016364,2,1,3029.9
U016365,1,1,1590.99
U016366,1,0,0.0
U016367,2,1,1694.46
U016368,3,1,2767.17
U016369,3,0,0.0
U016370,3,0,0.0
U016371,2,0,0.0
U016372,3,0,0.0
U016373,2,0,0.0
U016374,1,0,0.0
U016375,1,0,0.0
U016376,4,1,4029.04
U016377,1,0,0.0
U016378,4,1,4024.73
U016379,5,0,0.0
U016380,1,0,0.0
U016381,4,1,1809.52
U016382,3,0,0.0
U016383,3,0,0.0
U016384,2,0,0.0
U016385,2,0,0.0
U016386,2,0,0.0
U016387,2,0,0.0
U016388,3,0,0.0
U016389,4,0,0.0
U016390,1,1,2883.94
U016391,1,0,0.0
U016392,4,0,0.0
U016393,4,0,0.0
U016394,1,0,0.0
U016395,1,0,0.0
U016396,3,1,2108.3
U016397,1,0,0.0
U016398,3,0,0.0
U016399,2,1,4228.22
U016400,5,1,6113.45
U016401,2,0,0.0
U016402,5,0,0.0
U016403,1,0,0.0
U016404,2,0,0.0
U016405,1,0,0.0
U016406,4,1,3109.67
U016407,3,0,0.0
U016408,4,0,0.0
U016409,1,0,0.0
U016410,2,0,0.0
U016411,4,0,0.0
U016412,5,1,4355.11
U016413,1,0,0.0
U016414,2,0,0.0
U016415,1,0,0.0
U016416,2,0,0.0
U016417,4,0,0.0
U016418,1,0,0.0
U016419,2,0,0.0
U016420,2,0,0.0
U016421,2,0,0.0
U016422,1,0,0.0
U016423,3,1,3272.04
U016424,1,0,0.0
U016425,4,0,0.0
U016426,2,0,0.0
U016427,2,0,0.0
U016428,4,1,5598.37
U016429,2,0,0.0
U016430,3,0,0.0
U016431,4,0,0.0
U016432,3,0,0.0
U016433,2,0,0.0
U016434,3,0,0.0
U016435,1,0,0.0
U016436,1,0,0.0
U016437,2,0,0.0
U016438,1,0,0.0
U016439,3,1,3861.72
U016440,2,0,0.0
U016441,5,1,2999.71
U016442,3,0,0.0
U016443,2,0,0.0
U016444,5,1,2080.8
U016445,3,0,0.0
U016446,1,0,0.0
U016447,2,0,0.0
U016448,1,0,0.0
U016449,4,1,4822.95
U016450,3,0,0.0
U016451,1,0,0.0
U016452,1,1,4051.75
U016453,2,1,2750.14
U016454,4,0,0.0
U016455,2,1,2770.19
U016456,1,0,0.0
U016457,1,0,0.0
U016458,4,0,0.0
U016459,1,0,0.0
U016460,3,1,3289.38
U016461,2,0,0.0
U016462,4,0,0.0
U016463,1,0,0.0
U016464,3,0,0.0
U016465,3,0,0.0
U016466,2,0,0.0
U016467,1,0,0.0
U016468,2,1,6187.26
U016469,1,0,0.0
U016470,5,0,0.0
U016471,2,0,0.0
U016472,3,0,0.0
U016473,4,1,1851.28
U016474,3,0,0.0
U016475,1,0,0.0
U016476,4,1,1991.94
U016477,5,1,3998.06
U016478,4,0,0.0
U016479,3,0,0.0
U016480,2,1,1914.61
U016481,5,0,0.0
U016482,5,0,0.0
U016483,3,0,0.0
U016484,1,0,0.0
U016485,1,0,0.0
U016486,2,0,0.0
U016487,1,0,0.0
U016488,1,0,0.0
U016489,1,1,2189.31
U016490,1,0,0.0
U016491,5,0,0.0
U016492,1,0,0.0
U016493,3,0,0.0
U016494,1,0,0.0
U016495,3,0,0.0
U016496,2,0,0.0
U016497,3,0,0.0
U016498,1,0,0.0
U016499,4,1,3526.9
U016500,4,0,0.0
U016501,1,0,0.0
U016502,1,0,0.0
U016503,4,0,0.0
U016504,1,0,0.0
U016505,2,0,0.0
U016506,3,0,0.0
U016507,4,0,0.0
U016508,2,1,3624.65
U016509,2,0,0.0
U016510,1,0,0.0
U016511,2,0,0.0
U016512,1,0,0.0
U016513,2,0,0.0
U016514,4,0,0.0
U016515,5,0,0.0
U016516,3,0,0.0
U016517,3,1,2557.55
U016518,2,0,0.0
U016519,1,0,0.0
U016520,2,0,0.0
U016521,2,0,0.0
U016522,1,0,0.0
U016523,4,0,0.0
U016524,3,1,2802.46
U016525,1,0,0.0
U016526,1,0,0.0
U016527,1,0,0.0
U016528,4,0,0.0
U016529,5,1,1871.99
U016530,3,0,0.0
U016531,1,0,0.0
U016532,5,1,5568.92
U016533,1,0,0.0
U016534,5,1,2000.18
U016535,5,1,1447.58
U016536,4,1,2861.85
U016537,4,1,2539.08
U016538,2,0,0.0
U016539,4,0,0.0
U016540,2,0,0.0
U016541,2,0,0.0
U016542,4,0,0.0
U016543,1,0,0.0
U016544,5,1,4377.6
U016545,3,0,0.0
U016546,5,0,0.0
U016547,2,0,0.0
U016548,1,0,0.0
U016549,1,0,0.0
U016550,2,1,2422.99
U016551,2,0,0.0
U016552,2,0,0.0
U016553,2,0,0.0
U016554,2,0,0.0
U016555,2,0,0.0
U016556,1,1,3408.8
U016557,2,0,0.0
U016558,4,0,0.0
U016559,3,0,0.0
U016560,3,0,0.0
U016561,3,0,0.0
U016562,3,0,0.0
U016563,2,0,0.0
U016564,3,1,2105.17
U016565,2,0,0.0
U016566,3,0,0.0
U016567,1,0,0.0
U016568,1,0,0.0
U016569,3,0,0.0
U016570,1,0,0.0
U016571,1,0,0.0
U016572,5,0,0.0
U016573,3,0,0.0
U016574,2,0,0.0
U016575,3,0,0.0
U016576,2,0,0.0
U016577,4,0,0.0
U016578,2,0,0.0
U016579,3,1,4535.26
U016580,5,0,0.0
U016581,2,0,0.0
U016582,4,0,0.0
U016583,2,1,3632.31
U016584,5,0,0.0
U016585,2,0,0.0
U016586,2,0,0.0
U016587,1,0,0.0
U016588,5,0,0.0
U016589,1,0,0.0
U016590,1,0,0.0
U016591,3,0,0.0
U016592,1,1,3953.75
U016593,5,0,0.0
U016594,2,1,2258.87
U016595,2,0,0.0
U016596,2,0,0.0
U016597,3,0,0.0
U016598,3,0,0.0
U016599,4,0,0.0
U016600,4,1,4352.73
U016601,4,0,0.0
U016602,2,0,0.0
U016603,1,0,0.0
U016604,4,0,0.0
U016605,4,0,0.0
U016606,3,1,4285.53
U016607,2,0,0.0
U016608,2,0,0.0
U016609,4,0,0.0
U016610,2,0,0.0
U016611,2,0,0.0
U016612,1,0,0.0
U016613,1,0,0.0
U016614,4,0,0.0
U016615,1,0,0.0
U016616,3,0,0.0
U016617,1,0,0.0
U016618,1,0,0.0
U016619,4,0,0.0
U016620,2,0,0.0
U016621,5,0,0.0
U016622,2,0,0.0
U016623,2,0,0.0
U016624,2,1,2480.72
U016625,2,1,1901.24
U016626,2,0,0.0
U016627,5,0,0.0
U016628,1,1,3494.51
U016629,3,0,0.0
U016630,2,0,0.0
U016631,4,0,0.0
U016632,3,0,0.0
U016633,1,0,0.0
U016634,2,0,0.0
U016635,3,0,0.0
U016636,1,0,0.0
U016637,3,1,3224.27
U016638,5,1,2986.91
U016639,5,1,5011.26
U016640,2,0,0.0
U016641,4,1,800.86
U016642,4,0,0.0
U016643,3,0,0.0
U016644,1,0,0.0
U016645,4,0,0.0
U016646,3,1,3917.35
U016647,2,0,0.0
U016648,2,0,0.0
U016649,2,1,1863.93
U016650,2,0,0.0
U016651,3,0,0.0
U016652,5,0,0.0
U016653,2,0,0.0
U016654,1,0,0.0
U016655,3,0,0.0
U016656,5,0,0.0
U016657,3,1,3355.64
U016658,4,1,3178.57
U016659,2,0,0.0
U016660,1,0,0.0
U016661,2,0,0.0
U016662,3,1,4147.42
U016663,2,0,0.0
U016664,2,0,0.0
U016665,2,0,0.0
U016666,3,0,0.0
U016667,1,0,0.0
U016668,1,0,0.0
U016669,2,0,0.0
U016670,1,0,0.0
U016671,1,0,0.0
U016672,1,1,3339.34
U016673,4,1,3807.19
U016674,3,1,1421.68
U016675,2,1,3871.21
U016676,2,1,1036.85
U016677,2,0,0.0
U016678,3,0,0.0
U016679,2,0,0.0
U016680,1,0,0.0
U016681,1,0,0.0
U016682,2,0,0.0
U016683,3,0,0.0
U016684,2,1,2568.66
U016685,4,0,0.0
U016686,4,0,0.0
U016687,2,0,0.0
U016688,5,1,3973.72
U016689,2,0,0.0
U016690,1,0,0.0
U016691,3,0,0.0
U016692,1,0,0.0
U016693,3,0,0.0
U016694,2,0,0.0
U016695,1,0,0.0
U016696,3,0,0.0
U016697,1,0,0.0
U016698,1,0,0.0
U016699,1,0,0.0
U016700,1,0,0.0
U016701,2,0,0.0
U016702,3,0,0.0
U016703,2,0,0.0
U016704,3,0,0.0
U016705,3,0,0.0
U016706,1,0,0.0
U016707,1,0,0.0
U016708,2,0,0.0
U016709,1,0,0.0
U016710,1,0,0.0
U016711,1,0,0.0
U016712,1,0,0.0
U016713,4,0,0.0
U016714,2,1,2739.05
U016715,4,0,0.0
U016716,2,1,3670.15
U016717,2,1,5991.47
U016718,5,0,0.0
U016719,2,0,0.0
U016720,2,0,0.0
U016721,1,0,0.0
U016722,2,0,0.0
U016723,1,0,0.0
U016724,2,0,0.0
U016725,3,1,4942.14
U016726,3,1,1877.1
U016727,1,0,0.0
U016728,3,1,1774.43
U016729,3,0,0.0
U016730,1,0,0.0
U016731,2,0,0.0
U016732,4,1,5655.12
U016733,1,0,0.0
U016734,3,0,0.0
U016735,3,0,0.0
U016736,3,0,0.0
U016737,3,1,1937.51
U016738,2,0,0.0
U016739,2,0,0.0
U016740,1,0,0.0
U016741,3,0,0.0
U016742,1,0,0.0
U016743,2,0,0.0
U016744,2,0,0.0
U016745,2,0,0.0
U016746,1,0,0.0
U016747,2,0,0.0
U016748,5,0,0.0
U016749,1,0,0.0
U016750,5,0,0.0
U016751,1,0,0.0
U016752,1,0,0.0
U016753,5,0,0.0
U016754,4,1,1866.73
U016755,2,0,0.0
U016756,1,0,0.0
U016757,4,0,0.0
U016758,3,0,0.0
U016759,3,0,0.0
U016760,3,0,0.0
U016761,2,0,0.0
U016762,3,0,0.0
U016763,1,0,0.0
U016764,3,1,3995.15
U016765,1,1,2336.86
U016766,3,0,0.0
U016767,2,0,0.0
U016768,2,0,0.0
U016769,1,0,0.0
U016770,3,0,0.0
U016771,1,1,3507.65
U016772,2,0,0.0
U016773,2,0,0.0
U016774,3,0,0.0
U016775,1,0,0.0
U016776,5,0,0.0
U016777,1,0,0.0
U016778,2,1,5800.82
U016779,3,0,0.0
U016780,4,0,0.0
U016781,4,0,0.0
U016782,1,0,0.0
U016783,5,0,0.0
U016784,1,0,0.0
U016785,4,0,0.0
U016786,2,0,0.0
U016787,3,0,0.0
U016788,5,0,0.0
U016789,1,0,0.0
U016790,2,0,0.0
U016791,3,0,0.0
U016792,3,0,0.0
U016793,4,0,0.0
U016794,5,0,0.0
U016795,1,0,0.0
U016796,1,0,0.0
U016797,3,0,0.0
U016798,3,0,0.0
U016799,2,0,0.0
U016800,4,1,4518.32
U016801,4,1,1828.43
U016802,3,0,0.0
U016803,2,0,0.0
U016804,1,0,0.0
U016805,1,0,0.0
U016806,3,1,5642.78
U016807,2,0,0.0
U016808,1,0,0.0
U016809,4,0,0.0
U016810,4,0,0.0
U016811,2,0,0.0
U016812,4,1,3490.91
U016813,3,0,0.0
U016814,2,1,2034.8
U016815,2,1,1030.1
U016816,3,0,0.0
U016817,1,0,0.0
U016818,1,0,0.0
U016819,2,0,0.0
U016820,1,0,0.0
U016821,3,0,0.0
U016822,5,0,0.0
U016823,4,0,0.0
U016824,2,0,0.0
U016825,2,0,0.0
U016826,1,0,0.0
U016827,3,0,0.0
U016828,5,1,3747.03
U016829,1,0,0.0
U016830,4,1,2448.75
U016831,3,1,3074.88
U016832,2,0,0.0
U016833,1,0,0.0
U016834,1,1,3683.71
U016835,3,0,0.0
U016836,3,0,0.0
U016837,4,1,1845.53
U016838,4,0,0.0
U016839,4,0,0.0
U016840,3,0,0.0
U016841,3,0,0.0
U016842,3,0,0.0
U016843,4,0,0.0
U016844,1,0,0.0
U016845,1,0,0.0
U016846,2,0,0.0
U016847,3,0,0.0
U016848,2,0,0.0
U016849,1,0,0.0
U016850,2,1,2291.87
U016851,1,0,0.0
U016852,2,0,0.0
U016853,3,0,0.0
U016854,1,0,0.0
U016855,4,0,0.0
U016856,2,1,1981.37
U016857,2,0,0.0
U016858,3,0,0.0
U016859,1,0,0.0
U016860,2,0,0.0
U016861,2,0,0.0
U016862,1,0,0.0
U016863,1,0,0.0
U016864,2,0,0.0
U016865,2,0,0.0
U016866,3,0,0.0
U016867,3,0,0.0
U016868,3,1,2698.05
U016869,2,0,0.0
U016870,2,0,0.0
U016871,1,0,0.0
U016872,4,1,3430.16
U016873,2,0,0.0
U016874,1,0,0.0
U016875,2,0,0.0
U016876,1,0,0.0
U016877,3,0,0.0
U016878,3,0,0.0
U016879,3,0,0.0
U016880,2,0,0.0
U016881,3,0,0.0
U016882,5,0,0.0
U016883,2,1,3285.8
U016884,1,0,0.0
U016885,1,0,0.0
U016886,2,0,0.0
U016887,1,0,0.0
U016888,2,0,0.0
U016889,5,0,0.0
U016890,2,0,0.0
U016891,2,0,0.0
U016892,2,0,0.0
U016893,2,0,0.0
U016894,4,0,0.0
U016895,1,0,0.0
U016896,4,1,3466.02
U016897,2,0,0.0
U016898,2,0,0.0
U016899,2,0,0.0
U016900,2,1,3413.01
U016901,2,0,0.0
U016902,2,0,0.0
U016903,2,0,0.0
U016904,4,0,0.0
U016905,4,0,0.0
U016906,1,0,0.0
U016907,1,0,0.0
U016908,2,0,0.0
U016909,3,0,0.0
U016910,3,0,0.0
U016911,1,0,0.0
U016912,2,0,0.0
U016913,1,1,3400.94
U016914,1,0,0.0
U016915,5,1,4225.82
U016916,1,0,0.0
U016917,3,1,3921.05
U016918,4,0,0.0
U016919,2,0,0.0
U016920,1,0,0.0
U016921,2,0,0.0
U016922,3,0,0.0
U016923,2,1,2681.56
U016924,2,0,0.0
U016925,5,1,3305.31
U016926,3,0,0.0
U016927,3,0,0.0
U016928,3,0,0.0
U016929,2,1,2851.5
U016930,2,1,4880.04
U016931,3,0,0.0
U016932,5,1,1480.25
U016933,4,1,2241.22
U016934,2,0,0.0
U016935,2,0,0.0
U016936,4,0,0.0
U016937,4,0,0.0
U016938,3,0,0.0
U016939,1,0,0.0
U016940,2,0,0.0
U016941,2,0,0.0
U016942,4,0,0.0
U016943,4,0,0.0
U016944,3,0,0.0
U016945,4,0,0.0
U016946,1,1,1740.85
U016947,3,0,0.0
U016948,2,0,0.0
U016949,3,0,0.0
U016950,1,0,0.0
U016951,2,0,0.0
U016952,3,0,0.0
U016953,1,0,0.0
U016954,2,0,0.0
U016955,2,0,0.0
U016956,1,0,0.0
U016957,3,1,1896.03
U016958,2,1,1115.28
U016959,2,0,0.0
U016960,3,1,2575.45
U016961,2,0,0.0
U016962,2,0,0.0
U016963,2,0,0.0
U016964,1,0,0.0
U016965,4,0,0.0
U016966,2,0,0.0
U016967,1,0,0.0
U016968,1,0,0.0
U016969,2,0,0.0
U016970,2,1,2201.55
U016971,3,1,2470.2
U016972,4,1,3190.69
U016973,1,0,0.0
U016974,1,0,0.0
U016975,4,0,0.0
U016976,3,0,0.0
U016977,4,0,0.0
U016978,3,0,0.0
U016979,4,0,0.0
U016980,1,0,0.0
U016981,4,0,0.0
U016982,1,0,0.0
U016983,3,0,0.0
U016984,3,0,0.0
U016985,4,0,0.0
U016986,2,0,0.0
U016987,4,0,0.0
U016988,1,0,0.0
U016989,5,1,3157.46
U016990,1,0,0.0
U016991,4,1,2639.37
U016992,1,0,0.0
U016993,2,0,0.0
U016994,2,0,0.0
U016995,1,0,0.0
U016996,2,0,0.0
U016997,1,0,0.0
U016998,3,0,0.0
U016999,1,0,0.0
U017000,2,1,2487.76
U017001,2,0,0.0
U017002,1,0,0.0
U017003,3,1,3097.92
U017004,1,0,0.0
U017005,5,1,3516.44
U017006,4,0,0.0
U017007,3,0,0.0
U017008,1,0,0.0
U017009,1,1,3476.8
U017010,4,0,0.0
U017011,3,1,5572.13
U017012,3,0,0.0
U017013,2,0,0.0
U017014,3,0,0.0
U017015,1,0,0.0
U017016,1,0,0.0
U017017,1,0,0.0
U017018,2,0,0.0
U017019,2,0,0.0
U017020,3,0,0.0
U017021,5,1,1153.85
U017022,2,0,0.0
U017023,3,1,3558.45
U017024,4,0,0.0
U017025,2,0,0.0
U017026,2,0,0.0
U017027,3,0,0.0
U017028,4,0,0.0
U017029,1,0,0.0
U017030,3,0,0.0
U017031,2,0,0.0
U017032,5,0,0.0
U017033,5,0,0.0
U017034,2,1,2578.6
U017035,3,0,0.0
U017036,2,0,0.0
U017037,3,1,2373.21
U017038,3,0,0.0
U017039,3,0,0.0
U017040,1,0,0.0
U017041,2,0,0.0
U017042,1,0,0.0
U017043,4,1,3604.15
U017044,4,1,2986.35
U017045,3,0,0.0
U017046,1,0,0.0
U017047,2,0,0.0
U017048,4,0,0.0
U017049,3,1,1745.05
U017050,1,1,2936.23
U017051,5,0,0.0
U017052,3,0,0.0
U017053,2,1,1372.91
U017054,1,0,0.0
U017055,2,0,0.0
U017056,1,0,0.0
U017057,5,0,0.0
U017058,2,0,0.0
U017059,3,1,4076.75
U017060,2,0,0.0
U017061,1,0,0.0
U017062,3,0,0.0
U017063,4,0,0.0
U017064,3,0,0.0
U017065,1,0,0.0
U017066,1,0,0.0
U017067,1,0,0.0
U017068,2,0,0.0
U017069,3,0,0.0
U017070,2,0,0.0
U017071,5,1,3869.92
U017072,3,0,0.0
U017073,1,0,0.0
U017074,4,0,0.0
U017075,4,1,3354.47
U017076,1,0,0.0
U017077,3,1,4020.17
U017078,3,1,3439.02
U017079,2,0,0.0
U017080,1,0,0.0
U017081,4,0,0.0
U017082,1,0,0.0
U017083,5,1,1794.31
U017084,1,0,0.0
U017085,1,1,8020.26
U017086,1,0,0.0
U017087,4,0,0.0
U017088,5,1,6888.43
U017089,2,0,0.0
U017090,3,0,0.0
U017091,2,0,0.0
U017092,3,0,0.0
U017093,2,0,0.0
U017094,3,0,0.0
U017095,4,0,0.0
U017096,4,0,0.0
U017097,1,0,0.0
U017098,2,0,0.0
U017099,1,0,0.0
U017100,1,0,0.0
U017101,1,0,0.0
U017102,5,1,1856.29
U017103,5,0,0.0
U017104,2,0,0.0
U017105,1,0,0.0
U017106,1,0,0.0
U017107,1,1,3096.8
U017108,1,0,0.0
U017109,3,0,0.0
U017110,2,0,0.0
U017111,3,0,0.0
U017112,3,0,0.0
U017113,3,0,0.0
U017114,2,0,0.0
U017115,4,1,3822.82
U017116,2,1,2025.64
U017117,2,0,0.0
U017118,1,0,0.0
U017119,3,0,0.0
U017120,1,0,0.0
U017121,1,0,0.0
U017122,4,0,0.0
U017123,3,0,0.0
U017124,2,0,0.0
U017125,1,0,0.0
U017126,2,0,0.0
U017127,3,1,4483.62
U017128,2,0,0.0
U017129,3,0,0.0
U017130,3,0,0.0
U017131,2,0,0.0
U017132,1,0,0.0
U017133,2,0,0.0
U017134,4,1,4120.3
U017135,4,1,4482.08
U017136,2,0,0.0
U017137,1,0,0.0
U017138,1,0,0.0
U017139,1,0,0.0
U017140,1,0,0.0
U017141,1,1,3110.8
U017142,2,0,0.0
U017143,3,1,4007.38
U017144,4,0,0.0
U017145,2,0,0.0
U017146,2,0,0.0
U017147,5,0,0.0
U017148,2,0,0.0
U017149,4,0,0.0
U017150,2,0,0.0
U017151,3,0,0.0
U017152,1,1,3552.4
U017153,4,0,0.0
U017154,5,1,1801.31
U017155,1,0,0.0
U017156,4,0,0.0
U017157,2,0,0.0
U017158,1,0,0.0
U017159,2,0,0.0
U017160,2,0,0.0
U017161,5,0,0.0
U017162,1,0,0.0
U017163,3,1,2840.72
U017164,3,1,4629.55
U017165,4,1,2237.65
U017166,1,0,0.0
U017167,1,0,0.0
U017168,3,0,0.0
U017169,1,0,0.0
U017170,1,0,0.0
U017171,1,0,0.0
U017172,3,1,2453.77
U017173,2,0,0.0
U017174,3,0,0.0
U017175,5,0,0.0
U017176,1,0,0.0
U017177,1,0,0.0
U017178,2,0,0.0
U017179,4,0,0.0
U017180,2,0,0.0
U017181,2,0,0.0
U017182,2,0,0.0
U017183,2,0,0.0
U017184,3,0,0.0
U017185,3,1,3911.48
U017186,1,0,0.0
U017187,2,1,2798.15
U017188,4,0,0.0
U017189,3,0,0.0
U017190,1,0,0.0
U017191,2,1,2379.57
U017192,2,0,0.0
U017193,3,0,0.0
U017194,2,0,0.0
U017195,1,0,0.0
U017196,2,1,2485.01
U017197,3,0,0.0
U017198,2,0,0.0
U017199,3,0,0.0
U017200,4,0,0.0
U017201,3,0,0.0
U017202,2,0,0.0
U017203,2,0,0.0
U017204,2,0,0.0
U017205,1,0,0.0
U017206,3,0,0.0
U017207,2,0,0.0
U017208,4,0,0.0
U017209,2,0,0.0
U017210,4,0,0.0
U017211,2,0,0.0
U017212,4,1,2168.03
U017213,1,0,0.0
U017214,3,0,0.0
U017215,1,0,0.0
U017216,4,0,0.0
U017217,1,0,0.0
U017218,2,0,0.0
U017219,4,1,3866.06
U017220,5,1,3047.11
U017221,4,0,0.0
U017222,1,1,2148.82
U017223,2,0,0.0
U017224,4,0,0.0
U017225,1,0,0.0
U017226,2,0,0.0
U017227,2,0,0.0
U017228,3,1,2015.04
U017229,2,1,2897.72
U017230,2,0,0.0
U017231,4,0,0.0
U017232,4,0,0.0
U017233,2,0,0.0
U017234,3,0,0.0
U017235,1,0,0.0
U017236,1,0,0.0
U017237,5,0,0.0
U017238,4,1,2733.83
U017239,3,0,0.0
U017240,1,0,0.0
U017241,4,0,0.0
U017242,2,0,0.0
U017243,2,0,0.0
U017244,2,0,0.0
U017245,3,1,1670.84
U017246,1,0,0.0
U017247,2,0,0.0
U017248,1,0,0.0
U017249,2,0,0.0
U017250,3,0,0.0
U017251,3,0,0.0
U017252,2,0,0.0
U017253,1,0,0.0
U017254,4,1,3144.17
U017255,2,0,0.0
U017256,4,1,2152.11
U017257,1,0,0.0
U017258,1,0,0.0
U017259,1,0,0.0
U017260,2,0,0.0
U017261,2,0,0.0
U017262,3,0,0.0
U017263,1,0,0.0
U017264,5,1,3298.53
U017265,2,0,0.0
U017266,3,0,0.0
U017267,1,0,0.0
U017268,2,0,0.0
U017269,2,0,0.0
U017270,2,0,0.0
U017271,4,0,0.0
U017272,2,0,0.0
U017273,1,0,0.0
U017274,2,0,0.0
U017275,3,0,0.0
U017276,2,0,0.0
U017277,1,0,0.0
U017278,5,0,0.0
U017279,2,1,5035.84
U017280,2,1,5021.22
U017281,4,0,0.0
U017282,1,0,0.0
U017283,1,0,0.0
U017284,1,0,0.0
U017285,4,0,0.0
U017286,4,0,0.0
U017287,2,1,1568.63
U017288,2,0,0.0
U017289,1,0,0.0
U017290,3,0,0.0
U017291,1,0,0.0
U017292,1,0,0.0
U017293,3,0,0.0
U017294,1,0,0.0
U017295,1,0,0.0
U017296,2,0,0.0
U017297,3,1,3818.79
U017298,2,0,0.0
U017299,1,0,0.0
U017300,3,0,0.0
U017301,4,0,0.0
U017302,4,1,2717.15
U017303,1,1,3823.28
U017304,4,0,0.0
U017305,4,0,0.0
U017306,2,0,0.0
U017307,2,1,1938.44
U017308,1,0,0.0
U017309,1,1,1823.5
U017310,2,1,2759.28
U017311,1,0,0.0
U017312,3,1,3102.13
U017313,4,0,0.0
U017314,4,0,0.0
U017315,1,0,0.0
U017316,2,1,2774.84
U017317,1,0,0.0
U017318,3,0,0.0
U017319,4,1,4199.25
U017320,4,1,4173.06
U017321,2,0,0.0
U017322,3,0,0.0
U017323,2,0,0.0
U017324,2,1,4548.24
U017325,1,0,0.0
U017326,4,0,0.0
U017327,5,0,0.0
U017328,1,0,0.0
U017329,5,0,0.0
U017330,3,0,0.0
U017331,3,0,0.0
U017332,1,0,0.0
U017333,2,0,0.0
U017334,2,0,0.0
U017335,1,0,0.0
U017336,2,0,0.0
U017337,2,0,0.0
U017338,5,1,4312.8
U017339,2,0,0.0
U017340,3,0,0.0
U017341,1,0,0.0
U017342,3,0,0.0
U017343,2,0,0.0
U017344,3,0,0.0
U017345,3,1,3368.28
U017346,2,0,0.0
U017347,3,0,0.0
U017348,2,0,0.0
U017349,2,0,0.0
U017350,1,0,0.0
U017351,1,0,0.0
U017352,1,0,0.0
U017353,2,0,0.0
U017354,1,0,0.0
U017355,5,0,0.0
U017356,1,0,0.0
U017357,1,0,0.0
U017358,1,0,0.0
U017359,1,0,0.0
U017360,2,0,0.0
U017361,3,0,0.0
U017362,2,0,0.0
U017363,4,0,0.0
U017364,2,1,3511.61
U017365,4,0,0.0
U017366,2,0,0.0
U017367,4,0,0.0
U017368,1,0,0.0
U017369,2,0,0.0
U017370,4,0,0.0
U017371,1,0,0.0
U017372,1,0,0.0
U017373,3,0,0.0
U017374,1,0,0.0
U017375,4,0,0.0
U017376,2,0,0.0
U017377,1,0,0.0
U017378,5,0,0.0
U017379,3,1,3087.15
U017380,1,0,0.0
U017381,5,0,0.0
U017382,4,0,0.0
U017383,3,0,0.0
U017384,3,0,0.0
U017385,2,1,3515.97
U017386,1,0,0.0
U017387,1,0,0.0
U017388,1,0,0.0
U017389,1,0,0.0
U017390,3,0,0.0
U017391,1,0,0.0
U017392,2,0,0.0
U017393,1,0,0.0
U017394,1,0,0.0
U017395,1,0,0.0
U017396,3,0,0.0
U017397,1,0,0.0
U017398,4,0,0.0
U017399,1,0,0.0
U017400,1,0,0.0
U017401,3,1,3057.61
U017402,4,0,0.0
U017403,2,0,0.0
U017404,2,0,0.0
U017405,4,0,0.0
U017406,2,0,0.0
U017407,4,0,0.0
U017408,4,1,2460.84
U017409,3,1,1827.1
U017410,3,0,0.0
U017411,2,0,0.0
U017412,3,0,0.0
U017413,1,1,4442.64
U017414,2,0,0.0
U017415,1,0,0.0
U017416,4,0,0.0
U017417,3,0,0.0
U017418,2,0,0.0
U017419,1,0,0.0
U017420,2,0,0.0
U017421,1,0,0.0
U017422,4,1,2824.97
U017423,5,1,2032.82
U017424,1,0,0.0
U017425,5,0,0.0
U017426,5,1,3898.8
U017427,1,0,0.0
U017428,1,0,0.0
U017429,1,0,0.0
U017430,4,0,0.0
U017431,1,0,0.0
U017432,1,0,0.0
U017433,2,0,0.0
U017434,5,1,3917.72
U017435,2,0,0.0
U017436,5,0,0.0
U017437,3,0,0.0
U017438,1,1,2021.99
U017439,2,0,0.0
U017440,1,0,0.0
U017441,2,0,0.0
U017442,3,1,4305.87
U017443,4,0,0.0
U017444,3,0,0.0
U017445,2,0,0.0
U017446,5,1,1642.45
U017447,2,0,0.0
U017448,2,1,2114.29
U017449,2,0,0.0
U017450,2,0,0.0
U017451,2,0,0.0
U017452,2,0,0.0
U017453,3,0,0.0
U017454,2,0,0.0
U017455,4,0,0.0
U017456,4,0,0.0
U017457,2,0,0.0
U017458,2,0,0.0
U017459,1,0,0.0
U017460,2,1,5088.49
U017461,4,0,0.0
U017462,3,0,0.0
U017463,1,0,0.0
U017464,2,0,0.0
U017465,3,0,0.0
U017466,1,0,0.0
U017467,1,0,0.0
U017468,1,0,0.0
U017469,2,0,0.0
U017470,1,0,0.0
U017471,1,0,0.0
U017472,3,0,0.0
U017473,3,0,0.0
U017474,1,0,0.0
U017475,1,1,5014.53
U017476,1,0,0.0
U017477,3,0,0.0
U017478,5,0,0.0
U017479,5,0,0.0
U017480,2,0,0.0
U017481,4,0,0.0
U017482,4,0,0.0
U017483,3,0,0.0
U017484,3,0,0.0
U017485,3,0,0.0
U017486,2,0,0.0
U017487,3,0,0.0
U017488,2,0,0.0
U017489,1,0,0.0
U017490,3,0,0.0
U017491,1,0,0.0
U017492,2,0,0.0
U017493,3,1,4245.6
U017494,3,1,4784.19
U017495,1,0,0.0
U017496,2,0,0.0
U017497,2,0,0.0
U017498,2,0,0.0
U017499,2,0,0.0
U017500,3,0,0.0
U017501,1,0,0.0
U017502,2,0,0.0
U017503,2,0,0.0
U017504,3,0,0.0
U017505,1,0,0.0
U017506,4,0,0.0
U017507,3,0,0.0
U017508,4,0,0.0
U017509,3,0,0.0
U017510,1,0,0.0
U017511,1,0,0.0
U017512,3,0,0.0
U017513,5,1,2089.46
U017514,5,0,0.0
U017515,2,0,0.0
U017516,3,0,0.0
U017517,5,1,2247.93
U017518,2,0,0.0
U017519,2,0,0.0
U017520,3,0,0.0
U017521,1,0,0.0
U017522,5,1,2488.23
U017523,2,0,0.0
U017524,5,1,3115.99
U017525,3,1,1627.71
U017526,1,0,0.0
U017527,3,0,0.0
U017528,3,0,0.0
U017529,2,0,0.0
U017530,3,0,0.0
U017531,4,0,0.0
U017532,4,0,0.0
U017533,5,0,0.0
U017534,2,0,0.0
U017535,3,0,0.0
U017536,1,0,0.0
U017537,1,0,0.0
U017538,4,0,0.0
U017539,3,1,7145.63
U017540,1,0,0.0
U017541,2,0,0.0
U017542,1,0,0.0
U017543,3,0,0.0
U017544,2,0,0.0
U017545,2,0,0.0
U017546,1,0,0.0
U017547,2,0,0.0
U017548,1,0,0.0
U017549,3,0,0.0
U017550,2,0,0.0
U017551,1,0,0.0
U017552,2,0,0.0
U017553,3,0,0.0
U017554,3,0,0.0
U017555,2,1,4323.37
U017556,4,0,0.0
U017557,2,0,0.0
U017558,3,0,0.0
U017559,2,1,1737.93
U017560,1,0,0.0
U017561,4,0,0.0
U017562,1,0,0.0
U017563,1,0,0.0
U017564,4,0,0.0
U017565,5,0,0.0
U017566,4,0,0.0
U017567,3,0,0.0
U017568,4,1,6438.04
U017569,3,0,0.0
U017570,2,0,0.0
U017571,1,0,0.0
U017572,2,0,0.0
U017573,1,0,0.0
U017574,2,0,0.0
U017575,3,0,0.0
U017576,2,0,0.0
U017577,2,0,0.0
U017578,2,0,0.0
U017579,3,0,0.0
U017580,5,1,4652.64
U017581,1,0,0.0
U017582,2,0,0.0
U017583,5,0,0.0
U017584,2,0,0.0
U017585,1,0,0.0
U017586,1,0,0.0
U017587,1,0,0.0
U017588,2,0,0.0
U017589,2,0,0.0
U017590,3,0,0.0
U017591,1,0,0.0
U017592,2,0,0.0
U017593,3,0,0.0
U017594,2,1,4546.89
U017595,1,0,0.0
U017596,2,0,0.0
U017597,3,0,0.0
U017598,3,0,0.0
U017599,3,0,0.0
U017600,2,0,0.0
U017601,1,0,0.0
U017602,1,0,0.0
U017603,2,0,0.0
U017604,5,0,0.0
U017605,1,0,0.0
U017606,3,0,0.0
U017607,2,0,0.0
U017608,2,0,0.0
U017609,2,0,0.0
U017610,1,0,0.0
U017611,2,0,0.0
U017612,3,0,0.0
U017613,3,0,0.0
U017614,2,0,0.0
U017615,3,0,0.0
U017616,2,0,0.0
U017617,2,0,0.0
U017618,3,0,0.0
U017619,4,0,0.0
U017620,3,0,0.0
U017621,4,0,0.0
U017622,1,0,0.0
U017623,2,0,0.0
U017624,2,0,0.0
U017625,3,0,0.0
U017626,2,0,0.0
U017627,2,0,0.0
U017628,4,0,0.0
U017629,2,0,0.0
U017630,2,1,2590.79
U017631,1,1,1780.88
U017632,3,0,0.0
U017633,1,0,0.0
U017634,3,1,1644.99
U017635,2,0,0.0
U017636,3,0,0.0
U017637,1,0,0.0
U017638,2,0,0.0
U017639,2,1,4274.1
U017640,3,0,0.0
U017641,1,0,0.0
U017642,2,0,0.0
U017643,2,0,0.0
U017644,1,0,0.0
U017645,2,0,0.0
U017646,2,0,0.0
U017647,1,0,0.0
U017648,3,0,0.0
U017649,3,1,904.64
U017650,1,0,0.0
U017651,1,1,2065.64
U017652,4,0,0.0
U017653,4,0,0.0
U017654,5,1,2822.16
U017655,4,0,0.0
U017656,1,0,0.0
U017657,5,1,4031.23
U017658,2,1,4628.17
U017659,1,0,0.0
U017660,4,0,0.0
U017661,3,0,0.0
U017662,1,0,0.0
U017663,1,0,0.0
U017664,2,0,0.0
U017665,1,0,0.0
U017666,1,0,0.0
U017667,1,0,0.0
U017668,1,0,0.0
U017669,2,0,0.0
U017670,1,0,0.0
U017671,1,0,0.0
U017672,3,0,0.0
U017673,1,0,0.0
U017674,2,1,5580.08
U017675,1,0,0.0
U017676,4,0,0.0
U017677,2,0,0.0
U017678,1,0,0.0
U017679,3,0,0.0
U017680,5,0,0.0
U017681,1,0,0.0
U017682,1,1,2213.29
U017683,1,0,0.0
U017684,3,0,0.0
U017685,3,0,0.0
U017686,4,0,0.0
U017687,4,1,4164.97
U017688,4,0,0.0
U017689,2,0,0.0
U017690,4,0,0.0
U017691,3,0,0.0
U017692,3,0,0.0
U017693,2,0,0.0
U017694,3,0,0.0
U017695,4,1,2174.41
U017696,3,0,0.0
U017697,4,0,0.0
U017698,1,0,0.0
U017699,3,1,3397.35
U017700,1,0,0.0
U017701,3,1,4221.48
U017702,4,0,0.0
U017703,2,0,0.0
U017704,2,0,0.0
U017705,3,0,0.0
U017706,4,0,0.0
U017707,3,0,0.0
U017708,2,0,0.0
U017709,4,0,0.0
U017710,2,0,0.0
U017711,1,0,0.0
U017712,2,1,3252.06
U017713,2,1,2665.8
U017714,5,0,0.0
U017715,2,0,0.0
U017716,5,0,0.0
U017717,1,0,0.0
U017718,4,0,0.0
U017719,4,0,0.0
U017720,4,0,0.0
U017721,1,0,0.0
U017722,3,0,0.0
U017723,4,0,0.0
U017724,2,0,0.0
U017725,3,0,0.0
U017726,3,0,0.0
U017727,1,0,0.0
U017728,2,0,0.0
U017729,1,0,0.0
U017730,3,1,1670.9
U017731,3,1,2755.34
U017732,3,1,4059.09
U017733,3,0,0.0
U017734,2,0,0.0
U017735,2,0,0.0
U017736,1,0,0.0
U017737,3,0,0.0
U017738,3,0,0.0
U017739,1,0,0.0
U017740,1,0,0.0
U017741,5,0,0.0
U017742,4,0,0.0
U017743,4,1,3859.06
U017744,3,0,0.0
U017745,1,0,0.0
U017746,4,1,5111.44
U017747,2,0,0.0
U017748,1,0,0.0
U017749,3,0,0.0
U017750,1,1,1729.24
U017751,1,0,0.0
U017752,2,1,5265.61
U017753,2,0,0.0
U017754,2,1,2409.27
U017755,5,0,0.0
U017756,1,0,0.0
U017757,1,0,0.0
U017758,1,0,0.0
U017759,3,0,0.0
U017760,1,0,0.0
U017761,2,0,0.0
U017762,1,0,0.0
U017763,5,1,2344.83
U017764,4,0,0.0
U017765,5,0,0.0
U017766,3,0,0.0
U017767,3,0,0.0
U017768,3,1,2481.52
U017769,3,1,1037.27
U017770,2,0,0.0
U017771,2,0,0.0
U017772,3,0,0.0
U017773,2,0,0.0
U017774,2,0,0.0
U017775,2,0,0.0
U017776,2,1,2656.48
U017777,5,1,5155.06
U017778,1,0,0.0
U017779,1,0,0.0
U017780,2,1,2841.58
U017781,1,0,0.0
U017782,2,0,0.0
U017783,1,0,0.0
U017784,2,0,0.0
U017785,3,0,0.0
U017786,3,0,0.0
U017787,5,0,0.0
U017788,2,0,0.0
U017789,2,1,3412.15
U017790,2,0,0.0
U017791,3,0,0.0
U017792,1,0,0.0
U017793,3,0,0.0
U017794,1,0,0.0
U017795,1,0,0.0
U017796,2,0,0.0
U017797,2,0,0.0
U017798,1,0,0.0
U017799,5,1,3771.95
U017800,2,0,0.0
U017801,5,1,3368.27
U017802,2,1,2424.13
U017803,1,0,0.0
U017804,3,1,2500.21
U017805,2,1,3547.65
U017806,1,0,0.0
U017807,4,0,0.0
U017808,3,1,3454.34
U017809,2,0,0.0
U017810,1,0,0.0
U017811,3,0,0.0
U017812,4,1,3155.53
U017813,2,0,0.0
U017814,2,0,0.0
U017815,2,0,0.0
U017816,2,0,0.0
U017817,1,0,0.0
U017818,4,0,0.0
U017819,5,0,0.0
U017820,1,0,0.0
U017821,1,0,0.0
U017822,2,0,0.0
U017823,2,0,0.0
U017824,4,0,0.0
U017825,1,0,0.0
U017826,1,0,0.0
U017827,1,0,0.0
U017828,2,1,1860.43
U017829,1,1,2385.96
U017830,1,0,0.0
U017831,3,1,1388.99
U017832,3,0,0.0
U017833,1,0,0.0
U017834,1,0,0.0
U017835,4,1,3145.94
U017836,3,0,0.0
U017837,1,0,0.0
U017838,1,0,0.0
U017839,2,0,0.0
U017840,2,0,0.0
U017841,2,0,0.0
U017842,1,1,3001.65
U017843,2,0,0.0
U017844,2,0,0.0
U017845,1,0,0.0
U017846,3,0,0.0
U017847,3,0,0.0
U017848,5,0,0.0
U017849,1,0,0.0
U017850,1,0,0.0
U017851,5,0,0.0
U017852,3,0,0.0
U017853,3,0,0.0
U017854,3,0,0.0
U017855,1,0,0.0
U017856,1,0,0.0
U017857,3,0,0.0
U017858,3,0,0.0
U017859,1,0,0.0
U017860,3,0,0.0
U017861,2,0,0.0
U017862,1,0,0.0
U017863,2,0,0.0
U017864,3,0,0.0
U017865,2,0,0.0
U017866,3,0,0.0
U017867,2,0,0.0
U017868,3,0,0.0
U017869,1,0,0.0
U017870,2,0,0.0
U017871,2,0,0.0
U017872,3,1,2385.07
U017873,2,0,0.0
U017874,4,0,0.0
U017875,3,0,0.0
U017876,2,0,0.0
U017877,3,0,0.0
U017878,3,0,0.0
U017879,5,0,0.0
U017880,1,0,0.0
U017881,4,1,1802.8
U017882,1,0,0.0
U017883,1,0,0.0
U017884,2,0,0.0
U017885,1,0,0.0
U017886,2,0,0.0
U017887,3,0,0.0
U017888,3,0,0.0
U017889,2,0,0.0
U017890,3,0,0.0
U017891,1,0,0.0
U017892,3,1,1543.81
U017893,3,0,0.0
U017894,4,0,0.0
U017895,2,0,0.0
U017896,1,0,0.0
U017897,3,0,0.0
U017898,2,0,0.0
U017899,2,0,0.0
U017900,4,0,0.0
U017901,3,0,0.0
U017902,4,0,0.0
U017903,2,0,0.0
U017904,1,0,0.0
U017905,3,1,2512.06
U017906,1,0,0.0
U017907,3,0,0.0
U017908,1,0,0.0
U017909,1,0,0.0
U017910,3,0,0.0
U017911,3,0,0.0
U017912,4,0,0.0
U017913,2,1,2605.33
U017914,1,0,0.0
U017915,1,0,0.0
U017916,2,0,0.0
U017917,2,0,0.0
U017918,2,1,1670.53
U017919,1,0,0.0
U017920,3,1,2422.0
U017921,2,0,0.0
U017922,1,0,0.0
U017923,1,0,0.0
U017924,3,0,0.0
U017925,4,0,0.0
U017926,1,0,0.0
U017927,1,0,0.0
U017928,2,0,0.0
U017929,1,0,0.0
U017930,4,1,4276.68
U017931,2,0,0.0
U017932,4,1,2680.34
U017933,3,1,5394.42
U017934,2,1,2439.0
U017935,1,0,0.0
U017936,4,1,4508.56
U017937,3,0,0.0
U017938,2,0,0.0
U017939,1,0,0.0
U017940,5,1,3316.31
U017941,3,1,4487.86
U017942,1,0,0.0
U017943,2,0,0.0
U017944,3,0,0.0
U017945,2,0,0.0
U017946,4,0,0.0
U017947,3,1,2726.22
U017948,3,0,0.0
U017949,1,0,0.0
U017950,3,0,0.0
U017951,1,1,3175.56
U017952,1,0,0.0
U017953,4,0,0.0
U017954,3,0,0.0
U017955,5,0,0.0
U017956,2,0,0.0
U017957,5,1,1595.3
U017958,2,0,0.0
U017959,2,0,0.0
U017960,2,1,3419.43
U017961,1,0,0.0
U017962,2,0,0.0
U017963,2,0,0.0
U017964,2,0,0.0
U017965,2,0,0.0
U017966,3,0,0.0
U017967,1,0,0.0
U017968,3,0,0.0
U017969,2,0,0.0
U017970,4,0,0.0
U017971,1,0,0.0
U017972,2,0,0.0
U017973,2,1,5682.23
U017974,3,0,0.0
U017975,4,0,0.0
U017976,2,0,0.0
U017977,3,0,0.0
U017978,1,0,0.0
U017979,1,0,0.0
U017980,3,0,0.0
U017981,3,0,0.0
U017982,1,0,0.0
U017983,5,1,5341.13
U017984,3,0,0.0
U017985,5,1,2447.76
U017986,3,1,2095.05
U017987,1,0,0.0
U017988,2,0,0.0
U017989,1,0,0.0
U017990,4,0,0.0
U017991,2,0,0.0
U017992,1,0,0.0
U017993,1,0,0.0
U017994,3,1,4019.62
U017995,1,0,0.0
U017996,2,0,0.0
U017997,5,1,4416.2
U017998,4,0,0.0
U017999,1,0,0.0
U018000,2,0,0.0
U018001,2,0,0.0
U018002,4,1,2224.68
U018003,5,1,3223.0
U018004,1,1,3446.27
U018005,2,0,0.0
U018006,5,0,0.0
U018007,1,0,0.0
U018008,2,1,2431.93
U018009,3,0,0.0
U018010,2,0,0.0
U018011,1,0,0.0
U018012,2,1,3444.27
U018013,3,0,0.0
U018014,1,0,0.0
U018015,1,0,0.0
U018016,2,1,1774.05
U018017,1,0,0.0
U018018,2,0,0.0
U018019,5,0,0.0
U018020,1,0,0.0
U018021,1,0,0.0
U018022,3,0,0.0
U018023,3,0,0.0
U018024,2,0,0.0
U018025,2,0,0.0
U018026,2,0,0.0
U018027,1,0,0.0
U018028,4,0,0.0
U018029,5,0,0.0
U018030,4,1,3261.22
U018031,5,0,0.0
U018032,2,1,4198.32
U018033,2,0,0.0
U018034,2,0,0.0
U018035,3,0,0.0
U018036,4,0,0.0
U018037,1,0,0.0
U018038,3,0,0.0
U018039,1,0,0.0
U018040,3,0,0.0
U018041,4,1,3933.41
U018042,5,0,0.0
U018043,4,0,0.0
U018044,4,0,0.0
U018045,2,0,0.0
U018046,3,0,0.0
U018047,2,0,0.0
U018048,1,0,0.0
U018049,2,0,0.0
U018050,3,0,0.0
U018051,2,0,0.0
U018052,2,0,0.0
U018053,2,0,0.0
U018054,5,0,0.0
U018055,1,0,0.0
U018056,4,1,1851.25
U018057,1,0,0.0
U018058,2,0,0.0
U018059,3,0,0.0
U018060,2,1,3830.65
U018061,2,0,0.0
U018062,4,0,0.0
U018063,1,0,0.0
U018064,1,1,1560.71
U018065,2,0,0.0
U018066,2,0,0.0
U018067,4,0,0.0
U018068,1,0,0.0
U018069,4,0,0.0
U018070,4,0,0.0
U018071,1,0,0.0
U018072,3,1,9828.63
U018073,1,1,2417.27
U018074,2,0,0.0
U018075,5,0,0.0
U018076,1,0,0.0
U018077,2,0,0.0
U018078,2,1,1664.77
U018079,1,0,0.0
U018080,3,0,0.0
U018081,3,0,0.0
U018082,5,1,2772.34
U018083,2,0,0.0
U018084,1,1,1199.61
U018085,3,0,0.0
U018086,3,0,0.0
U018087,3,0,0.0
U018088,2,0,0.0
U018089,1,0,0.0
U018090,3,0,0.0
U018091,5,1,2577.99
U018092,2,0,0.0
U018093,2,1,4631.77
U018094,3,0,0.0
U018095,1,0,0.0
U018096,2,1,3165.97
U018097,1,0,0.0
U018098,1,0,0.0
U018099,1,0,0.0
U018100,4,0,0.0
U018101,1,0,0.0
U018102,1,0,0.0
U018103,5,0,0.0
U018104,2,0,0.0
U018105,2,0,0.0
U018106,2,1,6330.16
U018107,1,0,0.0
U018108,2,0,0.0
U018109,4,0,0.0
U018110,1,0,0.0
U018111,1,0,0.0
U018112,2,0,0.0
U018113,2,0,0.0
U018114,3,0,0.0
U018115,1,0,0.0
U018116,5,1,4208.03
U018117,4,1,3525.09
U018118,5,0,0.0
U018119,4,0,0.0
U018120,1,0,0.0
U018121,4,0,0.0
U018122,1,0,0.0
U018123,2,0,0.0
U018124,2,0,0.0
U018125,4,0,0.0
U018126,5,0,0.0
U018127,3,1,5634.43
U018128,3,0,0.0
U018129,4,0,0.0
U018130,2,0,0.0
U018131,1,0,0.0
U018132,4,0,0.0
U018133,4,0,0.0
U018134,3,0,0.0
U018135,3,1,2855.31
U018136,1,0,0.0
U018137,5,0,0.0
U018138,3,0,0.0
U018139,2,0,0.0
U018140,2,0,0.0
U018141,2,1,2092.04
U018142,3,1,3881.6
U018143,5,0,0.0
U018144,4,0,0.0
U018145,1,0,0.0
U018146,1,0,0.0
U018147,4,0,0.0
U018148,4,0,0.0
U018149,2,0,0.0
U018150,1,0,0.0
U018151,2,0,0.0
U018152,1,0,0.0
U018153,4,0,0.0
U018154,2,0,0.0
U018155,3,0,0.0
U018156,3,1,4211.45
U018157,3,0,0.0
U018158,1,0,0.0
U018159,5,0,0.0
U018160,5,0,0.0
U018161,2,0,0.0
U018162,1,0,0.0
U018163,1,0,0.0
U018164,5,1,4471.51
U018165,4,0,0.0
U018166,3,1,5452.61
U018167,2,0,0.0
U018168,1,0,0.0
U018169,2,0,0.0
U018170,2,0,0.0
U018171,2,0,0.0
U018172,2,0,0.0
U018173,2,0,0.0
U018174,5,0,0.0
U018175,1,0,0.0
U018176,2,0,0.0
U018177,1,0,0.0
U018178,1,0,0.0
U018179,2,1,2785.27
U018180,1,0,0.0
U018181,4,1,4518.47
U018182,3,1,1922.11
U018183,1,0,0.0
U018184,3,1,2311.97
U018185,2,1,5970.11
U018186,2,0,0.0
U018187,3,0,0.0
U018188,1,0,0.0
U018189,3,0,0.0
U018190,2,0,0.0
U018191,1,0,0.0
U018192,1,0,0.0
U018193,2,0,0.0
U018194,4,0,0.0
U018195,4,1,1532.36
U018196,4,0,0.0
U018197,3,0,0.0
U018198,1,1,3119.28
U018199,5,1,4151.75
U018200,2,1,1425.38
U018201,1,0,0.0
U018202,1,0,0.0
U018203,4,1,3203.8
U018204,1,0,0.0
U018205,2,0,0.0
U018206,2,1,2584.32
U018207,3,0,0.0
U018208,1,0,0.0
U018209,2,0,0.0
U018210,1,0,0.0
U018211,2,1,4114.6
U018212,3,0,0.0
U018213,3,0,0.0
U018214,1,0,0.0
U018215,3,0,0.0
U018216,5,1,5265.43
U018217,2,0,0.0
U018218,4,0,0.0
U018219,1,0,0.0
U018220,2,0,0.0
U018221,1,0,0.0
U018222,2,0,0.0
U018223,3,0,0.0
U018224,2,0,0.0
U018225,3,0,0.0
U018226,2,0,0.0
U018227,1,0,0.0
U018228,2,0,0.0
U018229,2,0,0.0
U018230,2,0,0.0
U018231,2,0,0.0
U018232,1,0,0.0
U018233,4,0,0.0
U018234,3,0,0.0
U018235,4,0,0.0
U018236,1,0,0.0
U018237,2,0,0.0
U018238,2,0,0.0
U018239,5,0,0.0
U018240,1,0,0.0
U018241,1,1,2373.93
U018242,2,0,0.0
U018243,3,0,0.0
U018244,1,0,0.0
U018245,3,0,0.0
U018246,1,0,0.0
U018247,1,0,0.0
U018248,3,1,4932.86
U018249,2,0,0.0
U018250,2,0,0.0
U018251,1,0,0.0
U018252,2,0,0.0
U018253,5,0,0.0
U018254,4,1,2903.54
U018255,3,0,0.0
U018256,3,0,0.0
U018257,1,0,0.0
U018258,1,0,0.0
U018259,1,0,0.0
U018260,3,0,0.0
U018261,2,0,0.0
U018262,1,0,0.0
U018263,2,0,0.0
U018264,3,1,5235.3
U018265,1,0,0.0
U018266,1,0,0.0
U018267,5,0,0.0
U018268,1,0,0.0
U018269,1,0,0.0
U018270,1,0,0.0
U018271,3,0,0.0
U018272,1,0,0.0
U018273,3,0,0.0
U018274,4,0,0.0
U018275,2,0,0.0
U018276,2,1,5117.04
U018277,3,1,1905.18
U018278,2,0,0.0
U018279,3,0,0.0
U018280,2,0,0.0
U018281,3,0,0.0
U018282,1,0,0.0
U018283,2,0,0.0
U018284,2,0,0.0
U018285,4,1,2612.35
U018286,3,0,0.0
U018287,1,0,0.0
U018288,3,0,0.0
U018289,3,1,4578.04
U018290,2,1,2923.65
U018291,2,0,0.0
U018292,4,0,0.0
U018293,3,0,0.0
U018294,3,0,0.0
U018295,2,0,0.0
U018296,4,0,0.0
U018297,3,1,4089.52
U018298,3,0,0.0
U018299,2,1,2021.46
U018300,2,1,1788.66
U018301,2,0,0.0
U018302,2,0,0.0
U018303,2,0,0.0
U018304,2,0,0.0
U018305,1,0,0.0
U018306,3,0,0.0
U018307,3,1,3375.91
U018308,2,0,0.0
U018309,3,1,6980.64
U018310,1,0,0.0
U018311,2,0,0.0
U018312,2,0,0.0
U018313,3,0,0.0
U018314,4,1,3075.86
U018315,4,1,2137.2
U018316,2,0,0.0
U018317,2,1,6164.47
U018318,3,1,4038.64
U018319,4,0,0.0
U018320,1,0,0.0
U018321,2,0,0.0
U018322,2,0,0.0
U018323,3,0,0.0
U018324,5,0,0.0
U018325,3,0,0.0
U018326,5,0,0.0
U018327,3,0,0.0
U018328,2,0,0.0
U018329,3,0,0.0
U018330,5,1,1658.84
U018331,2,0,0.0
U018332,3,0,0.0
U018333,1,0,0.0
U018334,3,0,0.0
U018335,5,0,0.0
U018336,2,0,0.0
U018337,1,0,0.0
U018338,2,0,0.0
U018339,2,1,2739.76
U018340,2,0,0.0
U018341,2,1,3860.63
U018342,2,1,1543.18
U018343,4,0,0.0
U018344,2,0,0.0
U018345,3,0,0.0
U018346,2,0,0.0
U018347,4,0,0.0
U018348,3,0,0.0
U018349,1,0,0.0
U018350,3,0,0.0
U018351,1,0,0.0
U018352,2,0,0.0
U018353,2,0,0.0
U018354,1,0,0.0
U018355,2,0,0.0
U018356,5,0,0.0
U018357,1,0,0.0
U018358,1,0,0.0
U018359,1,0,0.0
U018360,5,0,0.0
U018361,3,1,4733.4
U018362,2,0,0.0
U018363,2,0,0.0
U018364,3,0,0.0
U018365,1,0,0.0
U018366,1,0,0.0
U018367,1,0,0.0
U018368,1,0,0.0
U018369,3,0,0.0
U018370,4,1,1835.11
U018371,2,0,0.0
U018372,1,0,0.0
U018373,1,1,2280.53
U018374,2,0,0.0
U018375,2,1,3917.3
U018376,4,1,2792.15
U018377,4,1,2659.29
U018378,2,0,0.0
U018379,4,0,0.0
U018380,4,1,2296.28
U018381,1,0,0.0
U018382,4,0,0.0
U018383,2,0,0.0
U018384,4,0,0.0
U018385,3,1,2051.44
U018386,4,0,0.0
U018387,2,1,3491.13
U018388,2,1,2111.8
U018389,4,1,3583.66
U018390,2,0,0.0
U018391,3,0,0.0
U018392,2,0,0.0
U018393,1,0,0.0
U018394,3,0,0.0
U018395,1,0,0.0
U018396,2,0,0.0
U018397,1,0,0.0
U018398,4,0,0.0
U018399,1,0,0.0
U018400,4,0,0.0
U018401,1,0,0.0
U018402,5,0,0.0
U018403,3,1,2067.51
U018404,3,1,10142.8
U018405,2,0,0.0
U018406,1,0,0.0
U018407,1,0,0.0
U018408,4,0,0.0
U018409,1,0,0.0
U018410,3,0,0.0
U018411,1,0,0.0
U018412,2,0,0.0
U018413,1,0,0.0
U018414,2,0,0.0
U018415,4,0,0.0
U018416,2,0,0.0
U018417,3,0,0.0
U018418,3,0,0.0
U018419,2,0,0.0
U018420,1,0,0.0
U018421,1,0,0.0
U018422,2,0,0.0
U018423,1,0,0.0
U018424,3,0,0.0
U018425,5,0,0.0
U018426,2,0,0.0
U018427,3,0,0.0
U018428,2,0,0.0
U018429,1,1,4202.23
U018430,1,0,0.0
U018431,2,0,0.0
U018432,3,0,0.0
U018433,3,0,0.0
U018434,5,0,0.0
U018435,2,0,0.0
U018436,1,0,0.0
U018437,1,0,0.0
U018438,1,0,0.0
U018439,2,0,0.0
U018440,2,0,0.0
U018441,5,0,0.0
U018442,2,1,2000.03
U018443,1,0,0.0
U018444,3,0,0.0
U018445,3,0,0.0
U018446,1,0,0.0
U018447,2,0,0.0
U018448,2,0,0.0
U018449,1,0,0.0
U018450,1,1,3792.37
U018451,1,0,0.0
U018452,1,0,0.0
U018453,2,0,0.0
U018454,4,0,0.0
U018455,1,0,0.0
U018456,1,0,0.0
U018457,5,1,4177.32
U018458,3,0,0.0
U018459,4,1,5029.04
U018460,3,1,2161.67
U018461,4,0,0.0
U018462,2,0,0.0
U018463,2,0,0.0
U018464,4,0,0.0
U018465,3,1,3136.4
U018466,2,0,0.0
U018467,5,1,4797.02
U018468,5,0,0.0
U018469,2,0,0.0
U018470,4,0,0.0
U018471,3,0,0.0
U018472,4,1,2971.15
U018473,4,0,0.0
U018474,1,0,0.0
U018475,3,0,0.0
U018476,2,0,0.0
U018477,5,0,0.0
U018478,1,0,0.0
U018479,3,1,1555.71
U018480,3,0,0.0
U018481,5,0,0.0
U018482,3,0,0.0
U018483,2,0,0.0
U018484,2,1,6827.56
U018485,1,0,0.0
U018486,1,0,0.0
U018487,4,1,2639.19
U018488,4,1,7414.77
U018489,4,0,0.0
U018490,2,1,2321.36
U018491,4,0,0.0
U018492,2,0,0.0
U018493,4,0,0.0
U018494,2,0,0.0
U018495,1,0,0.0
U018496,3,0,0.0
U018497,1,0,0.0
U018498,4,0,0.0
U018499,1,0,0.0
U018500,2,0,0.0
U018501,1,0,0.0
U018502,3,1,2002.91
U018503,3,1,4410.16
U018504,2,0,0.0
U018505,1,0,0.0
U018506,3,0,0.0
U018507,2,0,0.0
U018508,2,0,0.0
U018509,2,0,0.0
U018510,3,0,0.0
U018511,2,0,0.0
U018512,2,1,2195.83
U018513,1,0,0.0
U018514,1,0,0.0
U018515,4,0,0.0
U018516,3,0,0.0
U018517,3,0,0.0
U018518,4,1,3293.18
U018519,3,0,0.0
U018520,2,0,0.0
U018521,1,0,0.0
U018522,5,0,0.0
U018523,1,0,0.0
U018524,1,0,0.0
U018525,2,0,0.0
U018526,2,0,0.0
U018527,2,0,0.0
U018528,2,0,0.0
U018529,1,0,0.0
U018530,1,0,0.0
U018531,1,0,0.0
U018532,2,0,0.0
U018533,3,0,0.0
U018534,3,0,0.0
U018535,4,0,0.0
U018536,2,0,0.0
U018537,2,1,2648.95
U018538,4,1,1745.83
U018539,1,1,3269.5
U018540,4,1,3096.63
U018541,2,0,0.0
U018542,3,1,2952.53
U018543,1,0,0.0
U018544,4,1,2457.83
U018545,4,1,2334.85
U018546,2,0,0.0
U018547,3,0,0.0
U018548,2,0,0.0
U018549,2,0,0.0
U018550,3,0,0.0
U018551,2,1,6551.64
U018552,1,0,0.0
U018553,2,0,0.0
U018554,1,0,0.0
U018555,2,0,0.0
U018556,1,0,0.0
U018557,1,1,3986.06
U018558,3,0,0.0
U018559,2,0,0.0
U018560,1,0,0.0
U018561,3,0,0.0
U018562,3,0,0.0
U018563,1,0,0.0
U018564,1,0,0.0
U018565,1,0,0.0
U018566,1,0,0.0
U018567,1,0,0.0
U018568,4,0,0.0
U018569,1,0,0.0
U018570,4,1,2745.68
U018571,3,0,0.0
U018572,1,0,0.0
U018573,2,1,4313.1
U018574,2,0,0.0
U018575,1,0,0.0
U018576,1,1,3879.66
U018577,4,0,0.0
U018578,3,1,2330.27
U018579,3,0,0.0
U018580,3,0,0.0
U018581,4,0,0.0
U018582,2,0,0.0
U018583,2,0,0.0
U018584,1,0,0.0
U018585,2,0,0.0
U018586,1,0,0.0
U018587,2,1,4815.05
U018588,4,0,0.0
U018589,2,0,0.0
U018590,3,0,0.0
U018591,1,0,0.0
U018592,4,1,10062.33
U018593,4,0,0.0
U018594,3,0,0.0
U018595,3,0,0.0
U018596,1,1,3873.02
U018597,4,0,0.0
U018598,2,0,0.0
U018599,1,0,0.0
U018600,2,0,0.0
U018601,2,0,0.0
U018602,1,0,0.0
U018603,5,0,0.0
U018604,2,0,0.0
U018605,4,0,0.0
U018606,2,0,0.0
U018607,1,0,0.0
U018608,1,0,0.0
U018609,4,0,0.0
U018610,1,0,0.0
U018611,1,0,0.0
U018612,4,0,0.0
U018613,2,1,5201.17
U018614,4,0,0.0
U018615,3,0,0.0
U018616,1,1,2339.03
U018617,5,0,0.0
U018618,2,0,0.0
U018619,3,0,0.0
U018620,1,0,0.0
U018621,2,0,0.0
U018622,4,0,0.0
U018623,3,0,0.0
U018624,3,0,0.0
U018625,4,0,0.0
U018626,2,0,0.0
U018627,2,0,0.0
U018628,3,1,2043.3
U018629,1,0,0.0
U018630,3,0,0.0
U018631,2,0,0.0
U018632,1,1,5569.26
U018633,3,0,0.0
U018634,2,0,0.0
U018635,3,1,1496.56
U018636,3,1,2387.79
U018637,1,0,0.0
U018638,1,1,1796.59
U018639,2,0,0.0
U018640,1,1,2924.28
U018641,2,0,0.0
U018642,4,1,3392.31
U018643,1,0,0.0
U018644,3,0,0.0
U018645,1,0,0.0
U018646,2,0,0.0
U018647,2,0,0.0
U018648,1,0,0.0
U018649,2,0,0.0
U018650,2,0,0.0
U018651,3,0,0.0
U018652,4,0,0.0
U018653,2,0,0.0
U018654,1,0,0.0
U018655,1,0,0.0
U018656,2,1,3206.85
U018657,2,0,0.0
U018658,3,0,0.0
U018659,4,0,0.0
U018660,3,0,0.0
U018661,3,1,1670.27
U018662,4,0,0.0
U018663,2,0,0.0
U018664,4,0,0.0
U018665,4,1,4196.62
U018666,1,0,0.0
U018667,3,0,0.0
U018668,4,0,0.0
U018669,2,0,0.0
U018670,1,0,0.0
U018671,1,0,0.0
U018672,1,0,0.0
U018673,3,0,0.0
U018674,4,0,0.0
U018675,1,0,0.0
U018676,1,0,0.0
U018677,3,0,0.0
U018678,4,0,0.0
U018679,2,0,0.0
U018680,2,0,0.0
U018681,5,1,2091.98
U018682,2,0,0.0
U018683,1,0,0.0
U018684,1,0,0.0
U018685,5,0,0.0
U018686,3,0,0.0
U018687,2,0,0.0
U018688,2,0,0.0
U018689,2,0,0.0
U018690,1,0,0.0
U018691,4,0,0.0
U018692,1,0,0.0
U018693,2,0,0.0
U018694,1,0,0.0
U018695,1,0,0.0
U018696,1,1,2318.75
U018697,1,0,0.0
U018698,2,0,0.0
U018699,5,1,4928.28
U018700,3,1,2087.55
U018701,2,0,0.0
U018702,1,0,0.0
U018703,2,0,0.0
U018704,2,0,0.0
U018705,1,0,0.0
U018706,1,0,0.0
U018707,2,0,0.0
U018708,1,0,0.0
U018709,5,0,0.0
U018710,2,0,0.0
U018711,5,0,0.0
U018712,3,0,0.0
U018713,2,0,0.0
U018714,1,0,0.0
U018715,1,0,0.0
U018716,2,1,1830.49
U018717,1,0,0.0
U018718,5,1,2300.76
U018719,3,0,0.0
U018720,3,0,0.0
U018721,2,0,0.0
U018722,3,0,0.0
U018723,2,0,0.0
U018724,1,0,0.0
U018725,1,0,0.0
U018726,3,0,0.0
U018727,3,1,4905.25
U018728,5,0,0.0
U018729,4,0,0.0
U018730,3,0,0.0
U018731,3,0,0.0
U018732,2,0,0.0
U018733,5,0,0.0
U018734,2,0,0.0
U018735,3,0,0.0
U018736,4,0,0.0
U018737,5,0,0.0
U018738,2,0,0.0
U018739,1,0,0.0
U018740,3,0,0.0
U018741,4,0,0.0
U018742,2,0,0.0
U018743,3,1,2335.06
U018744,4,0,0.0
U018745,2,1,3066.17
U018746,3,0,0.0
U018747,4,1,3390.32
U018748,3,0,0.0
U018749,2,0,0.0
U018750,1,0,0.0
U018751,5,0,0.0
U018752,4,0,0.0
U018753,4,1,2278.19
U018754,2,1,1968.94
U018755,2,0,0.0
U018756,2,0,0.0
U018757,2,0,0.0
U018758,1,0,0.0
U018759,5,1,3717.29
U018760,4,1,1994.69
U018761,4,0,0.0
U018762,2,0,0.0
U018763,4,0,0.0
U018764,2,0,0.0
U018765,1,0,0.0
U018766,3,0,0.0
U018767,2,0,0.0
U018768,1,0,0.0
U018769,5,1,2091.65
U018770,1,0,0.0
U018771,3,0,0.0
U018772,2,0,0.0
U018773,1,1,3214.25
U018774,1,0,0.0
U018775,1,0,0.0
U018776,2,0,0.0
U018777,2,0,0.0
U018778,4,0,0.0
U018779,2,0,0.0
U018780,3,1,2803.29
U018781,1,0,0.0
U018782,5,1,1625.67
U018783,3,0,0.0
U018784,2,0,0.0
U018785,2,0,0.0
U018786,1,0,0.0
U018787,5,1,2521.21
U018788,1,0,0.0
U018789,3,0,0.0
U018790,4,1,4167.77
U018791,1,0,0.0
U018792,2,0,0.0
U018793,1,0,0.0
U018794,3,0,0.0
U018795,2,0,0.0
U018796,1,0,0.0
U018797,2,0,0.0
U018798,1,0,0.0
U018799,3,0,0.0
U018800,5,0,0.0
U018801,2,0,0.0
U018802,2,0,0.0
U018803,1,0,0.0
U018804,2,0,0.0
U018805,3,0,0.0
U018806,3,0,0.0
U018807,1,0,0.0
U018808,2,0,0.0
U018809,1,0,0.0
U018810,2,0,0.0
U018811,4,0,0.0
U018812,2,0,0.0
U018813,1,0,0.0
U018814,2,0,0.0
U018815,2,0,0.0
U018816,4,0,0.0
U018817,1,0,0.0
U018818,1,0,0.0
U018819,2,0,0.0
U018820,3,0,0.0
U018821,1,0,0.0
U018822,1,0,0.0
U018823,5,0,0.0
U018824,4,0,0.0
U018825,3,0,0.0
U018826,3,0,0.0
U018827,2,0,0.0
U018828,1,0,0.0
U018829,2,0,0.0
U018830,4,1,5094.53
U018831,3,0,0.0
U018832,1,0,0.0
U018833,2,0,0.0
U018834,1,0,0.0
U018835,2,0,0.0
U018836,1,0,0.0
U018837,1,0,0.0
U018838,2,0,0.0
U018839,1,0,0.0
U018840,5,0,0.0
U018841,2,0,0.0
U018842,2,1,3210.32
U018843,5,0,0.0
U018844,2,0,0.0
U018845,2,0,0.0
U018846,4,0,0.0
U018847,4,0,0.0
U018848,3,0,0.0
U018849,5,1,4516.03
U018850,3,0,0.0
U018851,4,0,0.0
U018852,2,0,0.0
U018853,4,1,3695.98
U018854,1,0,0.0
U018855,5,1,2383.11
U018856,3,1,2601.02
U018857,2,1,4059.14
U018858,2,0,0.0
U018859,2,0,0.0
U018860,4,0,0.0
U018861,2,0,0.0
U018862,2,0,0.0
U018863,1,0,0.0
U018864,2,0,0.0
U018865,3,1,3945.48
U018866,1,0,0.0
U018867,4,0,0.0
U018868,1,0,0.0
U018869,3,1,2139.2
U018870,2,0,0.0
U018871,3,0,0.0
U018872,1,0,0.0
U018873,3,0,0.0
U018874,2,0,0.0
U018875,2,0,0.0
U018876,2,1,3693.56
U018877,2,1,2449.19
U018878,5,1,2361.32
U018879,2,0,0.0
U018880,2,0,0.0
U018881,2,0,0.0
U018882,2,0,0.0
U018883,3,0,0.0
U018884,2,0,0.0
U018885,3,0,0.0
U018886,1,0,0.0
U018887,5,1,4188.97
U018888,2,1,3301.31
U018889,5,0,0.0
U018890,4,0,0.0
U018891,2,0,0.0
U018892,5,0,0.0
U018893,1,0,0.0
U018894,4,0,0.0
U018895,1,0,0.0
U018896,1,1,3514.17
U018897,1,0,0.0
U018898,1,0,0.0
U018899,4,0,0.0
U018900,4,0,0.0
U018901,3,0,0.0
U018902,2,0,0.0
U018903,5,0,0.0
U018904,5,0,0.0
U018905,4,1,1288.38
U018906,5,0,0.0
U018907,2,0,0.0
U018908,3,0,0.0
U018909,2,0,0.0
U018910,2,0,0.0
U018911,4,0,0.0
U018912,2,0,0.0
U018913,2,0,0.0
U018914,1,0,0.0
U018915,2,0,0.0
U018916,2,0,0.0
U018917,3,1,2328.26
U018918,2,0,0.0
U018919,2,0,0.0
U018920,3,0,0.0
U018921,1,0,0.0
U018922,1,0,0.0
U018923,1,0,0.0
U018924,1,0,0.0
U018925,5,0,0.0
U018926,1,0,0.0
U018927,1,1,2509.44
U018928,4,0,0.0
U018929,1,0,0.0
U018930,4,0,0.0
U018931,2,0,0.0
U018932,3,0,0.0
U018933,4,0,0.0
U018934,2,0,0.0
U018935,3,0,0.0
U018936,3,0,0.0
U018937,1,0,0.0
U018938,2,0,0.0
U018939,2,1,8481.38
U018940,1,0,0.0
U018941,1,0,0.0
U018942,3,0,0.0
U018943,4,0,0.0
U018944,1,0,0.0
U018945,2,0,0.0
U018946,3,0,0.0
U018947,2,0,0.0
U018948,4,0,0.0
U018949,3,1,3214.15
U018950,1,0,0.0
U018951,1,0,0.0
U018952,2,0,0.0
U018953,4,0,0.0
U018954,1,0,0.0
U018955,5,1,4566.35
U018956,4,1,1843.24
U018957,3,0,0.0
U018958,1,0,0.0
U018959,1,0,0.0
U018960,5,0,0.0
U018961,4,0,0.0
U018962,1,0,0.0
U018963,4,0,0.0
U018964,3,0,0.0
U018965,2,1,1792.15
U018966,2,0,0.0
U018967,1,0,0.0
U018968,2,1,1460.73
U018969,4,1,2768.45
U018970,4,0,0.0
U018971,5,1,1557.82
U018972,1,0,0.0
U018973,2,1,2269.85
U018974,2,1,2705.7
U018975,1,1,1134.91
U018976,2,0,0.0
U018977,2,0,0.0
U018978,3,0,0.0
U018979,2,0,0.0
U018980,4,0,0.0
U018981,3,0,0.0
U018982,3,0,0.0
U018983,1,0,0.0
U018984,4,0,0.0
U018985,1,0,0.0
U018986,1,0,0.0
U018987,1,0,0.0
U018988,1,0,0.0
U018989,5,0,0.0
U018990,4,1,1592.6
U018991,5,0,0.0
U018992,1,0,0.0
U018993,2,0,0.0
U018994,3,0,0.0
U018995,3,0,0.0
U018996,4,0,0.0
U018997,1,0,0.0
U018998,3,0,0.0
U018999,2,0,0.0
U019000,4,0,0.0
U019001,3,0,0.0
U019002,5,1,4527.55
U019003,3,0,0.0
U019004,1,0,0.0
U019005,3,0,0.0
U019006,2,0,0.0
U019007,4,0,0.0
U019008,1,0,0.0
U019009,3,0,0.0
U019010,2,0,0.0
U019011,1,0,0.0
U019012,2,0,0.0
U019013,2,0,0.0
U019014,1,0,0.0
U019015,2,0,0.0
U019016,1,0,0.0
U019017,2,0,0.0
U019018,1,0,0.0
U019019,1,0,0.0
U019020,3,0,0.0
U019021,2,0,0.0
U019022,1,0,0.0
U019023,3,0,0.0
U019024,2,0,0.0
U019025,1,0,0.0
U019026,2,1,2151.39
U019027,1,0,0.0
U019028,2,0,0.0
U019029,2,0,0.0
U019030,2,0,0.0
U019031,3,1,2443.53
U019032,1,0,0.0
U019033,2,0,0.0
U019034,5,0,0.0
U019035,2,0,0.0
U019036,4,1,3332.35
U019037,2,1,1876.78
U019038,1,0,0.0
U019039,2,0,0.0
U019040,1,0,0.0
U019041,3,0,0.0
U019042,3,1,3973.28
U019043,3,1,7092.97
U019044,1,0,0.0
U019045,1,0,0.0
U019046,4,1,2891.57
U019047,1,1,2349.45
U019048,1,0,0.0
U019049,3,0,0.0
U019050,1,0,0.0
U019051,1,0,0.0
U019052,4,1,4166.0
U019053,2,0,0.0
U019054,1,0,0.0
U019055,3,1,6195.69
U019056,2,0,0.0
U019057,1,0,0.0
U019058,4,1,6370.55
U019059,2,0,0.0
U019060,4,0,0.0
U019061,2,1,4331.34
U019062,4,0,0.0
U019063,2,0,0.0
U019064,3,0,0.0
U019065,2,1,2706.04
U019066,1,0,0.0
U019067,3,0,0.0
U019068,2,0,0.0
U019069,2,0,0.0
U019070,3,1,1553.48
U019071,3,0,0.0
U019072,1,0,0.0
U019073,3,0,0.0
U019074,2,1,3875.7
U019075,1,0,0.0
U019076,1,0,0.0
U019077,1,0,0.0
U019078,1,0,0.0
U019079,1,0,0.0
U019080,5,1,2187.52
U019081,3,0,0.0
U019082,4,0,0.0
U019083,3,1,1783.65
U019084,5,1,1939.98
U019085,3,1,4356.53
U019086,2,0,0.0
U019087,1,0,0.0
U019088,2,0,0.0
U019089,2,0,0.0
U019090,1,0,0.0
U019091,1,0,0.0
U019092,3,1,1627.09
U019093,2,1,4788.84
U019094,2,0,0.0
U019095,4,0,0.0
U019096,2,0,0.0
U019097,4,0,0.0
U019098,3,1,1738.8
U019099,1,0,0.0
U019100,1,0,0.0
U019101,1,0,0.0
U019102,1,0,0.0
U019103,2,0,0.0
U019104,4,0,0.0
U019105,1,0,0.0
U019106,1,0,0.0
U019107,1,0,0.0
U019108,3,0,0.0
U019109,5,0,0.0
U019110,1,0,0.0
U019111,3,0,0.0
U019112,3,0,0.0
U019113,1,0,0.0
U019114,5,1,4233.11
U019115,3,0,0.0
U019116,3,0,0.0
U019117,1,0,0.0
U019118,1,1,4053.57
U019119,3,0,0.0
U019120,1,0,0.0
U019121,1,0,0.0
U019122,2,0,0.0
U019123,1,0,0.0
U019124,2,1,2834.72
U019125,3,0,0.0
U019126,3,0,0.0
U019127,2,0,0.0
U019128,4,0,0.0
U019129,4,0,0.0
U019130,2,1,2688.29
U019131,2,0,0.0
U019132,2,0,0.0
U019133,3,0,0.0
U019134,2,0,0.0
U019135,3,0,0.0
U019136,3,0,0.0
U019137,5,0,0.0
U019138,2,0,0.0
U019139,4,0,0.0
U019140,1,0,0.0
U019141,2,0,0.0
U019142,2,0,0.0
U019143,2,0,0.0
U019144,1,0,0.0
U019145,2,0,0.0
U019146,5,1,3730.49
U019147,4,1,2374.91
U019148,4,1,3094.69
U019149,2,0,0.0
U019150,1,0,0.0
U019151,2,0,0.0
U019152,5,1,8260.03
U019153,1,0,0.0
U019154,3,0,0.0
U019155,2,0,0.0
U019156,2,0,0.0
U019157,1,0,0.0
U019158,2,1,2210.84
U019159,5,1,2572.48
U019160,1,1,6257.76
U019161,1,0,0.0
U019162,1,1,1889.56
U019163,2,0,0.0
U019164,4,0,0.0
U019165,1,1,3540.82
U019166,3,0,0.0
U019167,2,0,0.0
U019168,1,0,0.0
U019169,3,0,0.0
U019170,1,0,0.0
U019171,1,0,0.0
U019172,2,0,0.0
U019173,4,0,0.0
U019174,4,0,0.0
U019175,2,0,0.0
U019176,3,0,0.0
U019177,4,0,0.0
U019178,4,0,0.0
U019179,1,0,0.0
U019180,3,1,2423.34
U019181,3,1,2082.28
U019182,1,0,0.0
U019183,2,1,3873.82
U019184,5,0,0.0
U019185,2,0,0.0
U019186,3,0,0.0
U019187,4,0,0.0
U019188,2,0,0.0
U019189,3,0,0.0
U019190,1,0,0.0
U019191,4,0,0.0
U019192,4,0,0.0
U019193,4,0,0.0
U019194,2,0,0.0
U019195,5,0,0.0
U019196,1,0,0.0
U019197,3,0,0.0
U019198,2,0,0.0
U019199,1,0,0.0
U019200,2,1,2754.01
U019201,2,0,0.0
U019202,1,0,0.0
U019203,3,1,2311.39
U019204,1,0,0.0
U019205,4,0,0.0
U019206,1,0,0.0
U019207,3,0,0.0
U019208,1,0,0.0
U019209,1,0,0.0
U019210,2,0,0.0
U019211,1,0,0.0
U019212,1,0,0.0
U019213,3,0,0.0
U019214,2,0,0.0
U019215,2,1,6257.48
U019216,2,0,0.0
U019217,3,1,3425.04
U019218,4,0,0.0
U019219,1,0,0.0
U019220,1,0,0.0
U019221,4,1,5534.76
U019222,1,0,0.0
U019223,2,0,0.0
U019224,2,0,0.0
U019225,2,0,0.0
U019226,2,0,0.0
U019227,3,1,2415.27
U019228,2,1,4936.67
U019229,3,0,0.0
U019230,3,1,2272.83
U019231,2,0,0.0
U019232,4,0,0.0
U019233,3,0,0.0
U019234,2,0,0.0
U019235,4,0,0.0
U019236,1,0,0.0
U019237,2,0,0.0
U019238,3,0,0.0
U019239,2,0,0.0
U019240,1,0,0.0
U019241,2,0,0.0
U019242,2,0,0.0
U019243,2,0,0.0
U019244,2,0,0.0
U019245,3,0,0.0
U019246,3,0,0.0
U019247,3,0,0.0
U019248,2,0,0.0
U019249,1,0,0.0
U019250,3,1,2603.45
U019251,2,0,0.0
U019252,1,0,0.0
U019253,1,0,0.0
U019254,1,0,0.0
U019255,1,0,0.0
U019256,1,0,0.0
U019257,2,0,0.0
U019258,4,0,0.0
U019259,5,0,0.0
U019260,1,0,0.0
U019261,3,0,0.0
U019262,1,0,0.0
U019263,3,0,0.0
U019264,1,0,0.0
U019265,3,0,0.0
U019266,4,0,0.0
U019267,3,0,0.0
U019268,4,0,0.0
U019269,3,0,0.0
U019270,2,1,4169.54
U019271,1,0,0.0
U019272,1,0,0.0
U019273,2,1,3683.62
U019274,1,0,0.0
U019275,2,0,0.0
U019276,4,1,2031.08
U019277,1,0,0.0
U019278,2,1,1812.01
U019279,4,0,0.0
U019280,1,0,0.0
U019281,2,0,0.0
U019282,3,0,0.0
U019283,1,0,0.0
U019284,2,0,0.0
U019285,3,0,0.0
U019286,2,0,0.0
U019287,2,0,0.0
U019288,1,0,0.0
U019289,2,0,0.0
U019290,1,0,0.0
U019291,1,0,0.0
U019292,2,0,0.0
U019293,3,0,0.0
U019294,3,0,0.0
U019295,3,0,0.0
U019296,4,1,2762.42
U019297,2,0,0.0
U019298,2,0,0.0
U019299,2,0,0.0
U019300,3,0,0.0
U019301,2,0,0.0
U019302,1,0,0.0
U019303,3,0,0.0
U019304,5,0,0.0
U019305,4,0,0.0
U019306,2,1,5674.22
U019307,2,0,0.0
U019308,4,0,0.0
U019309,1,0,0.0
U019310,4,0,0.0
U019311,1,0,0.0
U019312,3,0,0.0
U019313,4,1,3791.94
U019314,1,0,0.0
U019315,4,0,0.0
U019316,2,0,0.0
U019317,1,0,0.0
U019318,3,0,0.0
U019319,2,0,0.0
U019320,3,0,0.0
U019321,3,0,0.0
U019322,1,0,0.0
U019323,2,1,2508.74
U019324,4,0,0.0
U019325,2,0,0.0
U019326,2,0,0.0
U019327,1,0,0.0
U019328,2,1,5227.85
U019329,2,0,0.0
U019330,3,0,0.0
U019331,1,0,0.0
U019332,2,0,0.0
U019333,1,0,0.0
U019334,2,0,0.0
U019335,5,1,2459.05
U019336,2,0,0.0
U019337,3,1,4529.48
U019338,4,0,0.0
U019339,1,0,0.0
U019340,1,0,0.0
U019341,1,0,0.0
U019342,1,0,0.0
U019343,3,0,0.0
U019344,1,0,0.0
U019345,1,0,0.0
U019346,1,0,0.0
U019347,2,0,0.0
U019348,2,0,0.0
U019349,4,0,0.0
U019350,4,0,0.0
U019351,2,0,0.0
U019352,4,0,0.0
U019353,4,0,0.0
U019354,4,0,0.0
U019355,3,0,0.0
U019356,2,0,0.0
U019357,1,0,0.0
U019358,2,1,9240.97
U019359,2,0,0.0
U019360,5,0,0.0
U019361,2,0,0.0
U019362,1,1,2366.61
U019363,1,1,1729.02
U019364,2,0,0.0
U019365,2,0,0.0
U019366,1,0,0.0
U019367,2,0,0.0
U019368,1,0,0.0
U019369,4,0,0.0
U019370,4,0,0.0
U019371,5,1,2080.76
U019372,2,0,0.0
U019373,1,0,0.0
U019374,3,0,0.0
U019375,2,1,4720.3
U019376,1,0,0.0
U019377,2,0,0.0
U019378,2,0,0.0
U019379,3,1,3354.05
U019380,2,0,0.0
U019381,1,0,0.0
U019382,3,1,3319.99
U019383,2,0,0.0
U019384,1,0,0.0
U019385,3,0,0.0
U019386,1,0,0.0
U019387,3,0,0.0
U019388,5,0,0.0
U019389,2,0,0.0
U019390,4,0,0.0
U019391,5,1,8020.47
U019392,3,0,0.0
U019393,3,0,0.0
U019394,1,0,0.0
U019395,3,0,0.0
U019396,5,0,0.0
U019397,3,0,0.0
U019398,1,0,0.0
U019399,1,0,0.0
U019400,2,1,5956.71
U019401,5,0,0.0
U019402,3,0,0.0
U019403,4,0,0.0
U019404,4,0,0.0
U019405,2,0,0.0
U019406,2,0,0.0
U019407,1,0,0.0
U019408,5,1,4734.7
U019409,2,0,0.0
U019410,2,0,0.0
U019411,5,0,0.0
U019412,2,0,0.0
U019413,2,0,0.0
U019414,3,0,0.0
U019415,4,0,0.0
U019416,1,0,0.0
U019417,5,1,2506.87
U019418,2,0,0.0
U019419,3,1,2131.55
U019420,2,0,0.0
U019421,3,0,0.0
U019422,3,0,0.0
U019423,2,0,0.0
U019424,3,0,0.0
U019425,1,0,0.0
U019426,1,0,0.0
U019427,3,1,3469.48
U019428,3,0,0.0
U019429,1,0,0.0
U019430,4,0,0.0
U019431,3,0,0.0
U019432,2,0,0.0
U019433,4,0,0.0
U019434,1,0,0.0
U019435,1,1,3169.54
U019436,1,0,0.0
U019437,1,0,0.0
U019438,1,1,2921.88
U019439,3,0,0.0
U019440,2,0,0.0
U019441,2,0,0.0
U019442,3,1,1982.94
U019443,2,0,0.0
U019444,4,0,0.0
U019445,3,1,1215.7
U019446,2,1,4876.65
U019447,1,0,0.0
U019448,1,0,0.0
U019449,5,1,2505.09
U019450,2,0,0.0
U019451,2,0,0.0
U019452,2,1,4001.15
U019453,2,0,0.0
U019454,2,0,0.0
U019455,2,0,0.0
U019456,2,1,2706.71
U019457,1,0,0.0
U019458,1,0,0.0
U019459,1,0,0.0
U019460,2,0,0.0
U019461,2,0,0.0
U019462,4,1,2930.72
U019463,2,0,0.0
U019464,1,0,0.0
U019465,4,0,0.0
U019466,1,0,0.0
U019467,1,0,0.0
U019468,3,1,3820.91
U019469,2,0,0.0
U019470,2,0,0.0
U019471,1,0,0.0
U019472,2,1,5455.56
U019473,2,0,0.0
U019474,2,0,0.0
U019475,5,0,0.0
U019476,1,0,0.0
U019477,1,0,0.0
U019478,5,1,1643.19
U019479,4,0,0.0
U019480,4,1,1254.24
U019481,3,1,4468.53
U019482,1,0,0.0
U019483,3,1,2004.63
U019484,3,0,0.0
U019485,2,0,0.0
U019486,1,0,0.0
U019487,1,0,0.0
U019488,3,0,0.0
U019489,1,0,0.0
U019490,2,0,0.0
U019491,5,0,0.0
U019492,2,0,0.0
U019493,1,0,0.0
U019494,2,0,0.0
U019495,4,0,0.0
U019496,5,0,0.0
U019497,2,0,0.0
U019498,3,0,0.0
U019499,2,0,0.0
U019500,1,0,0.0
U019501,1,0,0.0
U019502,1,0,0.0
U019503,5,0,0.0
U019504,2,0,0.0
U019505,1,1,2909.78
U019506,2,0,0.0
U019507,1,0,0.0
U019508,1,0,0.0
U019509,1,0,0.0
U019510,3,1,1378.0
U019511,3,0,0.0
U019512,1,0,0.0
U019513,2,0,0.0
U019514,3,0,0.0
U019515,1,0,0.0
U019516,2,0,0.0
U019517,1,0,0.0
U019518,1,0,0.0
U019519,2,0,0.0
U019520,2,0,0.0
U019521,2,0,0.0
U019522,4,1,5149.87
U019523,1,0,0.0
U019524,1,0,0.0
U019525,1,0,0.0
U019526,5,0,0.0
U019527,3,0,0.0
U019528,3,0,0.0
U019529,2,0,0.0
U019530,4,0,0.0
U019531,3,0,0.0
U019532,2,0,0.0
U019533,3,0,0.0
U019534,1,1,4872.87
U019535,3,1,2054.04
U019536,3,0,0.0
U019537,1,0,0.0
U019538,1,0,0.0
U019539,2,0,0.0
U019540,4,0,0.0
U019541,4,0,0.0
U019542,4,0,0.0
U019543,3,0,0.0
U019544,3,0,0.0
U019545,1,0,0.0
U019546,2,1,2700.15
U019547,1,0,0.0
U019548,1,1,4659.85
U019549,3,0,0.0
U019550,5,0,0.0
U019551,4,1,2167.06
U019552,2,0,0.0
U019553,1,0,0.0
U019554,5,0,0.0
U019555,2,0,0.0
U019556,1,0,0.0
U019557,5,0,0.0
U019558,3,0,0.0
U019559,3,1,3664.55
U019560,4,1,3609.91
U019561,1,0,0.0
U019562,2,0,0.0
U019563,1,0,0.0
U019564,2,1,2566.34
U019565,1,0,0.0
U019566,2,0,0.0
U019567,3,1,3337.01
U019568,5,0,0.0
U019569,5,0,0.0
U019570,1,0,0.0
U019571,2,0,0.0
U019572,2,0,0.0
U019573,1,0,0.0
U019574,2,0,0.0
U019575,5,0,0.0
U019576,1,0,0.0
U019577,2,1,2971.02
U019578,3,0,0.0
U019579,2,0,0.0
U019580,1,0,0.0
U019581,3,0,0.0
U019582,4,1,4447.24
U019583,5,0,0.0
U019584,4,0,0.0
U019585,3,0,0.0
U019586,3,0,0.0
U019587,1,0,0.0
U019588,4,1,1945.34
U019589,1,0,0.0
U019590,1,1,2354.73
U019591,4,0,0.0
U019592,2,0,0.0
U019593,3,0,0.0
U019594,3,0,0.0
U019595,3,0,0.0
U019596,2,0,0.0
U019597,1,1,2902.92
U019598,2,1,2681.7
U019599,1,0,0.0
U019600,5,0,0.0
U019601,3,1,4012.05
U019602,2,0,0.0
U019603,5,1,2852.77
U019604,5,0,0.0
U019605,3,0,0.0
U019606,3,1,1626.23
U019607,4,0,0.0
U019608,2,0,0.0
U019609,2,0,0.0
U019610,3,0,0.0
U019611,1,0,0.0
U019612,5,0,0.0
U019613,2,0,0.0
U019614,5,0,0.0
U019615,2,0,0.0
U019616,1,0,0.0
U019617,1,1,1725.42
U019618,1,0,0.0
U019619,1,0,0.0
U019620,3,0,0.0
U019621,1,0,0.0
U019622,2,1,1732.81
U019623,1,0,0.0
U019624,1,0,0.0
U019625,3,1,2485.94
U019626,1,0,0.0
U019627,2,0,0.0
U019628,1,0,0.0
U019629,3,1,4052.32
U019630,3,0,0.0
U019631,2,0,0.0
U019632,2,0,0.0
U019633,1,0,0.0
U019634,3,0,0.0
U019635,2,0,0.0
U019636,4,1,2133.43
U019637,2,0,0.0
U019638,1,0,0.0
U019639,1,0,0.0
U019640,1,0,0.0
U019641,2,0,0.0
U019642,1,0,0.0
U019643,3,0,0.0
U019644,2,0,0.0
U019645,2,1,6280.38
U019646,2,0,0.0
U019647,4,0,0.0
U019648,1,0,0.0
U019649,3,1,2688.89
U019650,4,1,6075.26
U019651,1,1,4548.77
U019652,1,0,0.0
U019653,4,0,0.0
U019654,2,0,0.0
U019655,1,0,0.0
U019656,4,1,1417.11
U019657,5,1,2763.2
U019658,4,1,2521.08
U019659,1,0,0.0
U019660,2,0,0.0
U019661,4,0,0.0
U019662,2,1,3752.57
U019663,2,1,2980.73
U019664,2,0,0.0
U019665,4,1,4003.39
U019666,1,0,0.0
U019667,3,0,0.0
U019668,2,0,0.0
U019669,2,0,0.0
U019670,4,1,3509.83
U019671,1,0,0.0
U019672,1,0,0.0
U019673,1,0,0.0
U019674,2,0,0.0
U019675,3,0,0.0
U019676,1,0,0.0
U019677,2,0,0.0
U019678,5,1,3468.64
U019679,4,0,0.0
U019680,2,0,0.0
U019681,5,0,0.0
U019682,2,0,0.0
U019683,1,0,0.0
U019684,1,0,0.0
U019685,1,0,0.0
U019686,3,0,0.0
U019687,2,0,0.0
U019688,1,0,0.0
U019689,3,1,3293.99
U019690,5,1,2690.25
U019691,4,1,3039.87
U019692,4,1,6289.12
U019693,1,1,3639.85
U019694,2,0,0.0
U019695,2,1,3044.28
U019696,2,0,0.0
U019697,4,0,0.0
U019698,3,0,0.0
U019699,1,0,0.0
U019700,4,0,0.0
U019701,5,1,3731.01
U019702,5,0,0.0
U019703,2,0,0.0
U019704,1,0,0.0
U019705,1,0,0.0
U019706,1,0,0.0
U019707,2,0,0.0
U019708,3,0,0.0
U019709,1,0,0.0
U019710,2,1,1747.32
U019711,5,0,0.0
U019712,2,1,1839.07
U019713,1,0,0.0
U019714,2,0,0.0
U019715,5,1,4037.68
U019716,1,0,0.0
U019717,2,0,0.0
U019718,1,0,0.0
U019719,1,0,0.0
U019720,2,0,0.0
U019721,3,0,0.0
U019722,1,0,0.0
U019723,4,0,0.0
U019724,1,0,0.0
U019725,1,0,0.0
U019726,2,0,0.0
U019727,3,0,0.0
U019728,3,0,0.0
U019729,1,0,0.0
U019730,4,1,2656.7
U019731,3,0,0.0
U019732,4,1,3830.94
U019733,1,0,0.0
U019734,1,0,0.0
U019735,2,1,1675.45
U019736,2,0,0.0
U019737,5,0,0.0
U019738,3,0,0.0
U019739,3,0,0.0
U019740,1,0,0.0
U019741,1,0,0.0
U019742,5,0,0.0
U019743,5,0,0.0
U019744,1,0,0.0
U019745,4,0,0.0
U019746,2,0,0.0
U019747,1,0,0.0
U019748,1,0,0.0
U019749,2,0,0.0
U019750,1,0,0.0
U019751,3,0,0.0
U019752,4,1,3080.16
U019753,2,0,0.0
U019754,3,0,0.0
U019755,2,0,0.0
U019756,2,0,0.0
U019757,1,0,0.0
U019758,2,0,0.0
U019759,2,1,2827.84
U019760,4,1,938.32
U019761,1,0,0.0
U019762,1,0,0.0
U019763,3,0,0.0
U019764,4,0,0.0
U019765,1,0,0.0
U019766,2,0,0.0
U019767,3,0,0.0
U019768,2,0,0.0
U019769,2,0,0.0
U019770,3,1,1530.97
U019771,1,0,0.0
U019772,3,0,0.0
U019773,2,0,0.0
U019774,2,0,0.0
U019775,2,0,0.0
U019776,3,0,0.0
U019777,1,0,0.0
U019778,2,0,0.0
U019779,5,1,2736.18
U019780,1,0,0.0
U019781,2,0,0.0
U019782,3,0,0.0
U019783,5,1,2943.29
U019784,3,0,0.0
U019785,2,0,0.0
U019786,5,0,0.0
U019787,1,0,0.0
U019788,3,0,0.0
U019789,1,0,0.0
U019790,2,0,0.0
U019791,1,0,0.0
U019792,1,0,0.0
U019793,3,0,0.0
U019794,3,1,4060.18
U019795,2,0,0.0
U019796,2,0,0.0
U019797,2,0,0.0
U019798,4,1,3781.35
U019799,2,0,0.0
U019800,4,0,0.0
U019801,2,0,0.0
U019802,2,0,0.0
U019803,3,0,0.0
U019804,3,1,5040.14
U019805,1,0,0.0
U019806,5,0,0.0
U019807,1,0,0.0
U019808,3,0,0.0
U019809,2,1,1930.89
U019810,2,0,0.0
U019811,1,0,0.0
U019812,3,1,3863.4
U019813,1,0,0.0
U019814,3,0,0.0
U019815,2,0,0.0
U019816,3,0,0.0
U019817,2,0,0.0
U019818,4,1,3324.95
U019819,3,0,0.0
U019820,1,0,0.0
U019821,5,1,2048.6
U019822,3,0,0.0
U019823,2,0,0.0
U019824,2,0,0.0
U019825,3,0,0.0
U019826,2,1,2960.05
U019827,1,0,0.0
U019828,3,0,0.0
U019829,1,1,2522.2
U019830,3,0,0.0
U019831,1,0,0.0
U019832,1,0,0.0
U019833,3,0,0.0
U019834,2,1,2295.32
U019835,2,0,0.0
U019836,3,0,0.0
U019837,5,0,0.0
U019838,4,0,0.0
U019839,2,0,0.0
U019840,1,0,0.0
U019841,2,0,0.0
U019842,1,0,0.0
U019843,1,1,1806.33
U019844,2,0,0.0
U019845,2,0,0.0
U019846,4,0,0.0
U019847,3,0,0.0
U019848,1,0,0.0
U019849,1,0,0.0
U019850,3,0,0.0
U019851,4,1,1627.34
U019852,2,0,0.0
U019853,1,0,0.0
U019854,1,0,0.0
U019855,1,0,0.0
U019856,3,0,0.0
U019857,1,0,0.0
U019858,2,0,0.0
U019859,2,0,0.0
U019860,4,0,0.0
U019861,2,0,0.0
U019862,2,0,0.0
U019863,4,0,0.0
U019864,1,0,0.0
U019865,3,0,0.0
U019866,3,0,0.0
U019867,1,0,0.0
U019868,5,0,0.0
U019869,1,0,0.0
U019870,1,0,0.0
U019871,2,0,0.0
U019872,5,0,0.0
U019873,2,0,0.0
U019874,2,0,0.0
U019875,1,0,0.0
U019876,2,0,0.0
U019877,3,0,0.0
U019878,1,0,0.0
U019879,4,1,3557.76
U019880,1,0,0.0
U019881,4,1,7709.71
U019882,3,0,0.0
U019883,3,0,0.0
U019884,1,0,0.0
U019885,1,0,0.0
U019886,5,1,7030.87
U019887,5,1,2909.27
U019888,1,0,0.0
U019889,2,0,0.0
U019890,5,0,0.0
U019891,2,0,0.0
U019892,2,0,0.0
U019893,3,1,3435.63
U019894,3,0,0.0
U019895,2,0,0.0
U019896,2,0,0.0
U019897,3,0,0.0
U019898,1,0,0.0
U019899,1,0,0.0
U019900,3,0,0.0
U019901,2,0,0.0
U019902,3,1,2092.12
U019903,3,0,0.0
U019904,3,0,0.0
U019905,1,0,0.0
U019906,1,0,0.0
U019907,1,0,0.0
U019908,3,0,0.0
U019909,2,0,0.0
U019910,5,0,0.0
U019911,3,1,3362.67
U019912,3,1,1625.03
U019913,3,0,0.0
U019914,4,1,4618.73
U019915,2,0,0.0
U019916,3,0,0.0
U019917,3,0,0.0
U019918,4,0,0.0
U019919,3,0,0.0
U019920,3,0,0.0
U019921,3,1,2081.74
U019922,3,0,0.0
U019923,2,0,0.0
U019924,5,1,2915.88
U019925,1,0,0.0
U019926,4,0,0.0
U019927,2,0,0.0
U019928,4,0,0.0
U019929,2,0,0.0
U019930,3,0,0.0
U019931,2,0,0.0
U019932,2,0,0.0
U019933,3,0,0.0
U019934,1,0,0.0
U019935,1,0,0.0
U019936,2,0,0.0
U019937,3,0,0.0
U019938,2,0,0.0
U019939,3,0,0.0
U019940,2,0,0.0
U019941,2,0,0.0
U019942,3,0,0.0
U019943,4,0,0.0
U019944,4,0,0.0
U019945,3,1,2571.82
U019946,4,0,0.0
U019947,2,0,0.0
U019948,1,0,0.0
U019949,2,0,0.0
U019950,2,1,3163.59
U019951,1,0,0.0
U019952,4,0,0.0
U019953,3,1,2394.29
U019954,4,0,0.0
U019955,1,0,0.0
U019956,5,0,0.0
U019957,4,0,0.0
U019958,2,0,0.0
U019959,3,0,0.0
U019960,2,0,0.0
U019961,5,1,1330.17
U019962,1,0,0.0
U019963,1,0,0.0
U019964,4,0,0.0
U019965,1,0,0.0
U019966,3,1,1000.23
U019967,2,0,0.0
U019968,2,0,0.0
U019969,1,0,0.0
U019970,1,0,0.0
U019971,1,0,0.0
U019972,2,0,0.0
U019973,3,0,0.0
U019974,2,0,0.0
U019975,1,0,0.0
U019976,1,0,0.0
U019977,3,0,0.0
U019978,3,0,0.0
U019979,1,1,2973.03
U019980,2,0,0.0
U019981,2,0,0.0
U019982,2,0,0.0
U019983,3,1,3475.77
U019984,3,0,0.0
U019985,3,0,0.0
U019986,2,0,0.0
U019987,1,1,3207.59
U019988,3,0,0.0
U019989,1,0,0.0
U019990,1,0,0.0
U019991,3,0,0.0
U019992,2,0,0.0
U019993,1,0,0.0
U019994,1,1,4600.59
U019995,2,0,0.0
U019996,1,0,0.0
U019997,3,0,0.0
U019998,4,0,0.0
U019999,1,0,0.0
